system:index,District,Farm_Area_ha,Farm_ID,LAI,NDVI,Organic_Carbon,Rainfall_mm,Relative_Humidity,Sampling_Method,Soil_Moisture,Soil_pH,Taluk,Temperature_C,Village,.geo
000000000000000001a6,Mandya,0.7355073748659654,MM-MD-0110,0.55,0.5786293836818991,15.0,511.23469845205545,77.08545684631996,ESA_WorldCover_Cropland,0.21873226605713475,6.3,Malavalli,23.69476690354693,Bheemanahalli,"{""type"":""Polygon"",""coordinates"":[[[76.9593590326433,12.43692643178424],[76.95908563615464,12.4368386837154],[76.95891887278682,12.436609667604849],[76.95892379569395,12.436328717397089],[76.95909847085879,12.436105370865192],[76.95937468039808,12.436026750784839],[76.95964482362379,12.436123503373832],[76.95980349842563,12.436357948519715],[76.95978881771856,12.43663859562951],[76.95960649549669,12.436856004134036],[76.9593590326433,12.43692643178424]]]}"
000000000000000001de,Mandya,0.7355073748662255,MM-MD-0645,0.55,0.5842192760620537,15.0,511.23469845205545,77.08545684631996,ESA_WorldCover_Cropland,0.22005380032538774,6.3,Malavalli,23.69476690354693,Bheemanahalli,"{""type"":""Polygon"",""coordinates"":[[[76.9593590326433,12.4364772799096],[76.95908563615464,12.436389532594818],[76.95891887278682,12.436160517660298],[76.95892379569395,12.43587956859182],[76.95909847085879,12.435656222718281],[76.9593746803981,12.435577602558661],[76.95964482362379,12.435674354361543],[76.95980349842563,12.435908798320918],[76.95978881771856,12.436189444306805],[76.95960649549669,12.436406852188316],[76.9593590326433,12.4364772799096]]]}"
000000000000000001fd,Mandya,0.7355073748653467,MM-MD-0991,0.55,0.5989250887546127,15.0,511.23469845205545,77.08545684631996,ESA_WorldCover_Cropland,0.21832876479398955,6.3,Malavalli,23.69476690354693,Bheemanahalli,"{""type"":""Polygon"",""coordinates"":[[[76.95944887534293,12.437106049852435],[76.95917547905543,12.437018301565287],[76.95900871581034,12.436789284984366],[76.95901363871383,12.436508419888035],[76.95918822584129,12.436285068676607],[76.9594645230862,12.436206452777428],[76.95973466611309,12.436303205601615],[76.95989334079817,12.436537565576423],[76.9598786601019,12.436818213222796],[76.9596963380142,12.437035622111912],[76.95944887534293,12.437106049852435]]]}"
000000000000000001ac,Mandya,0.7355073748658872,MM-MD-0166,0.6000000000000001,0.47783789332084237,12.000155917052131,511.23469845205545,77.08545684631996,ESA_WorldCover_Cropland,0.21850874085577746,6.259996881658956,Malavalli,23.69476690354693,Bheemanahalli,"{""type"":""Polygon"",""coordinates"":[[[76.97175573304976,12.437016251533317],[76.9714824522406,12.43692851907616],[76.97131570581709,12.436699502722764],[76.97132054032389,12.436418536512363],[76.97149519774065,12.436195256999463],[76.97177146711438,12.436116622925804],[76.97204158289,12.436213364726244],[76.972200241568,12.436447810777494],[76.97218556235272,12.436728384477343],[76.9720032586576,12.43694581179121],[76.97175573304976,12.437016251533317]]]}"
000000000000000001b1,Mandya,0.7355073748671876,MM-MD-0220,0.6000000000000001,0.33868347489388634,10.0,511.23469845205545,77.08545684631996,ESA_WorldCover_Cropland,0.22005389276676093,6.3,Malavalli,23.69476690354693,Bheemanahalli,"{""type"":""Polygon"",""coordinates"":[[[76.97193540012478,12.4364772365349],[76.9716620318185,12.436389500870922],[76.97149528564064,12.43616048592842],[76.97150020804031,12.435879525196253],[76.97167486519965,12.435656246205335],[76.97195113416619,12.435577611771908],[76.97222124954368,12.435674352470906],[76.97237990798783,12.435908797108256],[76.97236522879419,12.436189369633821],[76.97218292536776,12.436406796470374],[76.97193540012478,12.4364772365349]]]}"
000000000000000001c7,Mandya,0.735507374866493,MM-MD-0379,0.6000000000000001,0.43448859920021043,10.782183878176811,511.23469845205545,77.08545684631996,ESA_WorldCover_Cropland,0.21899473443484083,6.284356322436468,Malavalli,23.69476690354693,Bheemanahalli,"{""type"":""Polygon"",""coordinates"":[[[76.97175573304976,12.436836548976013],[76.9714824522406,12.436748816820295],[76.97131570581709,12.43651980093729],[76.97132054032389,12.436238920836312],[76.97149519774065,12.436015555933226],[76.97177146711438,12.435936921827984],[76.97204158289,12.436033748967711],[76.972200241568,12.436268108890772],[76.97218556235272,12.436548767795147],[76.9720032586576,12.436766109205585],[76.97175573304976,12.436836548976013]]]}"
000000000000000001f9,Mandya,0.7355073748665176,MM-MD-0956,0.6000000000000001,0.3246267023773185,10.0,511.23469845205545,77.08545684631996,ESA_WorldCover_Cropland,0.2202533551897421,6.3,Malavalli,23.69476690354693,Bheemanahalli,"{""type"":""Polygon"",""coordinates"":[[[76.97193540012478,12.436387385607516],[76.9716620318185,12.436299650094288],[76.97149528564064,12.43607063538699],[76.97150020804031,12.435789760536],[76.97167486519965,12.435566396023512],[76.97195113416619,12.435487761574297],[76.97222124954368,12.435584587769437],[76.97237990798783,12.43581894651619],[76.97236522879419,12.436099604470725],[76.97218292536776,12.43631694552883],[76.97193540012478,12.436387385607516]]]}"
000000000000000000e6,Mandya,0.7355073748663533,MM-MD-0181,0.6573020573566077,0.5489083009091845,10.0,551.5740271359682,76.20049410213744,ESA_WorldCover_Cropland,0.219643172954309,6.8,Maddur,24.173760171861204,Ankegowdanadoddi,"{""type"":""Polygon"",""coordinates"":[[[77.1243795568484,12.531608797457109],[77.12410609455644,12.531521109681993],[77.12393929541963,12.531292092595306],[77.12394412381896,12.531011175913637],[77.1241188239547,12.530787801087847],[77.1243951832462,12.530709236521881],[77.12466548448938,12.530805946945351],[77.1248242060779,12.531040404058476],[77.12480945762059,12.531321012893788],[77.12462712088798,12.531538358968053],[77.1243795568484,12.531608797457109]]]}"
00000000000000000116,Mandya,0.7355073748659438,MM-MD-0689,0.54364902072835,0.5606818050061326,10.0,551.5740271359682,76.20049410213744,ESA_WorldCover_Cropland,0.21945609749555656,6.102732609486213,Maddur,24.173760171861204,Ankegowdanadoddi,"{""type"":""Polygon"",""coordinates"":[[[77.11620482738586,12.531429190688796],[77.1159314342037,12.531341414032086],[77.11576462367026,12.531112397298076],[77.11576954019455,12.530831492799237],[77.11594416447171,12.530608126141287],[77.11622054264613,12.530529573636821],[77.11649077456437,12.53062628681241],[77.11664950699863,12.53086074313365],[77.11663484532797,12.531141347946592],[77.1164524961361,12.53135876726],[77.11620482738586,12.531429190688796]]]}"
000000000000000000f5,Mandya,0.7355073748661701,MM-MD-0391,0.6000000000000001,0.5936173793050878,10.0,551.5740271359682,76.20049410213744,ESA_WorldCover_Cropland,0.21978321146678273,6.8,Maddur,24.173760171861204,Ankegowdanadoddi,"{""type"":""Polygon"",""coordinates"":[[[77.11368956900036,12.531698674071158],[77.11341608227765,12.53161089035621],[77.11324935603655,12.531381962911947],[77.11325418486723,12.531100970020336],[77.1134289006099,12.530877610967819],[77.1137052845908,12.5307990622316],[77.11397552218655,12.530895778122774],[77.11413425795584,12.53113023504731],[77.11411950818085,12.531410833862754],[77.11393715515764,12.531628249765179],[77.11368956900036,12.531698674071158]]]}"
000000000000000002c0,Mandya,0.7355073748669136,MM-MD-0033,0.5962357770042093,0.433463467640997,10.0,642.029289484024,79.2359065731485,ESA_WorldCover_Cropland,0.21949684583128734,6.1,Pandavpura,23.198682727689093,Talasasana,"{""type"":""Polygon"",""coordinates"":[[[76.7488837765489,12.487591422589528],[76.74861035494193,12.487503672549398],[76.74844357187196,12.487274623453297],[76.74844841510046,12.486993737513117],[76.74862312343603,12.48677036320918],[76.74889945094179,12.48669179000022],[76.74916961376553,12.486788538950151],[76.74932829452699,12.48702292134588],[76.74931367688477,12.487303579174815],[76.7491313084462,12.487520922751525],[76.7488837765489,12.487591422589528]]]}"
0000000000000000000c,Mandya,0.735507374865775,MM-MD-0116,0.567749558533292,0.4917476254014236,10.0,711.2964332103729,82.67409021621668,ESA_WorldCover_Cropland,0.2563063682853041,6.376093279318587,Krishnarajpet,22.48683727987455,Laxmipura,"{""type"":""Polygon"",""coordinates"":[[[76.40617643275344,12.626650575625677],[76.40590289777174,12.626562815148882],[76.40573602172822,12.62633385379157],[76.40574096620662,12.626052865339386],[76.40591570042238,12.625829535751288],[76.4061921490779,12.625750960345645],[76.40646250488106,12.625847718760886],[76.40662125698408,12.626082169114573],[76.40660660023511,12.626362743188782],[76.40642418537915,12.62658019734901],[76.40617643275344,12.626650575625677]]]}"
0000000000000000003b,Mandya,0.7355073748654231,MM-MD-0583,0.5630219152471958,0.45555714837913075,10.0,711.2964332103729,82.67409021621668,ESA_WorldCover_Cropland,0.2541926243664765,6.35586830078937,Krishnarajpet,22.48683727987455,Laxmipura,"{""type"":""Polygon"",""coordinates"":[[[76.4063561108447,12.627009944722582],[76.40608257623747,12.626922183803467],[76.4059157004224,12.626693135868198],[76.4059205565999,12.626412227435994],[76.4060953788706,12.62618890162217],[76.40637182714762,12.626110326027412],[76.40664218258067,12.62620708491797],[76.40680093446633,12.626441450585308],[76.40678627773742,12.626722111361778],[76.40660386313121,12.626939480635253],[76.4063561108447,12.627009944722582]]]}"
00000000000000000006,Mandya,0.7355073748655123,MM-MD-0061,0.55,0.6147349383768322,10.0,711.2964332103729,82.67409021621668,ESA_WorldCover_Cropland,0.255989349155838,6.405857914416289,Krishnarajpet,22.48683727987455,Laxmipura,"{""type"":""Polygon"",""coordinates"":[[[76.40941042417158,12.626740461638393],[76.4091368076393,12.626652699489517],[76.40896993570833,12.626423652203057],[76.40897488006487,12.626142746046087],[76.40914960997446,12.62591941136053],[76.4094260518169,12.625840831093399],[76.40969640095695,12.625937586778141],[76.40985523743876,12.626171956510241],[76.40984049275957,12.626452615153381],[76.40965808239946,12.626669988810082],[76.40941042417158,12.626740461638393]]]}"
00000000000000000008,Mandya,0.7355073748664036,MM-MD-0066,0.55,0.5766978957446987,10.0,711.2964332103729,82.67409021621668,ESA_WorldCover_Cropland,0.2528185999802736,6.5,Krishnarajpet,22.48683727987455,Laxmipura,"{""type"":""Polygon"",""coordinates"":[[[76.40959009783444,12.627189585554026],[76.40931648167691,12.627101822810314],[76.40914960997446,12.626872859995341],[76.40915455432425,12.626591866907045],[76.40932928399452,12.626368531315624],[76.40960572545835,12.626289950879801],[76.40987607422811,12.626386707198527],[76.41003491049239,12.626621163762168],[76.41002016583337,12.626901738044529],[76.40983775572312,12.627119112574254],[76.40959009783444,12.627189585554026]]]}"
00000000000000000017,Mandya,0.7355073748661354,MM-MD-0234,0.55,0.5847131450714098,10.0,711.2964332103729,82.67409021621668,ESA_WorldCover_Cropland,0.2528183175212969,6.5,Krishnarajpet,22.48683727987455,Laxmipura,"{""type"":""Polygon"",""coordinates"":[[[76.40896128308388,12.627189615553478],[76.40868766561489,12.62710185221954],[76.40852079311263,12.626872803773072],[76.40852573748612,12.626591896933737],[76.40870046799387,12.626368562308894],[76.4089769107827,12.626289982822362],[76.40924726084832,12.62638673970303],[76.40940600958217,12.626621106027025],[76.40939135314426,12.626901769870363],[76.40920894215965,12.62711914342434],[76.40896128308388,12.627189615553478]]]}"
00000000000000000026,Mandya,0.7355073748671108,MM-MD-0354,0.55,0.5873553752064533,10.0,711.2964332103729,82.67409021621668,ESA_WorldCover_Cropland,0.25350695623074454,6.494899231248703,Krishnarajpet,22.48683727987455,Laxmipura,"{""type"":""Polygon"",""coordinates"":[[[76.4096798904278,12.627099752542986],[76.40940636274934,12.62701199458942],[76.4092394911612,12.626783032006397],[76.4092443472157,12.626502034501502],[76.40941907676638,12.626278698897995],[76.40969560633259,12.626200122858892],[76.40996595491713,12.626296878938392],[76.41012470278126,12.626531330720285],[76.41011004642367,12.626811909426047],[76.40992754814694,12.627029279423429],[76.4096798904278,12.627099752542986]]]}"
00000000000000000053,Mandya,0.7355073748667159,MM-MD-0823,0.55,0.5203860043168149,10.0,711.2964332103729,82.67409021621668,ESA_WorldCover_Cropland,0.25598986684143,6.322727744884185,Krishnarajpet,22.48683727987455,Laxmipura,"{""type"":""Polygon"",""coordinates"":[[[76.40806290800305,12.626740424202671],[76.40778937695345,12.626652665342869],[76.40762250330873,12.626423703720532],[76.40762735942309,12.626142708669603],[76.40780217942007,12.625919380608952],[76.40807862410155,12.625840802375903],[76.40834897601816,12.625937559264543],[76.40850772583894,12.626171924347696],[76.40849306930069,12.626452586184943],[76.40831065706713,12.626669957750648],[76.40806290800305,12.626740424202671]]]}"
00000000000000000059,Mandya,0.7355073748657104,MM-MD-0910,0.55,0.6110839523155287,10.0,711.2964332103729,82.67409021621668,ESA_WorldCover_Cropland,0.2554865982494735,6.4317579849389785,Krishnarajpet,22.48683727987455,Laxmipura,"{""type"":""Polygon"",""coordinates"":[[[76.40941042417158,12.626830214490889],[76.4091368076393,12.626742537831362],[76.40896993570833,12.626513490311362],[76.40897488006487,12.626232583931179],[76.40914960997446,12.626009249119665],[76.40942605181688,12.625930583231657],[76.40969640095695,12.626027424716725],[76.40985523743876,12.626261794684202],[76.40984049275957,12.6265424535474],[76.40965808239946,12.626759827322966],[76.40941042417158,12.626830214490889]]]}"
0000000000000000002a,Mandya,0.735507374866706,MM-MD-0397,0.6000000000000001,0.4980636661977417,10.0,711.2964332103729,82.67409021621668,ESA_WorldCover_Cropland,0.25281869415282804,6.412907749844171,Krishnarajpet,22.48683727987455,Laxmipura,"{""type"":""Polygon"",""coordinates"":[[[76.40429001868301,12.627189575927552],[76.40401647977026,12.627101812764813],[76.40384960132859,12.626872850038284],[76.40385445758253,12.626591857513445],[76.4040291943095,12.626368530070225],[76.40430564693811,12.626289957635981],[76.40457600662697,12.626386718690549],[76.40473484930665,12.626621089235567],[76.40472010405207,12.626901743813562],[76.40453768657432,12.627119110117846],[76.40429001868301,12.627189575927552]]]}"
0000000000000000005b,Mandya,0.7355073748661818,MM-MD-0921,0.6000000000000001,0.505768222736216,10.0,711.2964332103729,82.67409021621668,ESA_WorldCover_Cropland,0.2548738965732812,6.456489897678285,Krishnarajpet,22.48683727987455,Laxmipura,"{""type"":""Polygon"",""coordinates"":[[[76.40446969935657,12.626920084781023],[76.4041960725229,12.626832317689876],[76.4040291943095,12.626603355660762],[76.40403413885221,12.626322368187365],[76.40420887534002,12.626099040845622],[76.40448532759024,12.626020468078448],[76.40475568690906,12.626117228495607],[76.4049144410765,12.62635159379261],[76.40489978413694,12.626632252446466],[76.40471736690884,12.626849618673159],[76.40446969935657,12.626920084781023]]]}"
000000000000000002c1,Mandya,0.7355073748668484,MM-MD-0040,0.5340695317777898,0.591843948294879,10.0,642.029289484024,79.2359065731485,ESA_WorldCover_Cropland,0.21758972108364105,6.377830899547879,Pandavpura,23.198682727689093,Talasasana,"{""type"":""Polygon"",""coordinates"":[[[76.72193431251905,12.48327947169656],[76.72166092034296,12.483191708310583],[76.72149410150053,12.482962756375418],[76.7214990338454,12.482681825491346],[76.72167369157575,12.482458493724293],[76.72194999027403,12.482379869731751],[76.72222012297034,12.482476630535025],[76.72237883776967,12.482710999854062],[76.72236412891488,12.482991616004268],[76.72218180943442,12.483209002623438],[76.72193431251905,12.48327947169656]]]}"
000000000000000002c4,Mandya,0.7355073748660463,MM-MD-0077,0.6364075652083551,0.5729448521898931,10.0,642.029289484024,79.2359065731485,ESA_WorldCover_Cropland,0.21758972108364105,6.178738439156186,Pandavpura,23.198682727689093,Talasasana,"{""type"":""Polygon"",""coordinates"":[[[76.72687499867087,12.491993164238806],[76.72660161722867,12.491905390705629],[76.72643480493566,12.491676415917096],[76.72643973708688,12.491395458379007],[76.72661438796003,12.491172106553341],[76.72689067581031,12.49109347692198],[76.72716088597396,12.491190253093569],[76.72731959454134,12.491424645727536],[76.72730488626411,12.491705288436739],[76.72712257394238,12.491922694498296],[76.72687499867087,12.491993164238806]]]}"
000000000000000002d0,Mandya,0.7355073748666584,MM-MD-0172,0.6895874467421802,0.454964627548384,10.0,642.029289484024,79.2359065731485,ESA_WorldCover_Cropland,0.21758972108364105,6.2,Pandavpura,23.198682727689093,Talasasana,"{""type"":""Polygon"",""coordinates"":[[[76.72552755004374,12.49612541319583],[76.72525416567349,12.496037631427377],[76.72508735159391,12.49580864584199],[76.72509219572288,12.4955276747663],[76.72526693654164,12.495304323396729],[76.72554322735108,12.495225782212918],[76.72581344040891,12.495322481223258],[76.72597215067624,12.495556884674203],[76.72595744224147,12.495837536330106],[76.72577512796698,12.496054945979147],[76.72552755004374,12.49612541319583]]]}"
000000000000000002d2,Mandya,0.7355073748657209,MM-MD-0193,0.6170425023381486,0.5352112453923838,10.0,642.029289484024,79.2359065731485,ESA_WorldCover_Cropland,0.21758972108364105,6.170965395406836,Pandavpura,23.198682727689093,Talasasana,"{""type"":""Polygon"",""coordinates"":[[[76.72507836793605,12.492621907244155],[76.72480498258982,12.492534216608428],[76.72463816791472,12.492305240191156],[76.72464310013638,12.492024282763241],[76.72481775350356,12.491800932742592],[76.72509404529936,12.49172230590746],[76.72536425932186,12.491819084776406],[76.72552297015584,12.492053478956512],[76.72550826166854,12.492334121457402],[76.72532594674317,12.492551525638138],[76.72507836793605,12.492621907244155]]]}"
000000000000000002d5,Mandya,0.735507374865757,MM-MD-0248,0.5135782581583873,0.4148971366968462,10.0,642.029289484024,79.2359065731485,ESA_WorldCover_Cropland,0.21758972108364105,6.1,Pandavpura,23.198682727689093,Talasasana,"{""type"":""Polygon"",""coordinates"":[[[76.73109709878139,12.484267635729612],[76.73082372651703,12.484179879174606],[76.73065691982403,12.48395083894101],[76.73066185180969,12.483669896912094],[76.73083649681968,12.483446635504503],[76.73111277539451,12.483367998081459],[76.73138297648644,12.483464756910752],[76.73154167972541,12.483699129419854],[76.73152697194197,12.483979757068905],[76.73134466574115,12.484197159007248],[76.73109709878139,12.484267635729612]]]}"
000000000000000002d8,Mandya,0.7355073748655153,MM-MD-0264,0.5938117011327037,0.4494876680552894,10.0,642.029289484024,79.2359065731485,ESA_WorldCover_Cropland,0.21758972108364105,6.2,Pandavpura,23.198682727689093,Talasasana,"{""type"":""Polygon"",""coordinates"":[[[76.73181575499153,12.495945736977653],[76.73154229621929,12.495857956967308],[76.73137557855033,12.495628976183614],[76.73138042243713,12.495347999627857],[76.73155506644893,12.49512472026351],[76.73183143151503,12.495046088444337],[76.7321016310624,12.495142867202727],[76.73226033339412,12.495377270573746],[76.73224562569477,12.495657842352202],[76.7320633205361,12.49587526134503],[76.73181575499153,12.495945736977653]]]}"
000000000000000002d9,Mandya,0.7355073748650086,MM-MD-0268,0.5135957391530265,0.593337883449539,10.0,642.029289484024,79.2359065731485,ESA_WorldCover_Cropland,0.21758972108364105,6.1,Pandavpura,23.198682727689093,Talasasana,"{""type"":""Polygon"",""coordinates"":[[[76.74052939873775,12.4877710791449],[76.74025595892962,12.487683321042557],[76.74008925282209,12.48745427593088],[76.74009409637297,12.487173397408517],[76.74026881633814,12.486950035453496],[76.7405450741741,12.486871384690408],[76.74081525498268,12.486968226975817],[76.74097394630786,12.487202609325152],[76.7409593276925,12.487483173744495],[76.7407769471133,12.48770059046772],[76.74052939873775,12.4877710791449]]]}"
000000000000000002e0,Mandya,0.7355073748665402,MM-MD-0311,0.4976408231136977,0.5787917121518922,10.0,642.029289484024,79.2359065731485,ESA_WorldCover_Cropland,0.21758972108364105,6.102551444606119,Pandavpura,23.198682727689093,Talasasana,"{""type"":""Polygon"",""coordinates"":[[[76.73091743408698,12.483369321624469],[76.73064406143197,12.48328156642141],[76.73047725450063,12.483052528541885],[76.73048218649332,12.482771588950357],[76.73065683175287,12.482548329112987],[76.73093311072249,12.482469691781603],[76.73120331220056,12.48256644918726],[76.73136201566632,12.482800819313173],[76.73134730786188,12.483081444548588],[76.73116500140051,12.483298844984313],[76.73091743408698,12.483369321624469]]]}"
000000000000000002e1,Mandya,0.7355073748658727,MM-MD-0316,0.6017511041829056,0.5142788287668637,10.0,642.029289484024,79.2359065731485,ESA_WorldCover_Cropland,0.21758972108364105,6.1,Pandavpura,23.198682727689093,Talasasana,"{""type"":""Polygon"",""coordinates"":[[[76.73837347921638,12.493969432811696],[76.7381000347143,12.493881662234417],[76.73793323767902,12.493652682175744],[76.73793816937913,12.493371708803158],[76.73811280427755,12.493148422392755],[76.73838915492179,12.493069780428582],[76.73865934036856,12.493166549903401],[76.73881803441806,12.493400948470905],[76.73880332748628,12.49368160743338],[76.73862103184155,12.493898948090687],[76.73837347921638,12.493969432811696]]]}"
000000000000000002e3,Mandya,0.7355073748663528,MM-MD-0364,0.6888958170953501,0.6360088936079966,10.0,642.029289484024,79.2359065731485,ESA_WorldCover_Cropland,0.21758972108364105,6.3,Pandavpura,23.198682727689093,Talasasana,"{""type"":""Polygon"",""coordinates"":[[[76.73424118936835,12.494777930238744],[76.73396782394157,12.494690158841376],[76.73380102142063,12.494461176703615],[76.73380586521397,12.494180200804916],[76.73398059392481,12.493956923850199],[76.73425686558934,12.493878283807101],[76.7345270599228,12.49397505836273],[76.73468575919203,12.494209458805093],[76.73467113984486,12.494490034457076],[76.73448875013577,12.494707451167633],[76.73424118936835,12.494777930238744]]]}"
000000000000000002e9,Mandya,0.7355073748659909,MM-MD-0406,0.5512470771628993,0.6819210864719978,10.0,642.029289484024,79.2359065731485,ESA_WorldCover_Cropland,0.21758972108364105,6.299064692127831,Pandavpura,23.198682727689093,Talasasana,"{""type"":""Polygon"",""coordinates"":[[[76.72328179962318,12.486154042051712],[76.7230083222974,12.486066356290562],[76.72284159331734,12.485837315580397],[76.72284643753278,12.48555637178057],[76.72302109339348,12.485333033821465],[76.723297389134,12.48525440838896],[76.72356760701459,12.485351177452824],[76.72372632011466,12.485585640070845],[76.72371161141736,12.48586626470668],[76.72352929388884,12.486083657310637],[76.72328179962318,12.486154042051712]]]}"
000000000000000002ec,Mandya,0.7355073748656852,MM-MD-0438,0.563018965965186,0.5306740866847458,10.0,642.029289484024,79.2359065731485,ESA_WorldCover_Cropland,0.21758972108364105,6.147087555209154,Pandavpura,23.198682727689093,Talasasana,"{""type"":""Polygon"",""coordinates"":[[[76.74223624851838,12.49343045915229],[76.74196281242736,12.493342693074757],[76.74179602052259,12.493113714393157],[76.74180086400762,12.492832734354511],[76.74197558159784,12.492609447275102],[76.74225192374162,12.492530799459134],[76.74252210087728,12.492627564566366],[76.7426807900451,12.49286196195253],[76.74266608356574,12.49314262338142],[76.74248379352869,12.49335996918876],[76.74223624851838,12.49343045915229]]]}"
000000000000000002ed,Mandya,0.7355073748666705,MM-MD-0439,0.5502286189338043,0.39928529668838914,10.0,642.029289484024,79.2359065731485,ESA_WorldCover_Cropland,0.21758972108364105,6.160464512106419,Pandavpura,23.198682727689093,Talasasana,"{""type"":""Polygon"",""coordinates"":[[[76.72507836793605,12.487501513314655],[76.72480498258982,12.48741383133114],[76.72463816791472,12.487184782688223],[76.72464310013638,12.48690383817834],[76.72481775350356,12.486680495557756],[76.72509404529936,12.486601953341577],[76.72536425932186,12.486698723190775],[76.72552297015584,12.486933103857218],[76.72550826166854,12.487213733619212],[76.72532594674317,12.487431130804348],[76.72507836793605,12.487501513314655]]]}"
000000000000000002ee,Mandya,0.7355073748663703,MM-MD-0442,0.5030943102104442,0.5916055466458825,10.0,642.029289484024,79.2359065731485,ESA_WorldCover_Cropland,0.21758972108364105,6.100935307872181,Pandavpura,23.198682727689093,Talasasana,"{""type"":""Polygon"",""coordinates"":[[[76.73783442750404,12.487591356376678],[76.73756106989484,12.48750368608562],[76.73739427214392,12.487274637087399],[76.73739920386518,12.486993680312503],[76.73757383951289,12.486770403931525],[76.73785010327674,12.486691757140228],[76.73812028988301,12.486788515864578],[76.73827907267939,12.48702290195264],[76.7382643656845,12.48730354451719],[76.7380819811916,12.487520956887211],[76.73783442750404,12.487591356376678]]]}"
000000000000000002f3,Mandya,0.7355073748673026,MM-MD-0485,0.5002234230489452,0.6012724892738758,10.0,642.029289484024,79.2359065731485,ESA_WorldCover_Cropland,0.21758972108364105,6.3,Pandavpura,23.198682727689093,Talasasana,"{""type"":""Polygon"",""coordinates"":[[[76.7364870082708,12.490645663935124],[76.73621355966243,12.490557897220883],[76.73604676012245,12.49032892587186],[76.7360516918966,12.490047962661928],[76.73622632941746,12.489824598270573],[76.73650268421164,12.489746044091953],[76.73677287371589,12.48984280938569],[76.73693157014864,12.490077199067388],[76.73691686299598,12.490357847903251],[76.73673456461358,12.49057518114665],[76.7364870082708,12.490645663935124]]]}"
000000000000000002f4,Mandya,0.7355073748654252,MM-MD-0497,0.5341283450246815,0.5758384947390682,10.0,642.029289484024,79.2359065731485,ESA_WorldCover_Cropland,0.21758972108364105,6.166942062873473,Pandavpura,23.198682727689093,Talasasana,"{""type"":""Polygon"",""coordinates"":[[[76.73109709878139,12.488040548409394],[76.73082372651703,12.487952785476855],[76.73065691982403,12.48772382099201],[76.73066176373851,12.487442865055804],[76.73083649681968,12.487219516952461],[76.73111277539451,12.487140880266926],[76.73138297648644,12.487237645741796],[76.73154167972541,12.487472113837104],[76.73152697194197,12.487752665250255],[76.73134466574115,12.487970072347652],[76.73109709878139,12.488040548409394]]]}"
000000000000000002fd,Mandya,0.7355073748654689,MM-MD-0553,0.6364094570018187,0.5662794245455254,10.0,642.029289484024,79.2359065731485,ESA_WorldCover_Cropland,0.21758972108364105,6.141293842556512,Pandavpura,23.198682727689093,Talasasana,"{""type"":""Polygon"",""coordinates"":[[[76.72714450427912,12.491993146295938],[76.72687112342261,12.491905373013052],[76.726704311487,12.491676398222122],[76.72670924362765,12.491395440429656],[76.72688389412663,12.491172088196992],[76.72716018138496,12.491093543792852],[76.7274303909697,12.491190234097798],[76.72758909919705,12.491424712377182],[76.72757439095132,12.49170526972368],[76.7273920790202,12.491922676196152],[76.72714450427912,12.491993146295938]]]}"
00000000000000000300,Mandya,0.7355073748670203,MM-MD-0608,0.6012756560145498,0.46375432168787184,10.0,642.029289484024,79.2359065731485,ESA_WorldCover_Cropland,0.21758972108364105,6.2,Pandavpura,23.198682727689093,Talasasana,"{""type"":""Polygon"",""coordinates"":[[[76.7266054924852,12.492532130032734],[76.72633211045734,12.492444355338332],[76.72616529780696,12.492215379142236],[76.72617022996876,12.491934420499193],[76.72634488121605,12.491711068301859],[76.72662116965824,12.49163252480562],[76.72689138040079,12.491729216536516],[76.72705008930822,12.491963696204406],[76.72703546907317,12.49224425874711],[76.72685306828714,12.492461660746278],[76.7266054924852,12.492532130032734]]]}"
00000000000000000301,Mandya,0.7355073748674559,MM-MD-0625,0.5487242776969443,0.5441038586502371,10.0,642.029289484024,79.2359065731485,ESA_WorldCover_Cropland,0.21758972108364105,6.1,Pandavpura,23.198682727689093,Talasasana,"{""type"":""Polygon"",""coordinates"":[[[76.7408887003823,12.48831000974782],[76.74061534942078,12.488222255449694],[76.74044855572605,12.48799329017273],[76.74045348732737,12.487712328703642],[76.7406281187283,12.487489046674966],[76.74090437577378,12.487410395482677],[76.74117464387307,12.48750715715101],[76.74133333474403,12.487741540944944],[76.74131862810682,12.488022188308026],[76.74113633611334,12.488239610696748],[76.7408887003823,12.48831000974782]]]}"
00000000000000000303,Mandya,0.7355073748656183,MM-MD-0664,0.5997713810661964,0.488800988395129,10.0,642.029289484024,79.2359065731485,ESA_WorldCover_Cropland,0.21758972108364105,6.2,Pandavpura,23.198682727689093,Talasasana,"{""type"":""Polygon"",""coordinates"":[[[76.73226491303667,12.495855844979015],[76.73199145524147,12.49576815117109],[76.73182473816817,12.495539170618166],[76.73182958203766,12.495258193865167],[76.7320042254255,12.49503482831975],[76.73228058950417,12.494956281447077],[76.7325507880861,12.49505305964975],[76.73270948985076,12.495287462811964],[76.73269478220396,12.495568034809994],[76.73251247769669,12.495785454365041],[76.73226491303667,12.495855844979015]]]}"
00000000000000000305,Mandya,0.7355073748670599,MM-MD-0671,0.5625253312548713,0.6350271716544049,10.0,642.029289484024,79.2359065731485,ESA_WorldCover_Cropland,0.21758972108364105,6.1,Pandavpura,23.198682727689093,Talasasana,"{""type"":""Polygon"",""coordinates"":[[[76.72633598572217,12.498191512980284],[76.72606260310862,12.498103728471584],[76.7258957901009,12.497874737476046],[76.72590072227328,12.497593850451008],[76.72607537389473,12.497370490487905],[76.72635166292879,12.497291862876738],[76.72662187425024,12.497388650440273],[76.72678058349769,12.49762305939142],[76.72676596323132,12.497903635737439],[76.7265835620545,12.498121045049668],[76.72633598572217,12.498191512980284]]]}"
00000000000000000307,Mandya,0.7355073748674716,MM-MD-0685,0.718429803595552,0.5947537933010423,10.0,642.029289484024,79.2359065731485,ESA_WorldCover_Cropland,0.21758972108364105,6.1,Pandavpura,23.198682727689093,Talasasana,"{""type"":""Polygon"",""coordinates"":[[[76.72409024973048,12.496125365533533],[76.72381686223747,12.49603766806098],[76.72365004625249,12.495808682488375],[76.72365497851287,12.495527717159048],[76.72382963325148,12.49530436357123],[76.7241059272169,12.49522573889528],[76.72437614336137,12.495322524808897],[76.72453485544169,12.49555692816968],[76.72452014683888,12.495837578407663],[76.72433783048179,12.496054985864612],[76.72409024973048,12.496125365533533]]]}"
00000000000000000308,Mandya,0.7355073748664337,MM-MD-0688,0.5565646594274432,0.529288370734764,10.0,642.029289484024,79.2359065731485,ESA_WorldCover_Cropland,0.21758972108364105,6.134124798669932,Pandavpura,23.198682727689093,Talasasana,"{""type"":""Polygon"",""coordinates"":[[[76.72615640230039,12.49765249305135],[76.72588293122207,12.497564790529598],[76.72571620605078,12.497335805334655],[76.72572105015554,12.497054829815147],[76.7258957020264,12.496831470901558],[76.72617207952938,12.496752933473317],[76.72644220316242,12.496849630225272],[76.72660091263654,12.497084037743605],[76.72658629234931,12.497364698205718],[76.72640397898614,12.497582110898147],[76.72615640230039,12.49765249305135]]]}"
0000000000000000030a,Mandya,0.7355073748658647,MM-MD-0708,0.5502234114407439,0.5468723366883739,10.0,642.029289484024,79.2359065731485,ESA_WorldCover_Cropland,0.21758972108364105,6.121265651789891,Pandavpura,23.198682727689093,Talasasana,"{""type"":""Polygon"",""coordinates"":[[[76.7455599684902,12.492442248836548],[76.74528653963966,12.492354573150509],[76.74511975215133,12.492125511391455],[76.74512468356916,12.491844620727193],[76.74529930847203,12.491621240044315],[76.74557564329837,12.491542672725272],[76.7458458132796,12.49163943315198],[76.74600458630556,12.491873832518511],[76.74598988021566,12.492154494764652],[76.74580750694543,12.492371839905637],[76.7455599684902,12.492442248836548]]]}"
0000000000000000030e,Mandya,0.7355073748660681,MM-MD-0741,0.5577860334614988,0.6454349005688522,10.0,642.029289484024,79.2359065731485,ESA_WorldCover_Cropland,0.21758972108364105,6.2,Pandavpura,23.198682727689093,Talasasana,"{""type"":""Polygon"",""coordinates"":[[[76.74627863001308,12.491903306165486],[76.74600520272845,12.49181554642314],[76.74583841619528,12.49158657170177],[76.7458433475849,12.491305596085564],[76.7460179714877,12.491082300730962],[76.74629430473146,12.491003646604334],[76.74656447316538,12.49110040544657],[76.74672324528198,12.491334803435485],[76.7467085392763,12.49161546504885],[76.74652616705059,12.491832896182792],[76.74627863001308,12.491903306165486]]]}"
00000000000000000310,Mandya,0.7355073748666394,MM-MD-0764,0.5020808437678599,0.5105608007146327,10.0,642.029289484024,79.2359065731485,ESA_WorldCover_Cropland,0.21758972108364105,6.2,Pandavpura,23.198682727689093,Talasasana,"{""type"":""Polygon"",""coordinates"":[[[76.73621752269,12.487591388190296],[76.73594407349512,12.487503626387317],[76.73577727359739,12.487274663031656],[76.73578220538212,12.486993707782077],[76.73595684327752,12.486770348213986],[76.73623319866445,12.486691793836444],[76.73650338874826,12.48678855399113],[76.73666208552139,12.487022935596322],[76.73664737833721,12.487303576567026],[76.73646507956377,12.487520990854769],[76.73621752269,12.487591388190296]]]}"
00000000000000000312,Mandya,0.7355073748666113,MM-MD-0786,0.5356560145492335,0.6441618119724682,10.0,642.029289484024,79.2359065731485,ESA_WorldCover_Cropland,0.21758972108364105,6.2,Pandavpura,23.198682727689093,Talasasana,"{""type"":""Polygon"",""coordinates"":[[[76.7364870082708,12.488489682587614],[76.73621355966243,12.48840191951675],[76.73604676012245,12.48817295380824],[76.7360516918966,12.487891996037707],[76.73622632941746,12.48766872039173],[76.73650268421164,12.48759008016173],[76.73677287371589,12.487686841659693],[76.73693157014864,12.487921225652425],[76.73691686299598,12.488201869124147],[76.73673456461358,12.488419285050806],[76.7364870082708,12.488489682587614]]]}"
00000000000000000314,Mandya,0.7355073748668072,MM-MD-0820,0.6391573150457183,0.6052656971668045,10.0,642.029289484024,79.2359065731485,ESA_WorldCover_Cropland,0.21758972108364105,6.1,Pandavpura,23.198682727689093,Talasasana,"{""type"":""Polygon"",""coordinates"":[[[76.7285818577708,12.496484674663972],[76.72830839196553,12.496396976369946],[76.72814158193596,12.496167989817788],[76.72814651402027,12.495887019342323],[76.72832116252361,12.495663658451146],[76.72859744662489,12.49558511279459],[76.72886765312188,12.495681809732721],[76.72902644760792,12.495916218710954],[76.72901173953029,12.496196874273098],[76.72882942968268,12.496414289070616],[76.7285818577708,12.496484674663972]]]}"
00000000000000000316,Mandya,0.735507374866655,MM-MD-0842,0.5028736229474122,0.4628533753890744,10.0,642.029289484024,79.2359065731485,ESA_WorldCover_Cropland,0.21758972108364105,6.1,Pandavpura,23.198682727689093,Talasasana,"{""type"":""Polygon"",""coordinates"":[[[76.73100726646626,12.483728615737618],[76.73073389400659,12.483640860010494],[76.73056708719443,12.48341190681237],[76.73057201918358,12.483130966228766],[76.73074666431836,12.482907620113288],[76.7310229430906,12.482828982718523],[76.73129314437558,12.482925740677702],[76.73145184772795,12.483160197381164],[76.73143713993403,12.483440823599915],[76.7312548336029,12.483658224664161],[76.73100726646626,12.483728615737618]]]}"
00000000000000000317,Mandya,0.7355073748673516,MM-MD-0844,0.6058297828120133,0.565607418768709,10.0,642.029289484024,79.2359065731485,ESA_WorldCover_Cropland,0.21758972108364105,6.3,Pandavpura,23.198682727689093,Talasasana,"{""type"":""Polygon"",""coordinates"":[[[76.73451067918771,12.492172808015756],[76.73423731434711,12.49208504126977],[76.73407051218386,12.491856065943216],[76.73407535596681,12.491575096360936],[76.73425008430297,12.491351737130348],[76.73452635537508,12.491273181806811],[76.73479654912911,12.491369951537918],[76.73495524805803,12.491604345125099],[76.73494062874222,12.4918850001959],[76.73475823942424,12.492102328128666],[76.73451067918771,12.492172808015756]]]}"
00000000000000000318,Mandya,0.7355073748665529,MM-MD-0855,0.7298763379403512,0.58880551912822,10.0,642.029289484024,79.2359065731485,ESA_WorldCover_Cropland,0.21758972108364105,6.1212667567286685,Pandavpura,23.198682727689093,Talasasana,"{""type"":""Polygon"",""coordinates"":[[[76.72471902109531,12.49289145775745],[76.72444563496835,12.492803680703805],[76.72427890789251,12.492574707973594],[76.72428375205261,12.492293745816623],[76.72445840591855,12.49207039594948],[76.7247346985034,12.491991855330047],[76.72500491329762,12.492088549363451],[76.72516362458488,12.49232294423193],[76.7251490041306,12.492603591436898],[76.7249666006095,12.492820991049218],[76.72471902109531,12.49289145775745]]]}"
0000000000000000031c,Mandya,0.7355073748664556,MM-MD-0893,0.6469060113264399,0.5884068471874897,10.0,642.029289484024,79.2359065731485,ESA_WorldCover_Cropland,0.21758972108364105,6.2,Pandavpura,23.198682727689093,Talasasana,"{""type"":""Polygon"",""coordinates"":[[[76.72651565696168,12.491813424733067],[76.72624227473858,12.491725736798372],[76.7260754619691,12.491496762483129],[76.72608039413441,12.49121580573742],[76.72625504550643,12.490992454714032],[76.7265313341459,12.490913825581954],[76.72680154508143,12.491010601755109],[76.7269602541022,12.491244993892412],[76.7269456338567,12.491525640187659],[76.72676323294043,12.491743041068514],[76.72651565696168,12.491813424733067]]]}"
0000000000000000031e,Mandya,0.7355073748663523,MM-MD-0904,0.6731164917385435,0.6741150210654873,10.0,642.029289484024,79.2359065731485,ESA_WorldCover_Cropland,0.21758972108364105,6.1894523537358355,Pandavpura,23.198682727689093,Talasasana,"{""type"":""Polygon"",""coordinates"":[[[76.73711580571144,12.492442250254623],[76.73684235847166,12.492354566720705],[76.73667564783345,12.492125509418893],[76.73668049151597,12.491844622331582],[76.73685521622961,12.491621258777588],[76.7371314815738,12.491542699633104],[76.73740166972574,12.491639467533197],[76.73756036536415,12.49187386199417],[76.73754574635146,12.492154434670768],[76.73736336081517,12.492371852574543],[76.73711580571144,12.492442250254623]]]}"
00000000000000000322,Mandya,0.7355073748659033,MM-MD-0952,0.5251558927457908,0.7292882067580532,10.0,642.029289484024,79.2359065731485,ESA_WorldCover_Cropland,0.21758972108364105,6.0,Pandavpura,23.198682727689093,Talasasana,"{""type"":""Polygon"",""coordinates"":[[[76.72157495670098,12.496574564997179],[76.72130156374442,12.496486778797752],[76.72113474442575,12.49625779207326],[76.72113967678472,12.495976827986901],[76.72131433501367,12.495753563180788],[76.72159063450071,12.495674942336324],[76.72186085604554,12.495771645637385],[76.72201957129786,12.49600605002469],[76.7220048624011,12.496286698897338],[76.72182254240026,12.496504103130597],[76.72157495670098,12.496574564997179]]]}"
000000000000000002be,Mandya,0.7355073748655023,MM-MD-0010,0.5,0.608237806894576,10.0,642.029289484024,79.2359065731485,ESA_WorldCover_Cropland,0.21758972108364105,6.148940039488731,Pandavpura,23.198682727689093,Talasasana,"{""type"":""Polygon"",""coordinates"":[[[76.72516820448587,12.497472820331547],[76.72489481933482,12.497385121584628],[76.72472800477884,12.497156132478498],[76.72473293699697,12.496875162734526],[76.72490759023947,12.496651805572977],[76.72518388183798,12.496573265189985],[76.72545409566757,12.496669966890233],[76.7256128063882,12.496904373872772],[76.72559809791142,12.497185028524035],[76.72541578311622,12.49740243946407],[76.72516820448587,12.497472820331547]]]}"
000000000000000002bf,Mandya,0.7355073748665508,MM-MD-0020,0.5,0.5964379407544644,10.0,642.029289484024,79.2359065731485,ESA_WorldCover_Cropland,0.21758972108364105,6.0,Pandavpura,23.198682727689093,Talasasana,"{""type"":""Polygon"",""coordinates"":[[[76.73936157322788,12.485884559951357],[76.73908821894226,12.485796808333385],[76.73892142321924,12.485567849416173],[76.73892635488055,12.485286895508278],[76.73910098840506,12.4850635336639],[76.73937724881,12.484984969896418],[76.73964743213116,12.485081724264875],[76.73980612493214,12.485316101562336],[76.73979150618085,12.48559674576464],[76.73960912390555,12.48581415812847],[76.73936157322788,12.485884559951357]]]}"
000000000000000002c2,Mandya,0.735507374865798,MM-MD-0045,0.5,0.5584741850085166,10.0,642.029289484024,79.2359065731485,ESA_WorldCover_Cropland,0.21758972108364105,6.165253312548717,Pandavpura,23.198682727689093,Talasasana,"{""type"":""Polygon"",""coordinates"":[[[76.73154625939415,12.499449148905828],[76.7312728000357,12.499361362725661],[76.73110608200936,12.49913237278542],[76.73111092590653,12.498851473286987],[76.73128557029273,12.49862810363857],[76.73156193595125,12.498549558544441],[76.73183213607784,12.498646258073016],[76.73199083874981,12.498880670665875],[76.73197613101891,12.499161336520329],[76.73179382546942,12.499378674248529],[76.73154625939415,12.499449148905828]]]}"
000000000000000002c5,Mandya,0.7355073748664661,MM-MD-0081,0.5,0.6705337833309859,10.0,642.029289484024,79.2359065731485,ESA_WorldCover_Cropland,0.21758972108364105,6.2,Pandavpura,23.198682727689093,Talasasana,"{""type"":""Polygon"",""coordinates"":[[[76.73280390057242,12.498011815794863],[76.73253044394973,12.497924118847044],[76.73236372759123,12.497695132652677],[76.73236857143995,12.497414149955585],[76.732543214079,12.497190866117172],[76.7328195769727,12.497112233233455],[76.73308977439603,12.49720901475387],[76.73324847548018,12.497443423635387],[76.73323376789645,12.497724001522757],[76.73305146417088,12.497941424842896],[76.73280390057242,12.498011815794863]]]}"
000000000000000002c8,Mandya,0.7355073748658151,MM-MD-0107,0.5,0.38832134931513795,10.0,642.029289484024,79.2359065731485,ESA_WorldCover_Cropland,0.21758972108364105,6.158706157443491,Pandavpura,23.198682727689093,Talasasana,"{""type"":""Polygon"",""coordinates"":[[[76.73334288579699,12.486243895739008],[76.73306951841637,12.486156137927653],[76.73290271470329,12.485927178124172],[76.73290755853122,12.485646224604166],[76.73308228849089,12.485422875707354],[76.73335856213006,12.485344320956678],[76.73362875839474,12.485441081281051],[76.73378745879833,12.485675459149098],[76.73377275127768,12.485956093932177],[76.73359044833389,12.486173501996271],[76.73334288579699,12.486243895739008]]]}"
000000000000000002da,Mandya,0.7355073748669226,MM-MD-0272,0.5,0.6124029418584366,10.0,642.029289484024,79.2359065731485,ESA_WorldCover_Cropland,0.21758972108364105,6.2,Pandavpura,23.198682727689093,Talasasana,"{""type"":""Polygon"",""coordinates"":[[[76.733702207996,12.496844060224518],[76.73342875332767,12.496756280449645],[76.73326203816065,12.496527297300359],[76.73326688197474,12.496246316700198],[76.7334416114349,12.496023037577348],[76.73371788428423,12.495944398740921],[76.73398807977645,12.496041177410461],[76.73414677972632,12.496275583268345],[76.73413216031646,12.496556163525351],[76.73394976982512,12.496773582234603],[76.733702207996,12.496844060224518]]]}"
000000000000000002dd,Mandya,0.7355073748658886,MM-MD-0302,0.5,0.668713434106649,10.0,642.029289484024,79.2359065731485,ESA_WorldCover_Cropland,0.21758972108364105,6.2,Pandavpura,23.198682727689093,Talasasana,"{""type"":""Polygon"",""coordinates"":[[[76.73280390057242,12.498191478313583],[76.73253044394973,12.498103781062369],[76.73236372759123,12.49787479439834],[76.73236857143995,12.497593811248342],[76.732543214079,12.497370527150665],[76.7328195769727,12.497291894302256],[76.73308977439603,12.497388676138888],[76.73324847548018,12.497623085494157],[76.73323385596582,12.497903668215068],[76.73305146417088,12.498121087393335],[76.73280390057242,12.498191478313583]]]}"
000000000000000002df,Mandya,0.7355073748668053,MM-MD-0309,0.5,0.6603716768800869,10.0,642.029289484024,79.2359065731485,ESA_WorldCover_Cropland,0.21758972108364105,6.00232763547566,Pandavpura,23.198682727689093,Talasasana,"{""type"":""Polygon"",""coordinates"":[[[76.73576837877086,12.48669306742575],[76.73549492859847,12.486605306723993],[76.73532812810451,12.486376345723073],[76.73533305990688,12.48609539316424],[76.73550769842655,12.485872035573436],[76.73578396673376,12.485793477305313],[76.73605424585102,12.485890240657614],[76.73621294319148,12.486124619863702],[76.73619823595469,12.48640525815599],[76.73601593652958,12.48662267053084],[76.73576837877086,12.48669306742575]]]}"
000000000000000002f8,Mandya,0.7355073748662078,MM-MD-0516,0.5,0.6542784366544657,10.0,642.029289484024,79.2359065731485,ESA_WorldCover_Cropland,0.21758972108364105,6.0,Pandavpura,23.198682727689093,Talasasana,"{""type"":""Polygon"",""coordinates"":[[[76.7364870082708,12.485884544560925],[76.73621355966243,12.485796871519593],[76.73604684818984,12.485567831383515],[76.7360516918966,12.485286875805318],[76.73622632941746,12.485063603925473],[76.73650268421164,12.484984963186413],[76.73677287371589,12.4850817200972],[76.73693157014864,12.48531609721433],[76.73691686299598,12.485596734202673],[76.73673456461358,12.485814146566874],[76.7364870082708,12.485884544560925]]]}"
00000000000000000302,Mandya,0.7355073748655027,MM-MD-0650,0.5,0.58893096354251,10.0,642.029289484024,79.2359065731485,ESA_WorldCover_Cropland,0.21758972108364105,6.0,Pandavpura,23.198682727689093,Talasasana,"{""type"":""Polygon"",""coordinates"":[[[76.73936157322788,12.485525267427832],[76.73908821894226,12.485437516416942],[76.73892142321924,12.485208558439977],[76.73892635488055,12.484927605438939],[76.73910098840506,12.484704244114425],[76.73937724881,12.484625594650149],[76.73964743213116,12.48472243401255],[76.73980612493214,12.48495681036168],[76.73979150618085,12.48523745366955],[76.73960912390555,12.485454865542001],[76.73936157322788,12.485525267427832]]]}"
0000000000000000030c,Mandya,0.7355073748656102,MM-MD-0723,0.5,0.6045594266757064,10.0,642.029289484024,79.2359065731485,ESA_WorldCover_Cropland,0.21758972108364105,6.1,Pandavpura,23.198682727689093,Talasasana,"{""type"":""Polygon"",""coordinates"":[[[76.72498853132207,12.49837114416405],[76.72471514578065,12.49828344373283],[76.72454833098647,12.498054452279224],[76.72455326321163,12.497773480440546],[76.72472791670351,12.497550122253726],[76.72500420869657,12.497471582315624],[76.72527442291202,12.497568285756039],[76.72543313385931,12.49780269509651],[76.72541842536151,12.498083351803466],[76.72523611030597,12.498300763695255],[76.72498853132207,12.49837114416405]]]}"
00000000000000000319,Mandya,0.7355073748655289,MM-MD-0861,0.5,0.49778720877768046,10.0,642.029289484024,79.2359065731485,ESA_WorldCover_Cropland,0.21758972108364105,6.065871654975327,Pandavpura,23.198682727689093,Talasasana,"{""type"":""Polygon"",""coordinates"":[[[76.73918192034945,12.487232056049768],[76.73890856567279,12.487144301988328],[76.7387417697112,12.48691533954665],[76.73874661331406,12.486634378026118],[76.73892133515386,12.486411018884743],[76.73919759595398,12.486332455647812],[76.73946777966164,12.48642921254762],[76.73962647268964,12.486663593390201],[76.73961185391741,12.486944240769699],[76.73942947138121,12.487161654702332],[76.73918192034945,12.487232056049768]]]}"
0000000000000000031a,Mandya,0.7355073748668215,MM-MD-0874,0.5,0.587621912392886,10.0,642.029289484024,79.2359065731485,ESA_WorldCover_Cropland,0.21758972108364105,6.105829782812007,Pandavpura,23.198682727689093,Talasasana,"{""type"":""Polygon"",""coordinates"":[[[76.7364870082708,12.487142236984901],[76.73621355966243,12.487054476191288],[76.73604684818984,12.486825518390926],[76.7360516918966,12.48654455963817],[76.73622632941746,12.486321200312965],[76.73650268421164,12.486242559819585],[76.73677287371589,12.486339404572027],[76.73693157014864,12.486573785008716],[76.73691686299598,12.486854425127294],[76.73673456461358,12.487071753583832],[76.7364870082708,12.487142236984901]]]}"
00000000000000000323,Mandya,0.7355073748668779,MM-MD-0953,0.5,0.6526739074193627,10.0,642.029289484024,79.2359065731485,ESA_WorldCover_Cropland,0.21758972108364105,6.2,Pandavpura,23.198682727689093,Talasasana,"{""type"":""Polygon"",""coordinates"":[[[76.73244457580537,12.498191475367184],[76.732171118401,12.498103777781862],[76.73200440156596,12.497874791121022],[76.73200924542853,12.497593808309967],[76.73218388856678,12.497370524754853],[76.73246025225046,12.497291892441224],[76.7327304504462,12.497388674596026],[76.73288915198404,12.497623083928895],[76.73287444435826,12.497903661908488],[76.73269214011154,12.498121084925955],[76.73244457580537,12.498191475367184]]]}"
00000000000000000324,Mandya,0.7355073748659566,MM-MD-0970,0.5,0.6640576858123804,10.0,642.029289484024,79.2359065731485,ESA_WorldCover_Cropland,0.21758972108364105,6.145597173879156,Pandavpura,23.198682727689093,Talasasana,"{""type"":""Polygon"",""coordinates"":[[[76.7208563300653,12.499718674154071],[76.72058284746987,12.49963087758051],[76.7204161152772,12.49940188703275],[76.72042095958597,12.499120911307775],[76.72059561881203,12.498897643052226],[76.72087200795453,12.498819028289649],[76.72114214296413,12.498915819002224],[76.72130085912262,12.49915014600444],[76.7212862382196,12.499430806375006],[76.72110391717796,12.499648213801441],[76.7208563300653,12.499718674154071]]]}"
00000000000000000326,Mandya,0.7355073748669677,MM-MD-0985,0.5,0.6108788757238616,10.0,642.029289484024,79.2359065731485,ESA_WorldCover_Cropland,0.21758972108364105,6.1,Pandavpura,23.198682727689093,Talasasana,"{""type"":""Polygon"",""coordinates"":[[[76.72471902109531,12.498191495835409],[76.72444563496835,12.498103795457128],[76.72427881981687,12.497874804475662],[76.72428375205261,12.49759383334426],[76.72445840591855,12.497370475823896],[76.7247346985034,12.497291850619042],[76.72500491329762,12.497388639614233],[76.72516362458488,12.497623048464023],[76.7251490041306,12.497903708848707],[76.7249666006095,12.498121030061187],[76.72471902109531,12.498191495835409]]]}"
000000000000000002c9,Mandya,0.7355073748666928,MM-MD-0109,0.55,0.533302963496789,10.0,642.029289484024,79.2359065731485,ESA_WorldCover_Cropland,0.21758972108364105,6.3,Pandavpura,23.198682727689093,Talasasana,"{""type"":""Polygon"",""coordinates"":[[[76.72418008698577,12.487052367401892],[76.72390669968793,12.486964685343441],[76.72373988382202,12.486735637885221],[76.72374481607889,12.48645469535696],[76.72391947069283,12.486231354742278],[76.724195764461,12.4861527281499],[76.72446589233704,12.486249493615528],[76.72462460430417,12.486483958663051],[76.72460998378727,12.48676459080765],[76.72442766756033,12.48698198600929],[76.72418008698577,12.487052367401892]]]}"
000000000000000002d7,Mandya,0.7355073748666978,MM-MD-0255,0.55,0.5708880875039185,10.0,642.029289484024,79.2359065731485,ESA_WorldCover_Cropland,0.21758972108364105,6.102551312029107,Pandavpura,23.198682727689093,Talasasana,"{""type"":""Polygon"",""coordinates"":[[[76.73837347921638,12.491633803562149],[76.7381000347143,12.491546036930753],[76.73793323767902,12.49131706298062],[76.73793816937912,12.49103609549857],[76.73811280427755,12.490812812462044],[76.73838915492179,12.490734170040875],[76.73865934036856,12.490830935404762],[76.73881803441806,12.491065327811267],[76.73880332748628,12.491345980964718],[76.73862103184155,12.491563404064186],[76.73837347921638,12.491633803562149]]]}"
000000000000000002dc,Mandya,0.7355073748664935,MM-MD-0291,0.55,0.6396216025920732,10.0,642.029289484024,79.2359065731485,ESA_WorldCover_Cropland,0.21758972108364105,6.1,Pandavpura,23.198682727689093,Talasasana,"{""type"":""Polygon"",""coordinates"":[[[76.74484130285163,12.492801613772983],[76.74456787243527,12.492713851178092],[76.74440117205339,12.4924848785005],[76.74440601543792,12.49220389759257],[76.74458064134076,12.491980603108537],[76.74485697774955,12.49190195129486],[76.74512723733902,12.491998717370471],[76.74528592321323,12.492233113259763],[76.74527121703909,12.49251377569149],[76.7450889307855,12.492731210243413],[76.74484130285163,12.492801613772983]]]}"
000000000000000002e2,Mandya,0.735507374866269,MM-MD-0356,0.55,0.4772807450321951,10.0,642.029289484024,79.2359065731485,ESA_WorldCover_Cropland,0.21758972108364105,6.2,Pandavpura,23.198682727689093,Talasasana,"{""type"":""Polygon"",""coordinates"":[[[76.74043957316597,12.490106626768508],[76.74016613316226,12.490018950267563],[76.73999942693548,12.489789899045347],[76.74000427048983,12.489509014715635],[76.74017890251545,12.489285645137405],[76.74045524861351,12.489206999344642],[76.74072542961538,12.489303845822702],[76.74088412105408,12.489538234329283],[76.74086950242827,12.48981880447067],[76.74068712171861,12.490036224249787],[76.74043957316597,12.490106626768508]]]}"
000000000000000002e6,Mandya,0.7355073748664113,MM-MD-0381,0.55,0.668266506999359,10.0,642.029289484024,79.2359065731485,ESA_WorldCover_Cropland,0.21758972108364105,6.3,Pandavpura,23.198682727689093,Talasasana,"{""type"":""Polygon"",""coordinates"":[[[76.72337154937932,12.486064241228709],[76.72309816032504,12.485976474466705],[76.72293143146399,12.485747519613758],[76.72293627567596,12.485466575955797],[76.723110931412,12.485243237990868],[76.7233872269553,12.485164612407134],[76.72365744464298,12.485261381233324],[76.72381615762976,12.485495757997057],[76.72380144894295,12.485776382497818],[76.72361913154461,12.48599377511589],[76.72337154937932,12.486064241228709]]]}"
000000000000000002ea,Mandya,0.735507374865564,MM-MD-0422,0.55,0.46843086662484135,10.0,642.029289484024,79.2359065731485,ESA_WorldCover_Cropland,0.21758972108364105,6.2,Pandavpura,23.198682727689093,Talasasana,"{""type"":""Polygon"",""coordinates"":[[[76.74052939873775,12.489926989437702],[76.74025595892962,12.489839227692741],[76.74008925282209,12.48961026257052],[76.74009409637297,12.489329292978868],[76.74026881633814,12.489106013536775],[76.7405450741741,12.489027363193786],[76.74081525498268,12.489124123645613],[76.74097394630786,12.48935851168362],[76.7409593276925,12.489639167097298],[76.7407769471133,12.489856586767806],[76.74052939873775,12.489926989437702]]]}"
000000000000000002ef,Mandya,0.7355073748670842,MM-MD-0450,0.55,0.5888450025131162,10.0,642.029289484024,79.2359065731485,ESA_WorldCover_Cropland,0.21758972108364105,6.2,Pandavpura,23.198682727689093,Talasasana,"{""type"":""Polygon"",""coordinates"":[[[76.73981079236444,12.489747373918899],[76.7395373509916,12.48965961180991],[76.73937055586507,12.48943064278195],[76.73937548750874,12.489149678702969],[76.73955012040874,12.488926310593367],[76.73982646789047,12.48884775129557],[76.74009665024519,12.48894451206706],[76.7402553424785,12.489178899586319],[76.74024063571504,12.489459463832915],[76.74005834215659,12.489676886544173],[76.73981079236444,12.489747373918899]]]}"
000000000000000002f1,Mandya,0.7355073748677481,MM-MD-0460,0.55,0.5449897005080395,10.0,642.029289484024,79.2359065731485,ESA_WorldCover_Cropland,0.21758972108364105,6.1057983062295484,Pandavpura,23.198682727689093,Talasasana,"{""type"":""Polygon"",""coordinates"":[[[76.74349387074177,12.490915125321512],[76.74322043739004,12.490827450293489],[76.74305364715613,12.490598392547207],[76.74305857865514,12.490317507681075],[76.7432332064326,12.490094132324185],[76.74350954580797,12.490015567778462],[76.7437797202369,12.490112327346422],[76.74393840781488,12.490346718176173],[76.74392378954471,12.490627293336217],[76.74374141327209,12.490844718875568],[76.74349387074177,12.490915125321512]]]}"
000000000000000002f2,Mandya,0.7355073748662767,MM-MD-0477,0.55,0.45033938559997266,10.0,642.029289484024,79.2359065731485,ESA_WorldCover_Cropland,0.21758972108364105,6.078311249675248,Pandavpura,23.198682727689093,Talasasana,"{""type"":""Polygon"",""coordinates"":[[[76.74241589702694,12.489388031861962],[76.7421424613272,12.489300272779824],[76.74197566966109,12.489071304669546],[76.74198060120244,12.488790339040373],[76.74215523047943,12.488566967518775],[76.74243157222776,12.488488404276868],[76.7427017489768,12.488585162110903],[76.74286043791753,12.488819548844539],[76.7428457314592,12.489100200394804],[76.74266344168302,12.489317540953364],[76.74241589702694,12.489388031861962]]]}"
000000000000000002fc,Mandya,0.7355073748658509,MM-MD-0551,0.55,0.6524459458417001,10.0,642.029289484024,79.2359065731485,ESA_WorldCover_Cropland,0.21758972108364105,6.2,Pandavpura,23.198682727689093,Talasasana,"{""type"":""Polygon"",""coordinates"":[[[76.72391057502749,12.484357486338393],[76.72363718714415,12.484269722962882],[76.72347037092099,12.484040682564283],[76.72347530318842,12.483759747092678],[76.7236499581764,12.48353641078216],[76.72392625253629,12.483457784062201],[76.72419646906657,12.483554549404063],[76.72435518137353,12.483789007316945],[76.72434047274972,12.484069628101047],[76.7241581561323,12.484287019207502],[76.72391057502749,12.484357486338393]]]}"
000000000000000002ff,Mandya,0.7355073748670228,MM-MD-0576,0.55,0.6541706219776955,10.0,642.029289484024,79.2359065731485,ESA_WorldCover_Cropland,0.21758972108364105,6.1,Pandavpura,23.198682727689093,Talasasana,"{""type"":""Polygon"",""coordinates"":[[[76.74430236696817,12.493250757366653],[76.7440289353777,12.493162993512453],[76.74386214621809,12.492934015283687],[76.74386698962343,12.492653119384936],[76.74404170433802,12.492429743812506],[76.74431804193341,12.492351178522021],[76.74458821462203,12.49244794148441],[76.74474690117779,12.492682338525078],[76.74473228300181,12.492962920289644],[76.74454990790397,12.49318035025292],[76.74430236696817,12.493250757366653]]]}"
0000000000000000030b,Mandya,0.7355073748666685,MM-MD-0711,0.55,0.681990177734178,10.0,642.029289484024,79.2359065731485,ESA_WorldCover_Cropland,0.21758972108364105,6.1,Pandavpura,23.198682727689093,Talasasana,"{""type"":""Polygon"",""coordinates"":[[[76.74466165781428,12.492981243405465],[76.74438822700655,12.492893565974644],[76.7442214383244,12.49266450281333],[76.74422636977752,12.492383611636775],[76.7444009959303,12.492160231530347],[76.74467733273465,12.492081665652739],[76.74494750464983,12.492178427822894],[76.74510627881234,12.492412828555835],[76.74509157261716,12.492693405623147],[76.74490919804143,12.492910835765791],[76.74466165781428,12.492981243405465]]]}"
00000000000000000313,Mandya,0.7355073748673505,MM-MD-0796,0.55,0.5795052755697148,10.0,642.029289484024,79.2359065731485,ESA_WorldCover_Cropland,0.21758972108364105,6.1,Pandavpura,23.198682727689093,Talasasana,"{""type"":""Polygon"",""coordinates"":[[[76.74529050238087,12.493879583333337],[76.7450170729432,12.49379181933538],[76.74485028509675,12.493562839454249],[76.74485521652517,12.493281945420225],[76.74502984180299,12.493058563066194],[76.74530617722269,12.492979996429376],[76.74557634778408,12.493076759623502],[76.74573503309038,12.493311158383822],[76.7457204150295,12.493591742684803],[76.74553804136764,12.493809175013281],[76.74529050238087,12.493879583333337]]]}"
0000000000000000031b,Mandya,0.7355073748661154,MM-MD-0892,0.55,0.6543860468402555,10.0,642.029289484024,79.2359065731485,ESA_WorldCover_Cropland,0.21758972108364105,6.1156500051958895,Pandavpura,23.198682727689093,Talasasana,"{""type"":""Polygon"",""coordinates"":[[[76.73990061838599,12.488938868862366],[76.73962717720872,12.488851108202876],[76.73946038220149,12.488622141289255],[76.73946531384163,12.4883411791654],[76.73963994661673,12.488117812089433],[76.7399162939008,12.48803925249956],[76.74018647606226,12.48813601176836],[76.74034516818207,12.488370397159937],[76.74033046142911,12.488651045113963],[76.74014816800107,12.488868466856827],[76.73990061838599,12.488938868862366]]]}"
0000000000000000031f,Mandya,0.73550737486671,MM-MD-0919,0.55,0.5149791572672031,10.0,642.029289484024,79.2359065731485,ESA_WorldCover_Cropland,0.21758972108364105,6.052912444790865,Pandavpura,23.198682727689093,Talasasana,"{""type"":""Polygon"",""coordinates"":[[[76.7423260728048,12.489208362364549],[76.74205263690942,12.489120603502514],[76.74188584512397,12.488891635863009],[76.74189077666885,12.488610670771845],[76.74206540607076,12.488387299645654],[76.74234174801683,12.488308736502123],[76.74261192495918,12.488405494099396],[76.74277061401345,12.488639880353388],[76.7427559075446,12.488920531368104],[76.742573617638,12.489137957175245],[76.7423260728048,12.489208362364549]]]}"
00000000000000000320,Mandya,0.7355073748660791,MM-MD-0931,0.55,0.5420209562094768,10.0,642.029289484024,79.2359065731485,ESA_WorldCover_Cropland,0.21758972108364105,6.1,Pandavpura,23.198682727689093,Talasasana,"{""type"":""Polygon"",""coordinates"":[[[76.74430236696817,12.490376126304973],[76.7440289353777,12.490288452938257],[76.74386214621809,12.490059396595166],[76.74386707768534,12.48977851232623],[76.74404170433802,12.489555136528674],[76.74431804193341,12.489476570675217],[76.74458821462203,12.489573328579194],[76.74474690117779,12.489807718037317],[76.7447321949405,12.49008828827256],[76.74454990790397,12.490305718687567],[76.74430236696817,12.490376126304973]]]}"
00000000000000000321,Mandya,0.7355073748677105,MM-MD-0940,0.55,0.5707236835027487,10.0,642.029289484024,79.2359065731485,ESA_WorldCover_Cropland,0.21758972108364105,6.2,Pandavpura,23.198682727689093,Talasasana,"{""type"":""Polygon"",""coordinates"":[[[76.73918192034945,12.490016816210183],[76.73890856567279,12.48992905744415],[76.7387417697112,12.489700087716754],[76.73874661331405,12.489419119168819],[76.73892133515386,12.489195841630842],[76.73919759595398,12.48911719330899],[76.73946777966164,12.489213955111195],[76.73962647268964,12.48944834330211],[76.73961185391741,12.489728997611822],[76.73942947138121,12.489946415351197],[76.73918192034945,12.490016816210183]]]}"
000000000000000002c3,Mandya,0.7355073748674684,MM-MD-0069,0.6000000000000001,0.5423750757895289,10.0,642.029289484024,79.2359065731485,ESA_WorldCover_Cropland,0.21758972108364105,6.2,Pandavpura,23.198682727689093,Talasasana,"{""type"":""Polygon"",""coordinates"":[[[76.72759367900973,12.494418553702715],[76.72732029912942,12.494330862368626],[76.72715348778947,12.494101881228808],[76.72715833183888,12.493820912507323],[76.72733306978785,12.493597560480406],[76.72760935605959,12.493518930256101],[76.7278795646794,12.493615710063008],[76.72803827233999,12.49385010914135],[76.72802356414678,12.494130758591632],[76.72784125286672,12.494348169061483],[76.72759367900973,12.494418553702715]]]}"
000000000000000002c6,Mandya,0.7355073748659249,MM-MD-0105,0.6000000000000001,0.4587501143775824,10.0,642.029289484024,79.2359065731485,ESA_WorldCover_Cropland,0.21758972108364105,6.147079912709143,Pandavpura,23.198682727689093,Talasasana,"{""type"":""Polygon"",""coordinates"":[[[76.74034974752995,12.493430430116762],[76.74007630733063,12.493342662286357],[76.73990951291992,12.493113683620589],[76.7399144445424,12.492832709743276],[76.74008907669297,12.49260942112868],[76.7403654229887,12.492530776119024],[76.74063560418384,12.492627542895987],[76.74079429573607,12.492861940164824],[76.74077967709978,12.493142604117297],[76.74059729625966,12.4933600283011],[76.74034974752995,12.493430430116762]]]}"
000000000000000002ca,Mandya,0.7355073748655596,MM-MD-0123,0.6000000000000001,0.5280005545452168,10.0,642.029289484024,79.2359065731485,ESA_WorldCover_Cropland,0.21758972108364105,6.19726696456406,Pandavpura,23.198682727689093,Talasasana,"{""type"":""Polygon"",""coordinates"":[[[76.74744647923112,12.493699958908513],[76.7471730544915,12.493612197217317],[76.74700626951069,12.4933832177884],[76.74701111279467,12.493102232159789],[76.74718582313189,12.492878936827406],[76.74746215380361,12.492800281314002],[76.74773231972277,12.492897042283506],[76.7478910023024,12.493131440703337],[76.7478763844927,12.493412112315632],[76.74769401396456,12.493629462048663],[76.74744647923112,12.493699958908513]]]}"
000000000000000002cd,Mandya,0.7355073748650035,MM-MD-0154,0.6000000000000001,0.5464262805904916,10.0,642.029289484024,79.2359065731485,ESA_WorldCover_Cropland,0.21758972108364105,6.2,Pandavpura,23.198682727689093,Talasasana,"{""type"":""Polygon"",""coordinates"":[[[76.7408887003823,12.492711813276818],[76.74061534942079,12.492624051543658],[76.74044855572605,12.492395074752658],[76.74045339926306,12.492114097796815],[76.7406281187283,12.491890728156765],[76.74090437577378,12.491812163455103],[76.74117464387307,12.491908932872503],[76.74133333474403,12.49214332827942],[76.74131862810682,12.492423986593193],[76.74113633611334,12.492641329365982],[76.7408887003823,12.492711813276818]]]}"
000000000000000002ce,Mandya,0.735507374865571,MM-MD-0155,0.6000000000000001,0.6058682917586207,10.0,642.029289484024,79.2359065731485,ESA_WorldCover_Cropland,0.21758972108364105,6.134128345024691,Pandavpura,23.198682727689093,Talasasana,"{""type"":""Polygon"",""coordinates"":[[[76.74124808906247,12.49352026796549],[76.7409746508194,12.493432500818065],[76.74080785760191,12.493203521909843],[76.74081278918914,12.492922546958766],[76.74098742009038,12.492699256858655],[76.74126376440908,12.492620610530192],[76.74153394367124,12.492717376670111],[76.74169263408808,12.49295177423175],[76.74167792749296,12.493232434910254],[76.74149563602114,12.493449864968584],[76.74124808906247,12.49352026796549]]]}"
000000000000000002d1,Mandya,0.7355073748682863,MM-MD-0189,0.6000000000000001,0.5311028666708362,10.0,642.029289484024,79.2359065731485,ESA_WorldCover_Cropland,0.21758972108364105,6.1,Pandavpura,23.198682727689093,Talasasana,"{""type"":""Polygon"",""coordinates"":[[[76.73918192034944,12.494328747238987],[76.73890856567279,12.494240981189721],[76.7387417697112,12.494012000184602],[76.73874661331405,12.493731020759668],[76.73892133515386,12.493507736993632],[76.73919759595398,12.493429089513533],[76.73946777966164,12.493525858905118],[76.73962656075452,12.493760262853952],[76.73961185391741,12.494040923506862],[76.73942947138121,12.494258347137347],[76.73918192034944,12.494328747238987]]]}"
000000000000000002d4,Mandya,0.7355073748660624,MM-MD-0238,0.6000000000000001,0.600524820874902,10.0,642.029289484024,79.2359065731485,ESA_WorldCover_Cropland,0.21758972108364105,6.1,Pandavpura,23.198682727689093,Talasasana,"{""type"":""Polygon"",""coordinates"":[[[76.72633598572219,12.49477787613404],[76.72606260310862,12.494690183024444],[76.7258957901009,12.494461200956035],[76.72590072227328,12.494180236903851],[76.72607537389472,12.49395688186953],[76.72635166292879,12.493878253587019],[76.72662187425024,12.493975035139863],[76.72678058349769,12.49420943508715],[76.72676596323132,12.494490088578724],[76.7265835620545,12.49470749323283],[76.72633598572219,12.49477787613404]]]}"
000000000000000002d6,Mandya,0.7355073748657557,MM-MD-0251,0.6000000000000001,0.4979054825712568,10.0,642.029289484024,79.2359065731485,ESA_WorldCover_Cropland,0.21758972108364105,6.1,Pandavpura,23.198682727689093,Talasasana,"{""type"":""Polygon"",""coordinates"":[[[76.73891244054995,12.493969458145397],[76.7386389972212,12.493881688068889],[76.73847228896732,12.49365271238933],[76.73847713258056,12.493371734124588],[76.73865176672967,12.493148446900681],[76.7389281161881,12.49306980413469],[76.73919830047548,12.493166573132491],[76.73935699384398,12.493400971733614],[76.73934237504041,12.493681549977218],[76.73915999211286,12.493898972706027],[76.73891244054995,12.493969458145397]]]}"
000000000000000002db,Mandya,0.7355073748663263,MM-MD-0275,0.6000000000000001,0.4515947154956457,10.0,642.029289484024,79.2359065731485,ESA_WorldCover_Cropland,0.21758972108364105,6.2,Pandavpura,23.198682727689093,Talasasana,"{""type"":""Polygon"",""coordinates"":[[[76.72633598572217,12.492801621685322],[76.72606260310862,12.492713846285152],[76.7258957901009,12.492484869386496],[76.72590072227328,12.492203910318205],[76.72607537389473,12.491980558138582],[76.72635166292879,12.491902015096327],[76.72662187425024,12.491998707540198],[76.72678058349769,12.492233187902322],[76.72676596323132,12.492513750849495],[76.7265835620545,12.492731152805563],[76.72633598572217,12.492801621685322]]]}"
000000000000000002f0,Mandya,0.7355073748667881,MM-MD-0456,0.6000000000000001,0.6816865329135008,10.0,642.029289484024,79.2359065731485,ESA_WorldCover_Cropland,0.21758972108364105,6.12718486958329,Pandavpura,23.198682727689093,Talasasana,"{""type"":""Polygon"",""coordinates"":[[[76.73271406947696,12.493250758980576],[76.73244061265883,12.493163069990203],[76.73227389618121,12.49293401061444],[76.7322787400334,12.492653040007704],[76.73245347086716,12.49242976756373],[76.73272974588843,12.49235112949316],[76.73299994350488,12.492447902712017],[76.73315864470244,12.492682299030553],[76.73314393710821,12.4929629506265],[76.73296163325236,12.49318036730862],[76.73271406947696,12.493250758980576]]]}"
000000000000000002f9,Mandya,0.7355073748661911,MM-MD-0529,0.6000000000000001,0.591273057890945,10.0,642.029289484024,79.2359065731485,ESA_WorldCover_Cropland,0.21758972108364105,6.134128345024691,Pandavpura,23.198682727689093,Talasasana,"{""type"":""Polygon"",""coordinates"":[[[76.74115826400481,12.49352025062665],[76.74088482556613,12.493432483395791],[76.74071803222932,12.493203504488363],[76.74072296382008,12.492922615255397],[76.74089759484623,12.492699239657517],[76.74117393936264,12.492620679095923],[76.7414441188181,12.492717445315467],[76.74160280934846,12.492951842871701],[76.74158810274282,12.493232417828018],[76.74140581114058,12.493449847749432],[76.74115826400481,12.49352025062665]]]}"
00000000000000000304,Mandya,0.7355073748659477,MM-MD-0669,0.6000000000000001,0.5193285281398867,10.0,642.029289484024,79.2359065731485,ESA_WorldCover_Cropland,0.21758972108364105,6.1411232919415975,Pandavpura,23.198682727689093,Talasasana,"{""type"":""Polygon"",""coordinates"":[[[76.72669532794458,12.495406759585556],[76.72642194611193,12.495318980116359],[76.7262551335807,12.495089996400113],[76.72626006573896,12.494809030423227],[76.72643471686153,12.494585673938046],[76.72671100510641,12.49450713087512],[76.726981215656,12.4946038275865],[76.72713992445009,12.494838229215071],[76.72712530422548,12.495118884624684],[76.72694290356971,12.495336290685179],[76.72669532794458,12.495406759585556]]]}"
00000000000000000306,Mandya,0.735507374867223,MM-MD-0675,0.6000000000000001,0.5192043443903561,10.0,642.029289484024,79.2359065731485,ESA_WorldCover_Cropland,0.21758972108364105,6.1526263833324615,Pandavpura,23.198682727689093,Talasasana,"{""type"":""Polygon"",""coordinates"":[[[76.72669532794458,12.495496586895214],[76.72642194611193,12.495408807274218],[76.7262551335807,12.495179823323033],[76.72626006573896,12.494898857119663],[76.72643471686153,12.49467550050476],[76.72671100510641,12.494596957459564],[76.726981215656,12.49469365432905],[76.72713992445009,12.49492814182566],[76.72712530422548,12.495208711827553],[76.72694290356971,12.495426118010649],[76.72669532794458,12.495496586895214]]]}"
00000000000000000311,Mandya,0.7355073748656349,MM-MD-0769,0.6000000000000001,0.5358313241971286,10.0,642.029289484024,79.2359065731485,ESA_WorldCover_Cropland,0.21758972108364105,6.1,Pandavpura,23.198682727689093,Talasasana,"{""type"":""Polygon"",""coordinates"":[[[76.73918192034945,12.494598237800517],[76.73890856567279,12.494510471296104],[76.7387417697112,12.494281489586289],[76.73874661331405,12.494000595115361],[76.73892133515386,12.493777225326573],[76.73919759595398,12.493698577899139],[76.73946777966164,12.493795347764985],[76.73962656075452,12.494029752424666],[76.73961185391741,12.494310413747709],[76.73942947138121,12.494527837746247],[76.73918192034945,12.494598237800517]]]}"
00000000000000000325,Mandya,0.7355073748665887,MM-MD-0974,0.6000000000000001,0.7842757488662232,10.0,642.029289484024,79.2359065731485,ESA_WorldCover_Cropland,0.21758972108364105,6.2,Pandavpura,23.198682727689093,Talasasana,"{""type"":""Polygon"",""coordinates"":[[[76.73936157322788,12.496484728064159],[76.73908821894226,12.49639695854078],[76.73892142321924,12.496167971896872],[76.73892626681517,12.49588698686596],[76.73910098840506,12.495663699716157],[76.73937724881,12.49558505239023],[76.73964743213116,12.495681825416774],[76.73980621299691,12.49591623506311],[76.73979150618085,12.496196901253738],[76.73960921197045,12.496414246850678],[76.73936157322788,12.496484728064159]]]}"
000000000000000002cf,Mandya,0.7355073748656514,MM-MD-0160,0.65,0.560539128982857,10.0,642.029289484024,79.2359065731485,ESA_WorldCover_Cropland,0.21758972108364105,6.093811701132709,Pandavpura,23.198682727689093,Talasasana,"{""type"":""Polygon"",""coordinates"":[[[76.72831235524231,12.499269498353629],[76.72803888885105,12.49918170947059],[76.72787207846405,12.498952715639335],[76.72787701055893,12.498671824033133],[76.72805165943649,12.498448459528705],[76.7283280322026,12.498369833577723],[76.72859823927844,12.498466621289],[76.72875694603214,12.498701033206437],[76.72874223792299,12.49898160979034],[76.72855992768469,12.499199027977316],[76.72831235524231,12.499269498353629]]]}"
000000000000000002e8,Mandya,0.7355073748670339,MM-MD-0402,0.65,0.5072166695053019,10.0,642.029289484024,79.2359065731485,ESA_WorldCover_Cropland,0.21758972108364105,6.145565081839443,Pandavpura,23.198682727689093,Talasasana,"{""type"":""Polygon"",""coordinates"":[[[76.72705466914053,12.497293159475008],[76.72678128808879,12.497205462784747],[76.72661447603403,12.49697647413177],[76.72661940817821,12.496695503059703],[76.72679405880193,12.496472143307829],[76.72707034625758,12.496393600082675],[76.72734055603527,12.49649029979602],[76.72749926437596,12.496724706422945],[76.72748455611975,12.497005362488586],[76.72730224405844,12.497222776060605],[76.72705466914053,12.497293159475008]]]}"
00000000000000000315,Mandya,0.7355073748660828,MM-MD-0838,0.65,0.6549700790077352,10.0,642.029289484024,79.2359065731485,ESA_WorldCover_Cropland,0.21758972108364105,6.1,Pandavpura,23.198682727689093,Talasasana,"{""type"":""Polygon"",""coordinates"":[[[76.72741400930997,12.489927007604576],[76.72714062903917,12.489839238064233],[76.72697381746093,12.489610268676708],[76.72697874959104,12.489329315841795],[76.72715339971583,12.489105966187925],[76.72742968638222,12.48902733534946],[76.727699895388,12.489124107405093],[76.7278586032753,12.489358580247675],[76.72784389506108,12.489639132721752],[76.7276615835206,12.489856536782487],[76.72741400930997,12.489927007604576]]]}"
000000000000000002c7,Mandya,0.7355073748660474,MM-MD-0106,0.7000000000000001,0.5207429324475353,10.0,642.029289484024,79.2359065731485,ESA_WorldCover_Cropland,0.21758972108364105,6.252917337766927,Pandavpura,23.198682727689093,Talasasana,"{""type"":""Polygon"",""coordinates"":[[[76.73675649327359,12.493430457182907],[76.73648304525175,12.49334268601369],[76.73631633413675,12.493113711762676],[76.73632117783312,12.492832736890213],[76.73649581497938,12.492609453698899],[76.7367721691808,12.492530814034836],[76.73704235810548,12.492627583992235],[76.73720105419781,12.492861981037334],[76.73718643514331,12.493142641449625],[76.73700404908536,12.49335997452277],[76.73675649327359,12.493430457182907]]]}"
000000000000000002cb,Mandya,0.7355073748668473,MM-MD-0138,0.8,0.40730966455248285,10.0,642.029289484024,79.2359065731485,ESA_WorldCover_Cropland,0.21758972108364105,6.1,Pandavpura,23.198682727689093,Talasasana,"{""type"":""Polygon"",""coordinates"":[[[76.723641062492,12.492801607238375],[76.72336767402318,12.492713914963865],[76.72320085744278,12.492484852461553],[76.72320578972078,12.492203895937756],[76.72338044508278,12.491980633456395],[76.72365674003439,12.491902008794908],[76.72392695714339,12.49199878925227],[76.72408566979026,12.49223318381598],[76.72407096113494,12.492513739717387],[76.72388864412706,12.492731141951493],[76.723641062492,12.492801607238375]]]}"
000000000000000002d3,Mandya,0.7355073748668568,MM-MD-0227,0.8,0.6904321773732033,10.0,642.029289484024,79.2359065731485,ESA_WorldCover_Cropland,0.21758972108364105,6.0,Pandavpura,23.198682727689093,Talasasana,"{""type"":""Polygon"",""coordinates"":[[[76.72130543916418,12.491903257763914],[76.72103204562231,12.491815564837871],[76.7208652259465,12.49158659033574],[76.72087015831602,12.491305638283153],[76.72104481691889,12.491082294999732],[76.72132111699749,12.491003673636401],[76.72159133912089,12.491100454578032],[76.72175005471303,12.491334846623777],[76.72173534578477,12.491615483614492],[76.72155302539358,12.491832881059839],[76.72130543916418,12.491903257763914]]]}"
000000000000000002de,Mandya,0.7355073748666815,MM-MD-0304,0.8,0.598172357695887,10.0,642.029289484024,79.2359065731485,ESA_WorldCover_Cropland,0.21758972108364105,6.0,Pandavpura,23.198682727689093,Talasasana,"{""type"":""Polygon"",""coordinates"":[[[76.72130543916418,12.492621928454888],[76.72103204562231,12.492534234314364],[76.7208652259465,12.492305172304567],[76.72087015831602,12.492024304066645],[76.72104481691889,12.491800959745094],[76.72132111699749,12.491722338523191],[76.72159133912089,12.491819120730867],[76.72175005471303,12.492053514673094],[76.72173534578477,12.49233415345133],[76.72155302539358,12.49255155187805],[76.72130543916418,12.492621928454888]]]}"
000000000000000002eb,Mandya,0.7355073748660204,MM-MD-0432,0.8,0.6968394866456373,10.0,642.029289484024,79.2359065731485,ESA_WorldCover_Cropland,0.21758972108364105,6.0,Pandavpura,23.198682727689093,Talasasana,"{""type"":""Polygon"",""coordinates"":[[[76.72139527840723,12.49199310546598],[76.72112188506046,12.491905412471544],[76.72095506550372,12.491676352106646],[76.7209599978697,12.491395399742808],[76.72113465634793,12.491172141820504],[76.72141095622935,12.491093520341193],[76.72168117815988,12.49119030136161],[76.72183989363876,12.491424693650139],[76.721825184721,12.49170533095299],[76.72164286445992,12.491922728658055],[76.72139527840723,12.49199310546598]]]}"
000000000000000002f6,Mandya,0.7355073748649378,MM-MD-0511,0.8,0.5333595808629122,10.0,642.029289484024,79.2359065731485,ESA_WorldCover_Cropland,0.21758972108364105,6.1,Pandavpura,23.198682727689093,Talasasana,"{""type"":""Polygon"",""coordinates"":[[[76.72346138714768,12.493430415729346],[76.72318799828855,12.49334272222548],[76.72302118147,12.493113658079336],[76.72302611375503,12.49283278576768],[76.72320076936639,12.492609437021569],[76.72347706471245,12.49253081275106],[76.72374728220726,12.492627594474989],[76.72390599508073,12.492861990686517],[76.72389128640441,12.49314263360287],[76.72370896913623,12.493360036421702],[76.72346138714768,12.493430415729346]]]}"
000000000000000002fa,Mandya,0.7355073748653372,MM-MD-0531,0.8,0.634736969860387,10.0,642.029289484024,79.2359065731485,ESA_WorldCover_Cropland,0.21758972108364105,6.1,Pandavpura,23.198682727689093,Talasasana,"{""type"":""Polygon"",""coordinates"":[[[76.723641062492,12.491274434112308],[76.72336767402318,12.491186744418268],[76.72320085744278,12.4909577715397],[76.72320578972078,12.490676818867634],[76.72338044508278,12.490453472964667],[76.72365674003439,12.490374848002986],[76.72392695714339,12.490471625770288],[76.72408566979026,12.490706016304093],[76.72407096113494,12.490986654035291],[76.72388864412706,12.491204054183822],[76.723641062492,12.491274434112308]]]}"
000000000000000002fe,Mandya,0.7355073748664634,MM-MD-0575,0.8,0.47361660388985294,10.0,642.029289484024,79.2359065731485,ESA_WorldCover_Cropland,0.21758972108364105,6.105102093832812,Pandavpura,23.198682727689093,Talasasana,"{""type"":""Polygon"",""coordinates"":[[[76.72319196172664,12.489567697871754],[76.72291848420565,12.489479920630867],[76.72275175510659,12.489250956611059],[76.72275659932548,12.48897000428078],[76.72293125531083,12.48874666152267],[76.72320763932497,12.4886680412817],[76.72347776932206,12.48876481205174],[76.72363648253544,12.48899919805253],[76.72362186190372,12.489279835482229],[76.72343945616898,12.489497228226258],[76.72319196172664,12.489567697871754]]]}"
00000000000000000309,Mandya,0.735507374867034,MM-MD-0705,0.8,0.4797245367083751,10.0,642.029289484024,79.2359065731485,ESA_WorldCover_Cropland,0.21758972108364105,6.1,Pandavpura,23.198682727689093,Talasasana,"{""type"":""Polygon"",""coordinates"":[[[76.72355122485192,12.493250790776026],[76.72327783618792,12.493163012030468],[76.72311101948846,12.492934033982175],[76.72311595176997,12.492653076410368],[76.72329060725664,12.492429727788123],[76.7235669024055,12.492351103348607],[76.72383711970738,12.492447884676501],[76.72399583246755,12.492682280419524],[76.72398112380175,12.492962922977581],[76.72379880666371,12.493180325688046],[76.72355122485192,12.493250790776026]]]}"
0000000000000000030f,Mandya,0.7355073748665703,MM-MD-0763,0.8,0.6198179625880739,10.0,642.029289484024,79.2359065731485,ESA_WorldCover_Cropland,0.21758972108364105,6.059994803845154,Pandavpura,23.198682727689093,Talasasana,"{""type"":""Polygon"",""coordinates"":[[[76.72157495670098,12.491184665388479],[76.72130156374442,12.491096888300659],[76.72113474442575,12.490867915676503],[76.72113967678472,12.490586965182183],[76.72131433501367,12.49036362252988],[76.72159063450071,12.490285000624201],[76.72186085604554,12.490381780061265],[76.72201957129786,12.490616170227431],[76.7220048624011,12.490896805696426],[76.72182254240026,12.491114202571326],[76.72157495670098,12.491184665388479]]]}"
000000000000000002e5,Mandya,0.7355073748675641,MM-MD-0377,0.6498857024106393,0.5370710776911345,10.0,642.0861885374969,79.2359065731485,ESA_WorldCover_Cropland,0.21758972108364105,6.002550914380716,Pandavpura,23.198682727689093,Talasasana,"{""type"":""Polygon"",""coordinates"":[[[76.72849202365882,12.499988110838583],[76.7282185576582,12.499900406543576],[76.72805174750948,12.499671410831832],[76.72805667959732,12.499390431610614],[76.7282313282254,12.499167151432312],[76.72850770059671,12.499088525355498],[76.72877790728653,12.499185314172788],[76.72893661381349,12.499419642361412],[76.72892190572536,12.49970030654312],[76.72873959574751,12.499917725984682],[76.72849202365882,12.499988110838583]]]}"
000000000000000002f5,Mandya,0.7355073748657388,MM-MD-0498,0.5,0.5466027833985778,10.0,648.796748959226,79.2359065731485,ESA_WorldCover_Cropland,0.21758972108364105,6.1,Pandavpura,23.198682727689093,Talasasana,"{""type"":""Polygon"",""coordinates"":[[[76.73199541840216,12.500257669532338],[76.73172196002074,12.500169882403863],[76.73155524259003,12.49994089034635],[76.7315600864699,12.49965990275117],[76.73173473023215,12.499436616893334],[76.73201109490327,12.499357985654598],[76.73228129406446,12.499454771843503],[76.73243999616936,12.499689186596028],[76.73242528849104,12.499969769266233],[76.73224298359291,12.500187194418338],[76.73199541840216,12.500257669532338]]]}"
00000000000000000327,Mandya,0.7355073748662093,MM-MD-0993,0.6108426849542818,0.48804122206359696,10.0,661.5223879396593,79.2359065731485,ESA_WorldCover_Cropland,0.21758972108364105,6.0,Pandavpura,23.198682727689093,Talasasana,"{""type"":""Polygon"",""coordinates"":[[[76.7284920236588,12.50061693325177],[76.7282185576582,12.50052922789477],[76.7280517475095,12.500300230539155],[76.72805667959732,12.50001924973333],[76.7282313282254,12.49979596864804],[76.72850770059671,12.499717342695158],[76.72877790728653,12.499814132619317],[76.72893661381349,12.50004846246541],[76.72892190572536,12.500329128209765],[76.72873959574751,12.50054654850919],[76.7284920236588,12.50061693325177]]]}"
000000000000000002e4,Mandya,0.7355073748657536,MM-MD-0372,0.6012755234582021,0.47313918027098806,10.0,666.285064358262,79.2359065731485,ESA_WorldCover_Cropland,0.21758972108364105,6.0,Pandavpura,23.198682727689093,Talasasana,"{""type"":""Polygon"",""coordinates"":[[[76.7285818577708,12.5007966220022],[76.72830839196553,12.500708916425287],[76.72814158193596,12.500479918599178],[76.72814651402027,12.50019893725577],[76.72832116252361,12.499975570140313],[76.72859744662489,12.499897025334935],[76.72886765312188,12.49999372986039],[76.72902644760794,12.500228150210607],[76.72901173953029,12.500508816490083],[76.72882942968268,12.500726151535591],[76.7285818577708,12.5007966220022]]]}"
0000000000000000033f,Mandya,0.7355073748675228,MM-MD-0242,0.45101314490569894,0.647187970701472,10.0,686.073028087616,79.2359065731485,ESA_WorldCover_Cropland,0.21758972108364105,6.358066192133844,Pandavpura,23.198682727689093,Kachenahalli,"{""type"":""Polygon"",""coordinates"":[[[76.68761860923483,12.49837118524704],[76.68734523078633,12.498283454491055],[76.68717845466526,12.498054467803954],[76.68718330025031,12.497773441269578],[76.68735800549335,12.497550139583321],[76.6876342912549,12.49747156524701],[76.68790449744093,12.497568297376285],[76.6880632554198,12.497802704340938],[76.68804854256334,12.49808332413099],[76.68786617348162,12.498300764600678],[76.68761860923483,12.49837118524704]]]}"
00000000000000000347,Mandya,0.7355073748674904,MM-MD-0269,0.45066247531954634,0.5860362392425791,10.0,686.073028087616,79.2359065731485,ESA_WorldCover_Cropland,0.21758972108364105,6.382593785721711,Pandavpura,23.198682727689093,Kachenahalli,"{""type"":""Polygon"",""coordinates"":[[[76.68752883403769,12.498101695415135],[76.68725536729359,12.498013960627237],[76.68708859105398,12.497784974646287],[76.68709352474409,12.497503953280964],[76.68726814200969,12.49728064771473],[76.68754451606887,12.497202077862504],[76.68781472244676,12.497298809596142],[76.68797339243737,12.497533211439674],[76.68795867957043,12.497813830470994],[76.68777639846024,12.498031274840333],[76.68752883403769,12.498101695415135]]]}"
0000000000000000035f,Mandya,0.7355073748662868,MM-MD-0492,0.45777044580692033,0.6565239603784245,10.0,686.073028087616,79.2359065731485,ESA_WorldCover_Cropland,0.21758972108364105,6.31513041670997,Pandavpura,23.198682727689093,Kachenahalli,"{""type"":""Polygon"",""coordinates"":[[[76.68779833564015,12.498460998185255],[76.68752486947893,12.498373263039724],[76.68735809359478,12.498144276115662],[76.68736302727439,12.497863339211355],[76.6875376441678,12.49763994709725],[76.68781401763792,12.497561376915536],[76.68808422343984,12.497658109044071],[76.68824289309224,12.497892511853255],[76.68822818025669,12.49817313204421],[76.68804589953504,12.498390577315133],[76.68779833564015,12.498460998185255]]]}"
00000000000000000383,Mandya,0.7355073748666008,MM-MD-0954,0.5012756560145492,0.5055121926491117,10.0,686.073028087616,79.2359065731485,ESA_WorldCover_Cropland,0.21758972108364105,6.3,Pandavpura,23.198682727689093,Kachenahalli,"{""type"":""Polygon"",""coordinates"":[[[76.69076272725091,12.496664341372897],[76.69048935560158,12.496576616425001],[76.69032258362826,12.496347634169947],[76.69032742909283,12.496066694585704],[76.6905021299909,12.495843390602968],[76.69077840888093,12.495764725622749],[76.69104860834643,12.495861537582346],[76.6912073623766,12.496095940244828],[76.69119264988608,12.496376558901993],[76.69101028534033,12.496593916226058],[76.69076272725091,12.496664341372897]]]}"
0000000000000000032c,Mandya,0.735507374865783,MM-MD-0050,0.45,0.4810130218688102,10.0,686.073028087616,79.2359065731485,ESA_WorldCover_Cropland,0.21758972108364105,6.5,Pandavpura,23.198682727689093,Kachenahalli,"{""type"":""Polygon"",""coordinates"":[[[76.68645082188371,12.499089825684171],[76.68617744091053,12.499002092627498],[76.68601066324928,12.498773104072795],[76.68601550887908,12.4984921624541],[76.68619021573551,12.498268775876904],[76.6864665040486,12.498190203423343],[76.68673671273008,12.498286937853074],[76.68689538407347,12.49852134223426],[76.68688075918284,12.498801967060059],[76.68669838841686,12.499019406724885],[76.68645082188371,12.499089825684171]]]}"
0000000000000000032f,Mandya,0.7355073748660654,MM-MD-0080,0.45,0.5159141509674171,10.0,686.073028087616,79.2359065731485,ESA_WorldCover_Cropland,0.21758972108364105,6.608739478333156,Pandavpura,23.198682727689093,Kachenahalli,"{""type"":""Polygon"",""coordinates"":[[[76.68689996536416,12.499449124214191],[76.68662658536195,12.499361390966802],[76.68645980829304,12.499132401467103],[76.68646465390563,12.498851458517665],[76.68663936014157,12.498628156365166],[76.68691564747333,12.498549497692032],[76.6871858551951,12.498646317980354],[76.68734461407631,12.498880727743751],[76.68732990113621,12.499161349502202],[76.68714753101798,12.499378704719874],[76.68689996536416,12.499449124214191]]]}"
00000000000000000336,Mandya,0.735507374867252,MM-MD-0156,0.45,0.6443042249177678,10.0,686.073028087616,79.2359065731485,ESA_WorldCover_Cropland,0.21758972108364105,6.5,Pandavpura,23.198682727689093,Kachenahalli,"{""type"":""Polygon"",""coordinates"":[[[76.68672032578378,12.498640681129945],[76.68644694539321,12.498552949083578],[76.68628007998521,12.498323957296167],[76.68628501370688,12.498042935337565],[76.686459720191,12.497819634622134],[76.68673600791524,12.497741061677393],[76.68700621602086,12.497837795076782],[76.68716488702607,12.498072198290226],[76.68715026216663,12.498352822266083],[76.68696789178931,12.498570261730556],[76.68672032578378,12.498640681129945]]]}"
00000000000000000339,Mandya,0.7355073748660589,MM-MD-0187,0.45,0.6544255358623199,10.0,686.073028087616,79.2359065731485,ESA_WorldCover_Cropland,0.21758972108364105,6.5,Pandavpura,23.198682727689093,Kachenahalli,"{""type"":""Polygon"",""coordinates"":[[[76.68672032578378,12.498550863071642],[76.68644694539321,12.49846313117726],[76.68628007998521,12.498234054002742],[76.68628501370688,12.49795311789275],[76.68645972019098,12.497729817306768],[76.68673600791524,12.49765124434407],[76.68700621602086,12.497747977585112],[76.68716488702607,12.497982380561533],[76.68715026216663,12.498263004314122],[76.68696789178931,12.498480358033635],[76.68672032578378,12.498550863071642]]]}"
0000000000000000033a,Mandya,0.7355073748664371,MM-MD-0201,0.45,0.479965859207736,10.0,686.073028087616,79.2359065731485,ESA_WorldCover_Cropland,0.21758972108364105,6.562614297589357,Pandavpura,23.198682727689093,Kachenahalli,"{""type"":""Polygon"",""coordinates"":[[[76.68618131740926,12.499359333757356],[76.68590793585348,12.499271599994312],[76.68574115783683,12.499042610737392],[76.68574600347696,12.49876166869443],[76.6859207107057,12.49853828213654],[76.68619699960757,12.498459710138256],[76.68646720886494,12.498556445281645],[76.68662596864841,12.498790854761532],[76.68661125562468,12.499071475585712],[76.68642888447003,12.499288915206021],[76.68618131740926,12.499359333757356]]]}"
0000000000000000033b,Mandya,0.735507374865898,MM-MD-0209,0.45,0.5528747988518153,10.0,686.073028087616,79.2359065731485,ESA_WorldCover_Cropland,0.21758972108364105,6.5,Pandavpura,23.198682727689093,Kachenahalli,"{""type"":""Polygon"",""coordinates"":[[[76.68645082188371,12.498910189071296],[76.68617744091053,12.498822456318571],[76.68601066324928,12.498593382611547],[76.68601550887908,12.498312441445881],[76.68619021573551,12.498089140749844],[76.6864665040486,12.498010568260353],[76.68673671273008,12.498107302373397],[76.68689538407347,12.498341706280556],[76.68688075918284,12.498622330659838],[76.68669838841686,12.498839684457097],[76.68645082188371,12.498910189071296]]]}"
0000000000000000033e,Mandya,0.7355073748666556,MM-MD-0237,0.45,0.5273048819969961,10.0,686.073028087616,79.2359065731485,ESA_WorldCover_Cropland,0.21758972108364105,6.5,Pandavpura,23.198682727689093,Kachenahalli,"{""type"":""Polygon"",""coordinates"":[[[76.68627118166529,12.499000015588864],[76.6859977122014,12.498912278112002],[76.68583093430313,12.498683289794272],[76.6858358680423,12.498402267355091],[76.68601048704454,12.498178962396407],[76.68628686385246,12.498100394597442],[76.68655707291781,12.498197129027838],[76.68671574448658,12.49843153316038],[76.68670111957519,12.498712157585306],[76.68651874855011,12.498929596853227],[76.68627118166529,12.499000015588864]]]}"
00000000000000000341,Mandya,0.73550737486599,MM-MD-0246,0.45,0.49826152857596256,10.0,686.073028087616,79.2359065731485,ESA_WorldCover_Cropland,0.21758972108364105,6.76349371297931,Pandavpura,23.198682727689093,Kachenahalli,"{""type"":""Polygon"",""coordinates"":[[[76.68681018965678,12.499718630075597],[76.68653672135848,12.499630891883506],[76.68636994417105,12.499401901679668],[76.68637487788921,12.499120962541193],[76.68654949614718,12.498897655731104],[76.68682587177709,12.49881900165046],[76.68709599158908,12.498915818088662],[76.68725475058312,12.49915014293435],[76.68724003763256,12.499430765273456],[76.68705775548636,12.49964821074937],[76.68681018965678,12.499718630075597]]]}"
0000000000000000034b,Mandya,0.7355073748676839,MM-MD-0346,0.45,0.4978590374036693,10.0,686.073028087616,79.2359065731485,ESA_WorldCover_Cropland,0.21758972108364105,6.500914475735218,Pandavpura,23.198682727689093,Kachenahalli,"{""type"":""Polygon"",""coordinates"":[[[76.68618131740926,12.499179611243887],[76.68590793585348,12.499091877784943],[76.68574115783683,12.498862888998264],[76.68574600347696,12.49858194740832],[76.6859207107057,12.498358646731708],[76.68619699960757,12.498279989075327],[76.68646720886494,12.498376809524187],[76.68662596864841,12.498611218529993],[76.68661125562468,12.498891838907728],[76.68642888447003,12.49910919266035],[76.68618131740926,12.499179611243887]]]}"
0000000000000000035e,Mandya,0.7355073748676619,MM-MD-0480,0.45,0.5813371053994436,10.0,686.073028087616,79.2359065731485,ESA_WorldCover_Cropland,0.21758972108364105,6.4574686964202215,Pandavpura,23.198682727689093,Kachenahalli,"{""type"":""Polygon"",""coordinates"":[[[76.6872593318608,12.498011847029161],[76.68698586453384,12.497924112142899],[76.68681908793876,12.497695126400007],[76.6868240216394,12.497414191138128],[76.68699863927715,12.49719080048745],[76.6872750139254,12.497112231018662],[76.68754522087922,12.497208962832413],[76.68770389120805,12.497443364421352],[76.68768926641094,12.497723987367005],[76.68750689681103,12.497941426797906],[76.6872593318608,12.498011847029161]]]}"
00000000000000000367,Mandya,0.7355073748661463,MM-MD-0552,0.45,0.6117795566057003,10.0,686.073028087616,79.2359065731485,ESA_WorldCover_Cropland,0.21758972108364105,6.433890995999378,Pandavpura,23.198682727689093,Kachenahalli,"{""type"":""Polygon"",""coordinates"":[[[76.6873491072493,12.498191518531813],[76.68707572821812,12.498103787829498],[76.68690895174156,12.497874801615469],[76.68691379733696,12.497593775789278],[76.68708850295236,12.49737047476978],[76.68736478930278,12.497291900798887],[76.68763499606474,12.497388632849937],[76.68779375438201,12.497623039323026],[76.68777904149418,12.497903658399924],[76.68759667202376,12.49812109821292],[76.6873491072493,12.498191518531813]]]}"
00000000000000000382,Mandya,0.7355073748652351,MM-MD-0948,0.45,0.6409433601299541,10.0,686.073028087616,79.2359065731485,ESA_WorldCover_Cropland,0.21758972108364105,6.5,Pandavpura,23.198682727689093,Kachenahalli,"{""type"":""Polygon"",""coordinates"":[[[76.68698982910949,12.498910167711733],[76.68671636119969,12.49882243105475],[76.68654958424918,12.498593442964244],[76.68655451796032,12.498312505693258],[76.68672913597023,12.498089114154604],[76.68700551120752,12.49801054526714],[76.68727571873724,12.498107278903085],[76.68743438940426,12.498341682845144],[76.68741976457599,12.498622307757369],[76.68723739458738,12.498839748000957],[76.68698982910949,12.498910167711733]]]}"
00000000000000000328,Mandya,0.735507374866692,MM-MD-0008,0.5,0.7029922785625029,10.0,686.073028087616,79.2359065731485,ESA_WorldCover_Cropland,0.21758972108364105,6.2,Pandavpura,23.198682727689093,Kachenahalli,"{""type"":""Polygon"",""coordinates"":[[[76.6944458305804,12.497023735597036],[76.6941723788025,12.496935923436919],[76.6940056116899,12.496706940201957],[76.69401054511003,12.496426000629066],[76.69418515281949,12.49620268615539],[76.69446151175335,12.496124105786082],[76.69473170334294,12.49622082949818],[76.69489045274557,12.496455233345841],[76.6948757406839,12.496735856538121],[76.69469338145393,12.496953219976973],[76.6944458305804,12.497023735597036]]]}"
00000000000000000329,Mandya,0.7355073748663191,MM-MD-0009,0.5,0.38507251787657965,10.0,686.073028087616,79.2359065731485,ESA_WorldCover_Cropland,0.21758972108364105,6.1,Pandavpura,23.198682727689093,Kachenahalli,"{""type"":""Polygon"",""coordinates"":[[[76.69220005508622,12.498730508734631],[76.69192659844776,12.498642777223425],[76.691759828371,12.498413789546643],[76.69176476187882,12.498132847796537],[76.69193937269179,12.497909448634312],[76.69221573653789,12.497830871950356],[76.69248593293024,12.497927600658125],[76.69264459705703,12.498162004463326],[76.69262997283158,12.498442634080034],[76.69244761036003,12.498660082039148],[76.69220005508622,12.498730508734631]]]}"
0000000000000000032a,Mandya,0.7355073748658384,MM-MD-0023,0.5,0.4797005118155185,10.0,686.073028087616,79.2359065731485,ESA_WorldCover_Cropland,0.21758972108364105,6.172817501558929,Pandavpura,23.198682727689093,Kachenahalli,"{""type"":""Polygon"",""coordinates"":[[[76.6961526003033,12.497383000918049],[76.69587924031573,12.497295279760404],[76.69571247545655,12.497066295567045],[76.69571732071441,12.496785349072331],[76.69589201416011,12.496562035900132],[76.69616828126433,12.496483363036523],[76.696438469203,12.49658017149503],[76.69659721646049,12.496814576400553],[76.69658250459761,12.497095202173481],[76.69640023592693,12.497312573109394],[76.6961526003033,12.497383000918049]]]}"
0000000000000000032b,Mandya,0.73550737486721,MM-MD-0038,0.5,0.5123166530650634,10.0,686.073028087616,79.2359065731485,ESA_WorldCover_Cropland,0.21758972108364105,6.477825115602433,Pandavpura,23.198682727689093,Kachenahalli,"{""type"":""Polygon"",""coordinates"":[[[76.69085258825045,12.497832187468473],[76.69057912869634,12.49774445622509],[76.69041235684145,12.497515470913184],[76.69041729040188,12.49723453270269],[76.69059190307657,12.497011136874889],[76.69086826986933,12.496932562018277],[76.69113846914271,12.497029290335286],[76.69129713496135,12.497263691682937],[76.69128251057994,12.497544317734546],[76.69110014616388,12.497761762410404],[76.69085258825045,12.497832187468473]]]}"
0000000000000000032e,Mandya,0.7355073748657632,MM-MD-0059,0.5,0.4372736112441695,10.0,686.073028087616,79.2359065731485,ESA_WorldCover_Cropland,0.21758972108364105,6.1,Pandavpura,23.198682727689093,Kachenahalli,"{""type"":""Polygon"",""coordinates"":[[[76.69237968687945,12.498910135410345],[76.69210631872784,12.498822408165108],[76.69193954888827,12.49859342001644],[76.69194439429083,12.498312473240667],[76.6921190929537,12.498089163573948],[76.69239536830881,12.498010496631965],[76.69266556431707,12.498107311121178],[76.69282431631592,12.498341719814672],[76.69280960401365,12.498622345653141],[76.69262724180133,12.498839708507267],[76.69237968687945,12.498910135410345]]]}"
00000000000000000331,Mandya,0.7355073748661828,MM-MD-0114,0.5,0.5522620869515391,10.782459604094145,686.073028087616,79.2359065731485,ESA_WorldCover_Cropland,0.21758972108364105,6.2944043227516,Pandavpura,23.198682727689093,Kachenahalli,"{""type"":""Polygon"",""coordinates"":[[[76.69166107007601,12.499359282102974],[76.69138761227123,12.499271549027068],[76.6912208414832,12.49904255971104],[76.69122577501204,12.4987616168863],[76.69140038656973,12.498538303256236],[76.69167675159454,12.498459727500746],[76.69194694913936,12.498556457793923],[76.69210561394293,12.49879086322357],[76.69209098965509,12.499071493870625],[76.6919086264057,12.499288856239051],[76.69166107007601,12.499359282102974]]]}"
00000000000000000333,Mandya,0.735507374865818,MM-MD-0129,0.5,0.4526928530398227,10.0,686.073028087616,79.2359065731485,ESA_WorldCover_Cropland,0.21758972108364105,6.170307060840657,Pandavpura,23.198682727689093,Kachenahalli,"{""type"":""Polygon"",""coordinates"":[[[76.6918407026354,12.498820349919729],[76.69156733331782,12.49873262232569],[76.69140047466836,12.49850354439079],[76.69140540819018,12.49822260275456],[76.69158010759817,12.497999294032796],[76.69185638413165,12.497920713499145],[76.69212658129241,12.498017442683324],[76.6922853339684,12.498251851105044],[76.69227062160337,12.498532476187174],[76.69208825861321,12.498749923719792],[76.6918407026354,12.498820349919729]]]}"
00000000000000000335,Mandya,0.7355073748665871,MM-MD-0150,0.5,0.6531925818558119,10.0,686.073028087616,79.2359065731485,ESA_WorldCover_Cropland,0.21758972108364105,6.2,Pandavpura,23.198682727689093,Kachenahalli,"{""type"":""Polygon"",""coordinates"":[[[76.69273903779748,12.497023736170087],[76.69246558232544,12.496935922424584],[76.69229881296,12.496706939207936],[76.69230374644677,12.496426001250207],[76.69247835651498,12.49620268935771],[76.69275471918226,12.496124025907799],[76.6930249144221,12.49622083675268],[76.69318366596944,12.496455240490684],[76.693168953709,12.496735861995381],[76.69298659201536,12.49695322282761],[76.69273903779748,12.497023736170087]]]}"
00000000000000000338,Mandya,0.7355073748664348,MM-MD-0165,0.5,0.5792042496179567,10.0,686.073028087616,79.2359065731485,ESA_WorldCover_Cropland,0.21758972108364105,6.266943780525825,Pandavpura,23.198682727689093,Kachenahalli,"{""type"":""Polygon"",""coordinates"":[[[76.69148143726126,12.496754199985794],[76.69120797906778,12.496666471150787],[76.6910412080427,12.496437488652798],[76.69104605347972,12.496156548162105],[76.69122075338446,12.4959331573409],[76.69149703070356,12.495854576930164],[76.69176722863266,12.495951302790573],[76.6919259817601,12.496185705736261],[76.69191126935323,12.496466325327244],[76.69172899394286,12.496683773896105],[76.69148143726126,12.496754199985794]]]}"
0000000000000000033c,Mandya,0.7355073748653285,MM-MD-0217,0.5,0.7065937970629629,10.0,686.073028087616,79.2359065731485,ESA_WorldCover_Cropland,0.21758972108364105,6.193812022652876,Pandavpura,23.198682727689093,Kachenahalli,"{""type"":""Polygon"",""coordinates"":[[[76.6945356889607,12.497203325358182],[76.69426223737729,12.49711559860109],[76.69409547038332,12.496886614895047],[76.69410040379994,12.49660567478418],[76.69427501138519,12.496382359915462],[76.69455137012247,12.496303693825201],[76.69482156151987,12.496400503397423],[76.69498022271347,12.496634903323915],[76.69496559875837,12.496915531452819],[76.69478323965812,12.497132895273799],[76.6945356889607,12.497203325358182]]]}"
00000000000000000342,Mandya,0.7355073748674216,MM-MD-0250,0.5,0.5987504159933482,10.0,686.073028087616,79.2359065731485,ESA_WorldCover_Cropland,0.21758972108364105,6.3,Pandavpura,23.198682727689093,Kachenahalli,"{""type"":""Polygon"",""coordinates"":[[[76.69103222195903,12.496933820125742],[76.69075885089264,12.496846094972215],[76.69059207927491,12.496617112009062],[76.69059692472912,12.496336171490398],[76.6907716252547,12.496112866711405],[76.69104790355561,12.49603420138341],[76.69131810244495,12.496131013579836],[76.6914768561366,12.496365416970944],[76.69146214367746,12.49664603656453],[76.69127977952058,12.496863394667479],[76.69103222195903,12.496933820125742]]]}"
00000000000000000343,Mandya,0.7355073748665769,MM-MD-0253,0.5,0.6229369940490977,10.0,686.073028087616,79.2359065731485,ESA_WorldCover_Cropland,0.21758972108364105,6.159991686584233,Pandavpura,23.198682727689093,Kachenahalli,"{""type"":""Polygon"",""coordinates"":[[[76.69543400496049,12.4974728832033],[76.69516055532172,12.49738507120088],[76.69499378951366,12.497156086780215],[76.69499863479909,12.496875140738839],[76.69517332923878,12.496651828524211],[76.69544968601076,12.496573246772948],[76.69571987548665,12.496669970402083],[76.69587853555187,12.496904371097623],[76.69586391170078,12.49718500078425],[76.69568155389743,12.49740245196853],[76.69543400496049,12.4974728832033]]]}"
00000000000000000344,Mandya,0.735507374865901,MM-MD-0256,0.5,0.5866673362979555,12.000883162761701,686.073028087616,79.2359065731485,ESA_WorldCover_Cropland,0.21758972108364105,6.336282404280738,Pandavpura,23.198682727689093,Kachenahalli,"{""type"":""Polygon"",""coordinates"":[[[76.69166107007601,12.499539008149256],[76.69138761227123,12.499451274769273],[76.69122084148319,12.499222199358757],[76.69122577501204,12.498941256081276],[76.69140038656973,12.49871794219223],[76.69167675159454,12.498639366472654],[76.69194694913936,12.49873609708243],[76.69210561394293,12.498970502986053],[76.69209098965509,12.499251134079612],[76.6919086264057,12.499468582317462],[76.69166107007601,12.499539008149256]]]}"
00000000000000000345,Mandya,0.7355073748660228,MM-MD-0259,0.5,0.47589953586377204,10.0,686.073028087616,79.2359065731485,ESA_WorldCover_Cropland,0.21758972108364105,6.1,Pandavpura,23.198682727689093,Kachenahalli,"{""type"":""Polygon"",""coordinates"":[[[76.69300852829097,12.498820317902664],[76.69273507340215,12.49873258699083],[76.6925683043924,12.498503599070451],[76.69257323786864,12.49822265632886],[76.69274784756445,12.497999341437854],[76.6930242096423,12.497920677943933],[76.69329440430583,12.49801749171836],[76.69345315551459,12.498251900215207],[76.69343844328553,12.498532526452252],[76.69325608198083,12.498749890144465],[76.69300852829097,12.498820317902664]]]}"
00000000000000000346,Mandya,0.7355073748660469,MM-MD-0262,0.5,0.5082880214843863,10.0,686.073028087616,79.2359065731485,ESA_WorldCover_Cropland,0.21758972108364105,6.1,Pandavpura,23.198682727689093,Kachenahalli,"{""type"":""Polygon"",""coordinates"":[[[76.69345764847041,12.498371142412008],[76.69318428265096,12.49828341707981],[76.69301751423411,12.498054430329786],[76.69302235959533,12.497773483892976],[76.69319705676786,12.497550173372517],[76.693473329766,12.497471504718103],[76.69374352346907,12.497568317303177],[76.69390227411348,12.497802724643522],[76.69388756193672,12.498083350208233],[76.69370528937729,12.49830071837651],[76.69345764847041,12.498371142412008]]]}"
00000000000000000348,Mandya,0.7355073748659547,MM-MD-0282,0.5,0.42184426467703656,10.0,686.073028087616,79.2359065731485,ESA_WorldCover_Cropland,0.21758972108364105,6.1,Pandavpura,23.198682727689093,Kachenahalli,"{""type"":""Polygon"",""coordinates"":[[[76.69211019504479,12.498820290039815],[76.6918368263102,12.498732562696217],[76.69166996801654,12.49850357038249],[76.69167490152786,12.498222628491138],[76.6918496005633,12.497999319361634],[76.6921258765076,12.497920738426707],[76.69239607309211,12.498017467372401],[76.69255482542954,12.4982518758115],[76.69254011309589,12.498532501160188],[76.69235775049465,12.498749863480274],[76.69211019504479,12.498820290039815]]]}"
00000000000000000349,Mandya,0.7355073748662753,MM-MD-0298,0.5,0.5803273583477117,11.359243479164503,686.073028087616,79.2359065731485,ESA_WorldCover_Cropland,0.21758972108364105,6.276805569988567,Pandavpura,23.198682727689093,Kachenahalli,"{""type"":""Polygon"",""coordinates"":[[[76.69175093043681,12.499449141161813],[76.69147747282646,12.499361408017384],[76.69131070215701,12.499132418465317],[76.6913155475837,12.498851470925809],[76.6914902471159,12.49862816143353],[76.69176652384584,12.498549495535244],[76.6920368092969,12.498646315934165],[76.69219547398761,12.498880721606707],[76.69218076161212,12.499161348162914],[76.69199848659046,12.499378715194045],[76.69175093043681,12.499449141161813]]]}"
0000000000000000034a,Mandya,0.7355073748664378,MM-MD-0338,0.5,0.5556837021178217,10.0,686.073028087616,79.2359065731485,ESA_WorldCover_Cropland,0.21758972108364105,6.317575852036578,Pandavpura,23.198682727689093,Kachenahalli,"{""type"":""Polygon"",""coordinates"":[[[76.6897746044381,12.496933900243198],[76.68950114255175,12.496846083896273],[76.68933436927459,12.496617100946832],[76.68933930287707,12.49633616602135],[76.68951391704091,12.49611285874196],[76.68979028619071,12.496034199689822],[76.6900604877686,12.496131012998783],[76.6902191549405,12.496365411906037],[76.69020453043437,12.496646034658713],[76.6900221644629,12.496863390840762],[76.6897746044381,12.496933900243198]]]}"
0000000000000000034c,Mandya,0.7355073748675276,MM-MD-0351,0.5,0.67328783180691,10.0,686.073028087616,79.2359065731485,ESA_WorldCover_Cropland,0.21758972108364105,6.2,Pandavpura,23.198682727689093,Kachenahalli,"{""type"":""Polygon"",""coordinates"":[[[76.69525428941407,12.49693389280742],[76.69498092748233,12.496846085951521],[76.69481416143714,12.496617102942995],[76.69481900672945,12.49633615843041],[76.69499370141756,12.496112847264714],[76.69526997048662,12.496034261272621],[76.69554016034697,12.496130984110923],[76.69569890873353,12.49636538777337],[76.69568419676602,12.496646011541593],[76.69550192679897,12.49686346611731],[76.69525428941407,12.49693389280742]]]}"
0000000000000000034f,Mandya,0.7355073748666601,MM-MD-0371,0.5,0.530507822274738,10.0,686.073028087616,79.2359065731485,ESA_WorldCover_Cropland,0.21758972108364105,6.380022860705568,Pandavpura,23.198682727689093,Kachenahalli,"{""type"":""Polygon"",""coordinates"":[[[76.69085258825045,12.497472827786105],[76.69057912869634,12.497385097150797],[76.69041235684146,12.497156112779187],[76.69041729040188,12.496875175474557],[76.69059190307657,12.496651865787381],[76.69086826986933,12.496573205236805],[76.69113846914271,12.496670018542684],[76.69129713496135,12.496904418942242],[76.69128251057994,12.497185044100682],[76.69110014616388,12.497402402663818],[76.69085258825045,12.497472827786105]]]}"
00000000000000000350,Mandya,0.7355073748662428,MM-MD-0378,0.5,0.5907571919243191,10.0,686.073028087616,79.2359065731485,ESA_WorldCover_Cropland,0.21758972108364105,6.159988569647225,Pandavpura,23.198682727689093,Kachenahalli,"{""type"":""Polygon"",""coordinates"":[[[76.69264917813936,12.497472877611978],[76.69237581057077,12.4973851530483],[76.69220904108684,12.497156083034175],[76.69221388647907,12.496875139626912],[76.69238858476938,12.496651831624671],[76.69266485953527,12.496573249618484],[76.69293505496726,12.496669975712186],[76.69309380662752,12.49690438062981],[76.69307909435662,12.497185003162144],[76.69289673253327,12.497402450092626],[76.69264917813936,12.497472877611978]]]}"
00000000000000000351,Mandya,0.7355073748660304,MM-MD-0382,0.5,0.5724840760235652,10.0,686.073028087616,79.2359065731485,ESA_WorldCover_Cropland,0.21758972108364105,6.5,Pandavpura,23.198682727689093,Kachenahalli,"{""type"":""Polygon"",""coordinates"":[[[76.69040345881238,12.498820352796185],[76.69012999828652,12.49873261946341],[76.68996322583905,12.498503545947463],[76.6899680713174,12.498222601268],[76.69014277271215,12.497999294720826],[76.69041905238768,12.497920716327437],[76.69068925262144,12.498017446783791],[76.69084800710301,12.498251855113132],[76.69083329457065,12.498532478773855],[76.69065101760552,12.498749928514052],[76.69040345881238,12.498820352796185]]]}"
00000000000000000355,Mandya,0.7355073748657033,MM-MD-0399,0.5,0.4879349726011191,10.0,686.073028087616,79.2359065731485,ESA_WorldCover_Cropland,0.21758972108364105,6.102550914380722,Pandavpura,23.198682727689093,Kachenahalli,"{""type"":""Polygon"",""coordinates"":[[[76.69255940651512,12.497922024976424],[76.69228595065432,12.497834295167033],[76.6921191810518,12.497605309601685],[76.69212402644749,12.497324279523793],[76.69229872486203,12.497100971009926],[76.69257508792218,12.497022393629255],[76.69284528354613,12.497119120594038],[76.69300394722168,12.497353522289133],[76.69298932303782,12.497634150251267],[76.69280696108491,12.497851597657046],[76.69255940651512,12.497922024976424]]]}"
00000000000000000359,Mandya,0.7355073748655039,MM-MD-0448,0.5,0.529584121094138,10.0,686.073028087616,79.2359065731485,ESA_WorldCover_Cropland,0.21758972108364105,6.172811347222945,Pandavpura,23.198682727689093,Kachenahalli,"{""type"":""Polygon"",""coordinates"":[[[76.6957034897051,12.497382998049776],[76.69543004064973,12.497295272073817],[76.69526327519745,12.49706628788524],[76.69526820856846,12.496785346216456],[76.69544281453952,12.496562029322629],[76.6957191707219,12.496483361528698],[76.69598935962132,12.496580170384535],[76.69614810744332,12.49681457526126],[76.69613339552814,12.497095200590193],[76.69595103811388,12.497312566439453],[76.6957034897051,12.497382998049776]]]}"
0000000000000000035a,Mandya,0.7355073748659309,MM-MD-0454,0.5,0.6461317733628422,10.0,686.073028087616,79.2359065731485,ESA_WorldCover_Cropland,0.21758972108364105,6.2,Pandavpura,23.198682727689093,Kachenahalli,"{""type"":""Polygon"",""coordinates"":[[[76.69264917813935,12.496844061473025],[76.69237581057077,12.496756252350362],[76.69220904108684,12.49652726960482],[76.69221388647907,12.496246327782941],[76.69238858476938,12.496023020687392],[76.69266485953527,12.49594443855586],[76.69293505496726,12.496041163541229],[76.69309380662752,12.496275566799238],[76.69307909435662,12.496556187768423],[76.69289673253327,12.49677363384141],[76.69264917813935,12.496844061473025]]]}"
0000000000000000035c,Mandya,0.7355073748670797,MM-MD-0471,0.5,0.6508321377362972,10.0,686.073028087616,79.2359065731485,ESA_WorldCover_Cropland,0.21758972108364105,6.1,Pandavpura,23.198682727689093,Kachenahalli,"{""type"":""Polygon"",""coordinates"":[[[76.69669165424595,12.4980118711472],[76.69641820733004,12.49792414502564],[76.69625144318248,12.497695073556766],[76.69625628841968,12.497414124967126],[76.69643098111989,12.497190810073038],[76.69670733514008,12.497112226556412],[76.6969775219255,12.497208950022284],[76.69713618041077,12.497443352221087],[76.69712155670531,12.497723984490456],[76.69693920071788,12.497941438330672],[76.69669165424595,12.4980118711472]]]}"
00000000000000000361,Mandya,0.7355073748665916,MM-MD-0506,0.5,0.683776326685969,10.0,686.073028087616,79.2359065731485,ESA_WorldCover_Cropland,0.21758972108364105,6.2,Pandavpura,23.198682727689093,Kachenahalli,"{""type"":""Polygon"",""coordinates"":[[[76.69273903779748,12.49675419518792],[76.69246558232544,12.496666467521374],[76.69229881296,12.496437485009798],[76.69230374644677,12.496156547731362],[76.69247835651498,12.49593315060538],[76.69275471918226,12.495854572723994],[76.6930249144221,12.495951297471445],[76.69318366596944,12.496185786120558],[76.693168953709,12.496466406955406],[76.69298659201536,12.496683767420377],[76.69273903779748,12.49675419518792]]]}"
00000000000000000362,Mandya,0.7355073748669282,MM-MD-0509,0.5,0.5408315060510066,10.0,686.073028087616,79.2359065731485,ESA_WorldCover_Cropland,0.21758972108364105,6.329033096066924,Pandavpura,23.198682727689093,Kachenahalli,"{""type"":""Polygon"",""coordinates"":[[[76.68968474267214,12.496754226284871],[76.68941136869138,12.496666500183748],[76.68924459529579,12.496437432083637],[76.68924944080167,12.496156493292931],[76.68942414318963,12.495933190811572],[76.68970042443591,12.495854613075794],[76.68997062620588,12.495951340526096],[76.69012938159008,12.496185743356156],[76.69011466897406,12.496466361170455],[76.68993230287295,12.496683802592363],[76.68968474267214,12.496754226284871]]]}"
00000000000000000369,Mandya,0.7355073748672062,MM-MD-0588,0.5,0.6259493836807026,10.0,686.073028087616,79.2359065731485,ESA_WorldCover_Cropland,0.21758972108364105,6.121687623402274,Pandavpura,23.198682727689093,Kachenahalli,"{""type"":""Polygon"",""coordinates"":[[[76.69669165424595,12.497742324254975],[76.69641820733004,12.497654598589373],[76.69625144318248,12.49742561345023],[76.69625628841968,12.497144665539913],[76.69643098111989,12.496921351034372],[76.69670733514008,12.496842681840015],[76.6969775219255,12.49693949045507],[76.69713618041077,12.497173891942882],[76.69712155670531,12.497454523542372],[76.69693920071788,12.497671891390402],[76.69669165424595,12.497742324254975]]]}"
0000000000000000036b,Mandya,0.7355073748660401,MM-MD-0598,0.5,0.6788308523949396,10.0,686.073028087616,79.2359065731485,ESA_WorldCover_Cropland,0.21758972108364105,6.2,Pandavpura,23.198682727689093,Kachenahalli,"{""type"":""Polygon"",""coordinates"":[[[76.69291866882449,12.49630500374201],[76.69264530183894,12.496217281404283],[76.69247853271068,12.495988300066173],[76.69248337809259,12.495707359348316],[76.6926580760103,12.495484052622329],[76.69293435018697,12.495405384360328],[76.69320454504268,12.495502193779057],[76.69336329636431,12.49573659563184],[76.6933485841248,12.496017215527607],[76.69316631078779,12.49623458005634],[76.69291866882449,12.49630500374201]]]}"
00000000000000000371,Mandya,0.7355073748671709,MM-MD-0646,0.5,0.5390409721902821,10.0,686.073028087616,79.2359065731485,ESA_WorldCover_Cropland,0.21758972108364105,6.456622499350481,Pandavpura,23.198682727689093,Kachenahalli,"{""type"":""Polygon"",""coordinates"":[[[76.69094244918612,12.4977423219239],[76.69066898982642,12.49765459091608],[76.69050221809013,12.497425605838334],[76.6905070635478,12.497144663366322],[76.69068176419758,12.496921357557607],[76.69095804269493,12.496842692524101],[76.69122824177639,12.496939506225791],[76.69138699558091,12.49717391174499],[76.6913722831113,12.497454533259475],[76.69119000692353,12.497671896729871],[76.69094244918612,12.4977423219239]]]}"
00000000000000000372,Mandya,0.7355073748655374,MM-MD-0649,0.5,0.6943752562724023,10.0,686.073028087616,79.2359065731485,ESA_WorldCover_Cropland,0.21758972108364105,6.2,Pandavpura,23.198682727689093,Kachenahalli,"{""type"":""Polygon"",""coordinates"":[[[76.6944458305804,12.496933830943254],[76.6941723788025,12.496846104558607],[76.6940056116899,12.49661712155866],[76.69401054511003,12.496336182212199],[76.69418515281949,12.496112867868073],[76.69446151175335,12.496034201858096],[76.69473170334294,12.496131011034647],[76.69489045274557,12.496365414645254],[76.6948757406839,12.496646037614251],[76.69469338145393,12.496863400930684],[76.6944458305804,12.496933830943254]]]}"
00000000000000000373,Mandya,0.7355073748661333,MM-MD-0684,0.5,0.4438411946812978,10.0,686.073028087616,79.2359065731485,ESA_WorldCover_Cropland,0.21758972108364105,6.130259261183568,Pandavpura,23.198682727689093,Kachenahalli,"{""type"":""Polygon"",""coordinates"":[[[76.69193056286848,12.498820302921978],[76.69165710564684,12.498732571008413],[76.69149033521445,12.498503583099591],[76.69149526873277,12.498222641378215],[76.69166987991812,12.49799932811762],[76.69194624435357,12.497920666229499],[76.69221644132217,12.498017480957712],[76.69237510578735,12.49825188498266],[76.69236048153071,12.498532514556398],[76.69217811867024,12.49874987660213],[76.69193056286848,12.498820302921978]]]}"
00000000000000000374,Mandya,0.7355073748676616,MM-MD-0686,0.5,0.5799756381317109,10.0,686.073028087616,79.2359065731485,ESA_WorldCover_Cropland,0.21758972108364105,6.3312912444790905,Pandavpura,23.198682727689093,Kachenahalli,"{""type"":""Polygon"",""coordinates"":[[[76.69094244918612,12.497293229763256],[76.69066898982642,12.497205413892761],[76.69050221809013,12.49697642999034],[76.6905070635478,12.496695488650767],[76.69068176419758,12.496472183489642],[76.69095804269493,12.496393518366872],[76.69122824177639,12.49649033127645],[76.69138699558091,12.49672473561015],[76.6913722831113,12.497005356008085],[76.69119000692353,12.49722271886623],[76.69094244918612,12.497293229763256]]]}"
00000000000000000375,Mandya,0.7355073748673449,MM-MD-0687,0.5,0.6002262312733087,12.645866888346237,686.073028087616,79.2359065731485,ESA_WorldCover_Cropland,0.21758972108364105,6.448994648516651,Pandavpura,23.198682727689093,Kachenahalli,"{""type"":""Polygon"",""coordinates"":[[[76.69139157670882,12.499628801468889],[76.69111811832092,12.499541067686534],[76.69095134717728,12.499312077668286],[76.69095628071663,12.499031134419354],[76.69113089264668,12.498807820808365],[76.69140725826081,12.498729159884189],[76.69167745638185,12.498825976514892],[76.69183612152378,12.499060382638246],[76.69182149720476,12.499341013688808],[76.69163913356645,12.49955837601276],[76.69139157670882,12.499628801468889]]]}"
00000000000000000376,Mandya,0.7355073748651851,MM-MD-0703,0.5,0.695032427590791,10.0,686.073028087616,79.2359065731485,ESA_WorldCover_Cropland,0.21758972108364105,6.2,Pandavpura,23.198682727689093,Kachenahalli,"{""type"":""Polygon"",""coordinates"":[[[76.69300852829097,12.49648467745647],[76.69273507340215,12.49639695049634],[76.6925683043924,12.496167968687116],[76.69257323786864,12.495887031833107],[76.69274784756445,12.495663720310425],[76.6930242096423,12.49558505635194],[76.69329440430583,12.495681866008013],[76.69345315551459,12.495916268340807],[76.69343844328553,12.496196888772108],[76.69325608198083,12.496414249281298],[76.69300852829097,12.49648467745647]]]}"
00000000000000000377,Mandya,0.7355073748655911,MM-MD-0713,0.5,0.44468377221767186,10.0,686.073028087616,79.2359065731485,ESA_WorldCover_Cropland,0.21758972108364105,6.317239050241601,Pandavpura,23.198682727689093,Kachenahalli,"{""type"":""Polygon"",""coordinates"":[[[76.6915712096513,12.498640684648944],[76.69129783975076,12.498552957108494],[76.69113098074547,12.498323879646712],[76.69113591427782,12.49804293871838],[76.69131061405835,12.497819630663322],[76.691586891181,12.497741050495101],[76.69185708891796,12.497837779601143],[76.6920158419325,12.498072187531426],[76.69200112953612,12.498352811900519],[76.69181876615704,12.49857025877649],[76.6915712096513,12.498640684648944]]]}"
00000000000000000378,Mandya,0.7355073748648988,MM-MD-0742,0.5,0.4669234045619536,10.0,686.073028087616,79.2359065731485,ESA_WorldCover_Cropland,0.21758972108364105,6.172815130416711,Pandavpura,23.198682727689093,Kachenahalli,"{""type"":""Polygon"",""coordinates"":[[[76.69633231457155,12.497382988209681],[76.6960588668776,12.497295262818037],[76.69589210225557,12.497066278622825],[76.69589694750654,12.496785331958266],[76.6960716407038,12.496562018514403],[76.69634799551028,12.496483435407523],[76.69661818306449,12.496580158083374],[76.69677693009605,12.496814563000386],[76.69676221825414,12.497095188950935],[76.69657986174782,12.49731255576045],[76.69633231457155,12.497382988209681]]]}"
00000000000000000379,Mandya,0.7355073748665271,MM-MD-0770,0.5,0.7061971706236856,10.0,686.073028087616,79.2359065731485,ESA_WorldCover_Cropland,0.21758972108364105,6.184353564747452,Pandavpura,23.198682727689093,Kachenahalli,"{""type"":""Polygon"",""coordinates"":[[[76.6946254591807,12.497293177328311],[76.69435209588818,12.497205454904172],[76.69418532901281,12.496976470962066],[76.69419017432926,12.496695526138206],[76.69436486988698,12.496472215405447],[76.69464114033133,12.49639354479802],[76.69491133153673,12.49649035444925],[76.6950700807136,12.49672475901977],[76.69505536867285,12.497005383059648],[76.69487309779839,12.497222751541557],[76.6946254591807,12.497293177328311]]]}"
0000000000000000037a,Mandya,0.7355073748654278,MM-MD-0771,0.5,0.5399029213137744,10.0,686.073028087616,79.2359065731485,ESA_WorldCover_Cropland,0.21758972108364105,6.40097163046867,Pandavpura,23.198682727689093,Kachenahalli,"{""type"":""Polygon"",""coordinates"":[[[76.68986446614016,12.497562664402288],[76.68959100444822,12.49747493269683],[76.68942423128962,12.497245948100868],[76.68942907678861,12.496965007101734],[76.68960377892832,12.496741703182916],[76.68988005978196,12.496663039719092],[76.69015026116794,12.496759854057657],[76.69030901632651,12.496994259033308],[76.6902943037314,12.497274879035123],[76.69011202598897,12.497492240614493],[76.68986446614016,12.497562664402288]]]}"
00000000000000000385,Mandya,0.7355073748656314,MM-MD-0971,0.5,0.6085916600841524,10.0,686.073028087616,79.2359065731485,ESA_WorldCover_Cropland,0.21758972108364105,6.193812022652876,Pandavpura,23.198682727689093,Kachenahalli,"{""type"":""Polygon"",""coordinates"":[[[76.69543400496049,12.497203338738034],[76.69516055532172,12.497115612815605],[76.69499378951366,12.496886629099954],[76.69499863479909,12.496605683737933],[76.69517332923877,12.496382371911865],[76.69544968601076,12.49630370448362],[76.69571987548665,12.496400513261126],[76.69587853555187,12.496634913245634],[76.69586391170078,12.496915542262348],[76.69568155389743,12.497132907455203],[76.69543400496049,12.497203338738034]]]}"
00000000000000000387,Mandya,0.735507374866109,MM-MD-0983,0.5,0.6619724309996073,10.0,686.073028087616,79.2359065731485,ESA_WorldCover_Cropland,0.21758972108364105,6.193811701132699,Pandavpura,23.198682727689093,Kachenahalli,"{""type"":""Polygon"",""coordinates"":[[[76.69282889739172,12.497203325605772],[76.69255544211414,12.497115597262791],[76.6923886728673,12.496886613575034],[76.69239351825264,12.496605670677221],[76.6925682162946,12.496382362791788],[76.69284457876535,12.496303699243763],[76.69311477381301,12.496400510325973],[76.69327343715015,12.496634910142188],[76.69325881299748,12.496915536584169],[76.69307645143351,12.497132897798512],[76.69282889739172,12.497203325605772]]]}"
00000000000000000389,Mandya,0.7355073748660366,MM-MD-0994,0.5,0.6410513712321084,10.0,686.073028087616,79.2359065731485,ESA_WorldCover_Cropland,0.21758972108364105,6.2,Pandavpura,23.198682727689093,Kachenahalli,"{""type"":""Polygon"",""coordinates"":[[[76.6955237745421,12.496844007882393],[76.69525041319358,12.496756287052348],[76.69508364750415,12.49652730427591],[76.69508849278614,12.496246359734855],[76.69526318710155,12.496023048291049],[76.69553945558121,12.495944376256903],[76.69580973296061,12.49604118872207],[76.69596839291293,12.496275587764188],[76.69595376907226,12.496556215976334],[76.69577141139865,12.49677358081661],[76.6955237745421,12.496844007882393]]]}"
0000000000000000034e,Mandya,0.7355073748655896,MM-MD-0366,0.55,0.6585807309220526,10.0,686.073028087616,79.2359065731485,ESA_WorldCover_Cropland,0.21758972108364105,6.3,Pandavpura,23.198682727689093,Kachenahalli,"{""type"":""Polygon"",""coordinates"":[[[76.6900441012531,12.494598263299196],[76.68977063994977,12.494510536777359],[76.68960386702817,12.494281474317262],[76.68960880062014,12.494000545025493],[76.68978341441172,12.493777240707388],[76.69005978297228,12.49369858078898],[76.69032998397405,12.493795389740141],[76.69048865080765,12.494029782500185],[76.69047402633272,12.494310399711575],[76.69029166075008,12.494527838742094],[76.6900441012531,12.494598263299196]]]}"
00000000000000000363,Mandya,0.735507374866899,MM-MD-0519,0.55,0.6504163240466433,10.0,686.073028087616,79.2359065731485,ESA_WorldCover_Cropland,0.21758972108364105,6.3,Pandavpura,23.198682727689093,Kachenahalli,"{""type"":""Polygon"",""coordinates"":[[[76.6900441012531,12.494777895041487],[76.68977063994977,12.49469016821564],[76.68960386702817,12.49446119090542],[76.68960880062014,12.494180261160475],[76.68978341441172,12.493956870963276],[76.69005978297228,12.49387829670045],[76.69032998397407,12.493975020348604],[76.69048865080765,12.494209413582812],[76.69047402633272,12.49449003124092],[76.69029166075008,12.494707470516468],[76.6900441012531,12.494777895041487]]]}"
0000000000000000037e,Mandya,0.7355073748661812,MM-MD-0863,0.5658716549753191,0.530471452845109,15.0,688.8303636528605,79.2359065731485,ESA_WorldCover_Cropland,0.21758972108364105,6.5,Pandavpura,23.198682727689093,Kachenahalli,"{""type"":""Polygon"",""coordinates"":[[[76.69040345881238,12.500527104448516],[76.69012999828651,12.500439368227974],[76.68996322583905,12.500210375870285],[76.6899680713174,12.499929426888691],[76.69014277271215,12.499706117881571],[76.69041905238768,12.499627454204685],[76.69068925262144,12.499724273293769],[76.69084800710301,12.499958686127105],[76.69083329457065,12.500239314029578],[76.69065101760552,12.500456680471663],[76.69040345881238,12.500527104448516]]]}"
00000000000000000352,Mandya,0.7355073748655756,MM-MD-0383,0.4937006442227764,0.5491196294971307,15.0,689.3512167851825,79.2359065731485,ESA_WorldCover_Cropland,0.21758972108364105,6.6,Pandavpura,23.198682727689093,Kachenahalli,"{""type"":""Polygon"",""coordinates"":[[[76.688337249021,12.500616974112784],[76.68806387212632,12.50052924022481],[76.68789709695314,12.500300247654167],[76.68790194251066,12.500019300401075],[76.68807664676075,12.499795908766913],[76.68835293095191,12.499717333809372],[76.68862313560207,12.499814069261328],[76.68878189267856,12.500048482198812],[76.68876717990571,12.500329108280923],[76.6885848999612,12.500546557314333],[76.688337249021,12.500616974112784]]]}"
0000000000000000037b,Mandya,0.7355073748657303,MM-MD-0832,0.5307446476823948,0.5289650128929148,15.0,689.3512456248837,79.2359065731485,ESA_WorldCover_Cropland,0.21758972108364105,6.6,Pandavpura,23.198682727689093,Kachenahalli,"{""type"":""Polygon"",""coordinates"":[[[76.68869661143252,12.500616960484018],[76.6884232353149,12.500529226929936],[76.68825637251494,12.500300229950577],[76.6882613061595,12.50001928676235],[76.68843600991302,12.499795980208285],[76.68871229331886,12.499717319091578],[76.68898249720095,12.499814054225387],[76.68914125382614,12.500048467185941],[76.68912654109512,12.500329093623463],[76.68894417356844,12.500546538801126],[76.68869661143252,12.500616960484018]]]}"
00000000000000000388,Mandya,0.7355073748654648,MM-MD-0986,0.5783164458300866,0.5199735091171541,15.0,689.3512927905712,79.2359065731485,ESA_WorldCover_Cropland,0.21758972108364105,6.5,Pandavpura,23.198682727689093,Kachenahalli,"{""type"":""Polygon"",""coordinates"":[[[76.69049323196813,12.500616960527406],[76.69021985973593,12.500529228642494],[76.69005299930747,12.500300231644573],[76.69005793288191,12.500019286755686],[76.69023263415248,12.49979597748311],[76.69050891363159,12.499717313690256],[76.69077911367324,12.499814132858258],[76.69093786804194,12.500048460309602],[76.69092315552004,12.500329088524026],[76.69074079058542,12.50054653644683],[76.69049323196813,12.500616960527406]]]}"
0000000000000000038a,Mandya,0.7355073748655665,MM-MD-0996,0.5590767392320887,0.49618786469072096,15.0,689.7948376871169,79.2359065731485,ESA_WorldCover_Cropland,0.21758972108364105,6.6,Pandavpura,23.198682727689093,Kachenahalli,"{""type"":""Polygon"",""coordinates"":[[[76.68887624820502,12.50070677162255],[76.68860287247587,12.500619038083428],[76.68843609801368,12.500390045272074],[76.68844094355055,12.500109097282632],[76.68861564705581,12.49988579032733],[76.68889193006908,12.49980712896093],[76.68916213356724,12.499903949718268],[76.68932088996682,12.500138362927578],[76.68930617725671,12.500418989766155],[76.68912389808936,12.500636354120662],[76.68887624820502,12.50070677162255]]]}"
0000000000000000032d,Mandya,0.7355073748653639,MM-MD-0054,0.5697999480384519,0.6788664746653523,20.0,690.2589492797852,79.2359065731485,ESA_WorldCover_Cropland,0.21758972108364105,6.8,Pandavpura,23.198682727689093,Kachenahalli,"{""type"":""Polygon"",""coordinates"":[[[76.68941524509098,12.502503430404694],[76.68914187052741,12.5024156943272],[76.68897509677628,12.50218669681041],[76.68897994229249,12.501905743783379],[76.6891546450529,12.50168243342395],[76.68943092688818,12.501603771612537],[76.68970112923424,12.501700595060731],[76.6898598849569,12.501934927418953],[76.68984517230953,12.502215559254426],[76.68966280581958,12.502433008100551],[76.68941524509098,12.502503430404694]]]}"
00000000000000000340,Mandya,0.7355073748669287,MM-MD-0245,0.5074508988880806,0.708327877493079,20.0,690.2589492797852,79.2359065731485,ESA_WorldCover_Cropland,0.21758972108364105,6.8,Pandavpura,23.198682727689093,Kachenahalli,"{""type"":""Polygon"",""coordinates"":[[[76.68887624820502,12.502323722005755],[76.68860287247587,12.502235985731392],[76.68843609801368,12.502006988690383],[76.68844094355055,12.50172603662619],[76.68861564705581,12.501502727341277],[76.68889193006908,12.50142415192236],[76.68916213356724,12.501520889905427],[76.68932088996682,12.501755307380973],[76.68930617725671,12.50203593823709],[76.68912389808936,12.502253304794017],[76.68887624820502,12.502323722005755]]]}"
0000000000000000034d,Mandya,0.7355073748661974,MM-MD-0359,0.5198326925075342,0.38288825592681186,15.0,690.2589492797852,79.2359065731485,ESA_WorldCover_Cropland,0.21758972108364105,6.6,Pandavpura,23.198682727689093,Kachenahalli,"{""type"":""Polygon"",""coordinates"":[[[76.68860674890026,12.501066107841549],[76.68833337258833,12.500978373444157],[76.68816659777063,12.500749379695685],[76.68817144331784,12.500468431055666],[76.68834614719552,12.500245123990409],[76.68862243079775,12.500166463097033],[76.68889263487192,12.500263284726495],[76.68905139160995,12.500497613241945],[76.68903667886848,12.500778240706637],[76.68885439931255,12.500995690763908],[76.68860674890026,12.501066107841549]]]}"
00000000000000000353,Mandya,0.7355073748675771,MM-MD-0390,0.5004468460978906,0.5202894847793805,15.0,690.2589492797852,79.2359065731485,ESA_WorldCover_Cropland,0.21758972108364105,6.6,Pandavpura,23.198682727689093,Kachenahalli,"{""type"":""Polygon"",""coordinates"":[[[76.688337249021,12.500976255396587],[76.68806387212632,12.50088852090081],[76.68789709695314,12.500659527390285],[76.68790194251066,12.500378579231727],[76.68807664676075,12.500155272703747],[76.68835293095191,12.500076612193919],[76.68862313560209,12.500173433903447],[76.68878189267856,12.500407847789171],[76.68876717990571,12.500688474764253],[76.6885848999612,12.500905838662604],[76.688337249021,12.500976255396587]]]}"
00000000000000000354,Mandya,0.735507374866599,MM-MD-0395,0.5101002753675898,0.5791832640571211,19.445627890060795,690.2589492797852,79.2359065731485,ESA_WorldCover_Cropland,0.21758972108364105,6.777825115602438,Pandavpura,23.198682727689093,Kachenahalli,"{""type"":""Polygon"",""coordinates"":[[[76.68878647390089,12.50196439934062],[76.68851300987698,12.501876659185346],[76.68834623529625,12.501647663085182],[76.6883511689373,12.501366716416669],[76.68852578446601,12.50114340338019],[76.68880215577609,12.501064832428165],[76.68907235946611,12.501161569857443],[76.68923102787832,12.501395981974342],[76.68921640325789,12.50167661625382],[76.68903403586084,12.501893977779131],[76.68878647390089,12.50196439934062]]]}"
00000000000000000356,Mandya,0.73550737486582,MM-MD-0412,0.5232064003324849,0.6676436243617392,20.0,690.2589492797852,79.2359065731485,ESA_WorldCover_Cropland,0.21758972108364105,6.8,Pandavpura,23.198682727689093,Kachenahalli,"{""type"":""Polygon"",""coordinates"":[[[76.6889661105457,12.502144119511474],[76.68869264691038,12.502056379219116],[76.68852587256663,12.501827382646946],[76.68853080620066,12.501546435355568],[76.68870542148126,12.501323036163136],[76.68898179239861,12.501244464979477],[76.6892519957047,12.501341202566305],[76.68941075199145,12.501575619573549],[76.68939603929178,12.501856250072123],[76.68921367215388,12.502073697742425],[76.6889661105457,12.502144119511474]]]}"
00000000000000000358,Mandya,0.7355073748667799,MM-MD-0445,0.5048628428927682,0.5362073406922819,18.915731504571912,690.2589492797852,79.2359065731485,ESA_WorldCover_Cropland,0.21758972108364105,6.756629260182883,Pandavpura,23.198682727689093,Kachenahalli,"{""type"":""Polygon"",""coordinates"":[[[76.68869661143252,12.501874622813315],[76.6884232353149,12.501786887131711],[76.68825637251494,12.501557886862027],[76.6882613061595,12.501276940504782],[76.68843600991302,12.501053546513749],[76.68871229331886,12.500974971272528],[76.68898249720095,12.50107170862299],[76.68914125382615,12.501306124901907],[76.68912654109512,12.501586754464359],[76.68894417356844,12.50180420135568],[76.68869661143252,12.501874622813315]]]}"
00000000000000000360,Mandya,0.7355073748662375,MM-MD-0499,0.56582488958171,0.6722992181528376,20.0,690.2589492797852,79.2359065731485,ESA_WorldCover_Cropland,0.21758972108364105,6.8,Pandavpura,23.198682727689093,Kachenahalli,"{""type"":""Polygon"",""coordinates"":[[[76.68941524509098,12.502593252464443],[76.68914187052741,12.502505516235022],[76.68897509677628,12.502276518483301],[76.68897994229248,12.501995565229938],[76.6891546450529,12.501772254741113],[76.68943092688818,12.5016935929476],[76.68970112923424,12.50179041655416],[76.6898598849569,12.50202483477537],[76.68984517230953,12.502305381207899],[76.68966280581958,12.502522830176394],[76.68941524509098,12.502593252464443]]]}"
00000000000000000364,Mandya,0.7355073748655626,MM-MD-0535,0.503538029925187,0.7024591361268957,20.0,690.2589492797852,79.2359065731485,ESA_WorldCover_Cropland,0.21758972108364105,6.8,Pandavpura,23.198682727689093,Kachenahalli,"{""type"":""Polygon"",""coordinates"":[[[76.68887624820502,12.50250345121424],[76.68860287247587,12.50241571463586],[76.68843609801368,12.502186717124745],[76.68844094355056,12.501905764607676],[76.68861564705581,12.501682369438383],[76.68889193006908,12.501603794055407],[76.68916213356722,12.50170053235508],[76.68932088996682,12.501934950304562],[76.68930617725671,12.502215581606979],[76.68912389808936,12.50243294840857],[76.68887624820502,12.50250345121424]]]}"
00000000000000000365,Mandya,0.7355073748665754,MM-MD-0540,0.5198316620772069,0.6975226821094456,20.0,690.2589492797852,79.2359065731485,ESA_WorldCover_Cropland,0.21758972108364105,6.8,Pandavpura,23.198682727689093,Kachenahalli,"{""type"":""Polygon"",""coordinates"":[[[76.6889661105457,12.502233941147189],[76.68869264691038,12.50214620070287],[76.68852587256663,12.501917203895749],[76.68853080620066,12.501636256378069],[76.68870542148126,12.50141294268143],[76.68898179239861,12.50133428589048],[76.6892519957047,12.501431023635606],[76.68941075199145,12.501665440879826],[76.68939603929178,12.501946071601553],[76.68921367215388,12.50216351939423],[76.6889661105457,12.502233941147189]]]}"
00000000000000000366,Mandya,0.7355073748672201,MM-MD-0544,0.504863095547358,0.6951219843412275,20.0,690.2589492797852,79.2359065731485,ESA_WorldCover_Cropland,0.21758972108364105,6.8,Pandavpura,23.198682727689093,Kachenahalli,"{""type"":""Polygon"",""coordinates"":[[[76.6889661105457,12.502772872490555],[76.68869264691038,12.502685131134447],[76.68852587256663,12.502456132917702],[76.68853080620066,12.50217518404223],[76.68870542148126,12.501951869569064],[76.68898179239861,12.50187329851142],[76.6892519957047,12.50197003720649],[76.68941075199145,12.502204455872752],[76.68939603929178,12.502485087933595],[76.68921367215388,12.502702450834155],[76.6889661105457,12.502772872490555]]]}"
00000000000000000368,Mandya,0.7355073748664236,MM-MD-0574,0.515544472152951,0.6920035245877307,20.0,690.2589492797852,79.2359065731485,ESA_WorldCover_Cropland,0.21758972108364105,6.8,Pandavpura,23.198682727689093,Kachenahalli,"{""type"":""Polygon"",""coordinates"":[[[76.68905597282253,12.50268309133836],[76.68878250938158,12.502595350217684],[76.68861573515636,12.502366352234812],[76.68862066878688,12.502085403500466],[76.68879528394338,12.501862089020701],[76.68907165466429,12.501783432185507],[76.68934185777829,12.501880256268466],[76.68950052585224,12.502114584672569],[76.68948590126297,12.502395221004049],[76.6893035342547,12.50261266954593],[76.68905597282253,12.50268309133836]]]}"
0000000000000000036d,Mandya,0.7355073748676024,MM-MD-0616,0.537709772951629,0.5030540138509761,18.29376006650387,690.2589492797852,79.2359065731485,ESA_WorldCover_Cropland,0.21758972108364105,6.7317504026601584,Pandavpura,23.198682727689093,Kachenahalli,"{""type"":""Polygon"",""coordinates"":[[[76.6889661105457,12.501784748071124],[76.68869264691038,12.501697008386783],[76.68852587256663,12.501468012754621],[76.68853080620066,12.501187066368706],[76.68870542148126,12.500963753319343],[76.68898179239861,12.500885182063701],[76.6892519957047,12.500981919017313],[76.68941075199145,12.501216335076643],[76.68939603929178,12.501496964682566],[76.68921367215388,12.501714326237698],[76.6889661105457,12.501784748071124]]]}"
0000000000000000036e,Mandya,0.7355073748670405,MM-MD-0617,0.4416865842252932,0.5867235737098198,15.0,690.2589492797852,79.2359065731485,ESA_WorldCover_Cropland,0.21758972108364105,6.800228618933812,Pandavpura,23.198682727689093,Kachenahalli,"{""type"":""Polygon"",""coordinates"":[[[76.68456436660554,12.501245756293732],[76.68429098155472,12.501158017836646],[76.68412420140595,12.500929023661948],[76.68412904710804,12.500648078394956],[76.68430375657026,12.50042477718841],[76.68458004900432,12.500346122352786],[76.68485026171629,12.500442947876497],[76.6850089354265,12.50067735782425],[76.68499431031773,12.500957986142902],[76.68481193683141,12.501175340238722],[76.68456436660554,12.501245756293732]]]}"
0000000000000000037c,Mandya,0.7355073748657354,MM-MD-0850,0.5198316620772069,0.6922618782825528,20.0,690.2589492797852,79.2359065731485,ESA_WorldCover_Cropland,0.21758972108364105,6.8,Pandavpura,23.198682727689093,Kachenahalli,"{""type"":""Polygon"",""coordinates"":[[[76.68914574693527,12.502862772141793],[76.6888723717889,12.502775035206055],[76.68870559768222,12.502546036752257],[76.68871044320878,12.5022650830748],[76.68888514634162,12.502041686979725],[76.6891614287659,12.501963111267228],[76.68943163168801,12.502059849961528],[76.68959038774915,12.50229426887625],[76.6895756750704,12.502574901337889],[76.68939330819165,12.502792350261737],[76.68914574693527,12.502862772141793]]]}"
0000000000000000037d,Mandya,0.7355073748670297,MM-MD-0854,0.5904525615712365,0.5586448502073424,15.0,690.2589492797852,79.2359065731485,ESA_WorldCover_Cropland,0.21758972108364105,6.412376597734588,Pandavpura,23.198682727689093,Kachenahalli,"{""type"":""Polygon"",""coordinates"":[[[76.69282889739172,12.501335578223127],[76.69255544211414,12.50124784288926],[76.6923886728673,12.50101884839105],[76.69239351825264,12.500737895077323],[76.6925682162946,12.500514581235464],[76.69284457876535,12.50043600413561],[76.69311477381301,12.500532736877789],[76.69327343715014,12.500767147596655],[76.69325881299748,12.501047784309751],[76.69307645143351,12.501265151154106],[76.69282889739172,12.501335578223127]]]}"
00000000000000000384,Mandya,0.7355073748663509,MM-MD-0962,0.5341611679742296,0.6845992664931946,20.0,690.2589492797852,79.2359065731485,ESA_WorldCover_Cropland,0.21758972108364105,6.8,Pandavpura,23.198682727689093,Kachenahalli,"{""type"":""Polygon"",""coordinates"":[[[76.68923560908439,12.502772905191856],[76.68896214603203,12.502685164086227],[76.6887953720438,12.502456165866537],[76.68880030566731,12.502175216735873],[76.68897492057567,12.501951901854936],[76.68925129090387,12.501873244769984],[76.68952149363389,12.501970068852295],[76.68968016148237,12.502204483130958],[76.68966553691388,12.502485119863406],[76.68948317016478,12.502702483175756],[76.68923560908439,12.502772905191856]]]}"
00000000000000000386,Mandya,0.7355073748669849,MM-MD-0975,0.5726384703314977,0.6935321861327752,20.0,690.2589492797852,79.2359065731485,ESA_WorldCover_Cropland,0.21758972108364105,6.8,Pandavpura,23.198682727689093,Kachenahalli,"{""type"":""Polygon"",""coordinates"":[[[76.68941524509098,12.502413608417756],[76.68914187052741,12.502325872492191],[76.68897509677628,12.502096875210341],[76.68897994229248,12.501815922409637],[76.6891546450529,12.5015926121796],[76.68943092688818,12.50151395035029],[76.68970112923424,12.5016106880144],[76.6898598849569,12.501845105761445],[76.68984517230953,12.502125737373762],[76.68966280581958,12.50234318609752],[76.68941524509098,12.502413608417756]]]}"
00000000000000000332,Mandya,0.735507374865201,MM-MD-0115,0.5,0.6956171037980098,20.0,690.2589492797852,79.2359065731485,ESA_WorldCover_Cropland,0.21758972108364105,6.8,Pandavpura,23.198682727689093,Kachenahalli,"{""type"":""Polygon"",""coordinates"":[[[76.68878647390089,12.502772880520565],[76.68851300987698,12.502685138997444],[76.68834623529625,12.50245614078259],[76.6883511689373,12.50217519207715],[76.68852578446601,12.501951877875744],[76.68880215577609,12.501873307085734],[76.68907235946611,12.501970045939876],[76.68923102787832,12.502204460189487],[76.68921640325789,12.502485096477818],[76.68903403586084,12.502702459103936],[76.68878647390089,12.502772880520565]]]}"
00000000000000000334,Mandya,0.7355073748662854,MM-MD-0141,0.5,0.6968789564105072,20.0,690.2589492797852,79.2359065731485,ESA_WorldCover_Cropland,0.21758972108364105,6.8,Pandavpura,23.198682727689093,Kachenahalli,"{""type"":""Polygon"",""coordinates"":[[[76.68878647390089,12.502683058501068],[76.68851300987698,12.502595317129918],[76.68834623529625,12.502366319149996],[76.6883511689373,12.502085370670846],[76.68852578446601,12.50186205659886],[76.68880215577609,12.50178348579084],[76.68907235946611,12.501880224486687],[76.68923102787832,12.502114638499364],[76.68921640325789,12.50239527456452],[76.68903403586084,12.502612637068346],[76.68878647390089,12.502683058501068]]]}"
00000000000000000357,Mandya,0.735507374866154,MM-MD-0440,0.5,0.6797773767737563,20.0,690.2589492797852,79.2359065731485,ESA_WorldCover_Cropland,0.21758972108364105,6.8,Pandavpura,23.198682727689093,Kachenahalli,"{""type"":""Polygon"",""coordinates"":[[[76.68842711174482,12.502503426222217],[76.68815373504444,12.502415689226527],[76.68798687188881,12.502186687314659],[76.68799180554387,12.501905739628267],[76.68816650966978,12.501682430764154],[76.68844279366456,12.501603770424795],[76.68871299812268,12.501700594747602],[76.68887175508631,12.501934927042676],[76.68885704232393,12.502215557900799],[76.68867467440847,12.502433005236956],[76.68842711174482,12.502503426222217]]]}"
0000000000000000035b,Mandya,0.7355073748662534,MM-MD-0468,0.5,0.6809559762923919,20.0,690.2589492797852,79.2359065731485,ESA_WorldCover_Cropland,0.21758972108364105,6.8,Pandavpura,23.198682727689093,Kachenahalli,"{""type"":""Polygon"",""coordinates"":[[[76.68869661143252,12.502233908600505],[76.6884232353149,12.502146172311145],[76.68825637251494,12.501917171101555],[76.6882613061595,12.501636223839075],[76.68843600991302,12.501412914955385],[76.68871229331886,12.501334254160824],[76.68898249720095,12.501431077769887],[76.68914125382614,12.501665494996946],[76.68912654109512,12.501946125452251],[76.68894417356844,12.502163487207243],[76.68869661143252,12.502233908600505]]]}"
0000000000000000036f,Mandya,0.7355073748653242,MM-MD-0622,0.5,0.5731627661419665,18.293753897318645,690.2589492797852,79.2359065731485,ESA_WorldCover_Cropland,0.21758972108364105,6.73175015589275,Pandavpura,23.198682727689093,Kachenahalli,"{""type"":""Polygon"",""coordinates"":[[[76.68842711174482,12.501784769076822],[76.68815373504444,12.501697033296805],[76.6879868718888,12.501468033264967],[76.68799180554387,12.501187087389244],[76.68816650966978,12.500963779560413],[76.68844279366456,12.500885119077825],[76.68871299812268,12.500981942133478],[76.68887175508631,12.501216272533059],[76.68885704232393,12.5014969016057],[76.68867467440847,12.501714347962785],[76.68842711174482,12.501784769076822]]]}"
00000000000000000370,Mandya,0.7355073748665086,MM-MD-0640,0.5,0.6979522896041431,20.0,690.2589492797852,79.2359065731485,ESA_WorldCover_Cropland,0.21758972108364105,6.8,Pandavpura,23.198682727689093,Kachenahalli,"{""type"":""Polygon"",""coordinates"":[[[76.68878647390089,12.502503414680511],[76.68851300987698,12.50241567361329],[76.68834623529625,12.502186676103237],[76.6883511689373,12.501905728076684],[76.68852578446601,12.50168241426353],[76.68880215577609,12.501603757794049],[76.68907235946611,12.501700581798758],[76.68923102787832,12.501934995337557],[76.68921640325789,12.502215545330307],[76.68903403586084,12.502432993215596],[76.68878647390089,12.502503414680511]]]}"
0000000000000000037f,Mandya,0.7355073748660351,MM-MD-0868,0.5,0.6872808947865319,20.0,690.2589492797852,79.2359065731485,ESA_WorldCover_Cropland,0.21758972108364105,6.8,Pandavpura,23.198682727689093,Kachenahalli,"{""type"":""Polygon"",""coordinates"":[[[76.68860674890026,12.50250341832055],[76.68833337258835,12.502415681491797],[76.68816659777063,12.502186683983643],[76.68817144331784,12.501905731721674],[76.68834614719552,12.501682422585729],[76.68862243079775,12.501603761978753],[76.68889263487192,12.50170058614255],[76.68905139160995,12.501934918449082],[76.68903667886848,12.502215549484864],[76.68885439931253,12.50243300150088],[76.68860674890026,12.50250341832055]]]}"
00000000000000000381,Mandya,0.7355073748672131,MM-MD-0945,0.5,0.6363254786813739,18.915731504571912,690.2589492797852,79.2359065731485,ESA_WorldCover_Cropland,0.21758972108364105,6.756629260182882,Pandavpura,23.198682727689093,Kachenahalli,"{""type"":""Polygon"",""coordinates"":[[[76.688337249021,12.501874634954751],[76.68806387212632,12.50178689893922],[76.68789709695314,12.50155781745347],[76.68790194251066,12.501276867031171],[76.68807664676073,12.501053559208986],[76.68835293095191,12.50097498450301],[76.68862313560207,12.50107172217165],[76.68878189267856,12.501306138427518],[76.68876717990571,12.501586767634553],[76.6885848999612,12.501804132756451],[76.688337249021,12.501874634954751]]]}"
00000000000000000330,Mandya,0.7355073748663692,MM-MD-0089,0.6000000000000001,0.51944649550827,15.011430352782254,690.2589492797852,79.2359065731485,ESA_WorldCover_Cropland,0.21758972108364105,6.500685821166935,Pandavpura,23.198682727689093,Kachenahalli,"{""type"":""Polygon"",""coordinates"":[[[76.6905830931593,12.501245747883418],[76.69030963302208,12.501158010614008],[76.69014286081163,12.500929016374522],[76.69014779438255,12.500648069816137],[76.69032240742955,12.50042475509739],[76.6905987748116,12.500346181324973],[76.69086897466114,12.500442915897104],[76.69102764081809,12.500677326234166],[76.69101301640553,12.50095796050405],[76.69083065160058,12.50117532379544],[76.6905830931593,12.501245747883418]]]}"
00000000000000000337,Mandya,0.7355073748665946,MM-MD-0163,0.6000000000000001,0.6034288338281296,15.0,690.2589492797852,79.2359065731485,ESA_WorldCover_Cropland,0.21758972108364105,6.507564815295891,Pandavpura,23.198682727689093,Kachenahalli,"{""type"":""Polygon"",""coordinates"":[[[76.68986446614016,12.501066141395825],[76.68959100444822,12.500978403762325],[76.68942423128962,12.500749410000314],[76.68942907678861,12.500468460170206],[76.6896037789283,12.50024506557726],[76.68988005978196,12.500166488435168],[76.69015034926741,12.500263227731029],[76.69030901632651,12.500497637547648],[76.6902943037314,12.500778266256273],[76.69011202598897,12.50099571823476],[76.68986446614016,12.501066141395825]]]}"
0000000000000000033d,Mandya,0.7355073748662773,MM-MD-0225,0.6000000000000001,0.6500496211778308,20.0,690.2589492797852,79.2359065731485,ESA_WorldCover_Cropland,0.21758972108364105,6.8,Pandavpura,23.198682727689093,Kachenahalli,"{""type"":""Polygon"",""coordinates"":[[[76.69049323196813,12.50286276047955],[76.69021985973593,12.502775024796005],[76.69005299930747,12.50254602192304],[76.69005793288191,12.502265071375579],[76.69023263415248,12.502041758867295],[76.69050891363159,12.501963095521575],[76.69077911367324,12.502059918649108],[76.69093786804194,12.502294252023823],[76.69092315552004,12.502574885818113],[76.69074079058542,12.502792336800976],[76.69049323196813,12.50286276047955]]]}"
0000000000000000035d,Mandya,0.7355073748664568,MM-MD-0476,0.6000000000000001,0.6529068727152897,20.0,690.2589492797852,79.2359065731485,ESA_WorldCover_Cropland,0.21758972108364105,6.8,Pandavpura,23.198682727689093,Kachenahalli,"{""type"":""Polygon"",""coordinates"":[[[76.6905830931593,12.502772892591636],[76.69030963302208,12.502685152738696],[76.69014286081163,12.502456154504788],[76.69014779438255,12.502175204098679],[76.69032240742955,12.50195188717923],[76.6905987748116,12.501873313712567],[76.69086897466114,12.501970050975945],[76.69102764081809,12.50220446534148],[76.69101301640553,12.502485103406059],[76.69083065160058,12.502702468777033],[76.6905830931593,12.502772892591636]]]}"
0000000000000000036a,Mandya,0.7355073748657555,MM-MD-0597,0.6000000000000001,0.5064243488916704,15.0,690.2589492797852,79.2359065731485,ESA_WorldCover_Cropland,0.21758972108364105,6.5,Pandavpura,23.198682727689093,Kachenahalli,"{""type"":""Polygon"",""coordinates"":[[[76.69031359749351,12.500886433660128],[76.69004013677322,12.500798696748129],[76.68987336420719,12.500569703451418],[76.68987829778864,12.500288758053513],[76.69005291120794,12.500065444260304],[76.69032927917925,12.499986785192782],[76.69059947960491,12.500083604994888],[76.6907581461002,12.500318014366636],[76.69074352165643,12.500598647477165],[76.69056115646265,12.500816009867501],[76.69031359749351,12.500886433660128]]]}"
0000000000000000036c,Mandya,0.7355073748661093,MM-MD-0602,0.6000000000000001,0.5803829997156332,15.0,690.2589492797852,79.2359065731485,ESA_WorldCover_Cropland,0.21758972108364105,6.500935307872175,Pandavpura,23.198682727689093,Kachenahalli,"{""type"":""Polygon"",""coordinates"":[[[76.68995423967874,12.501155912501902],[76.68968086628081,12.501068179204562],[76.68951409324076,12.500839185206752],[76.68951893873631,12.500558235065371],[76.68969364075181,12.500334925831742],[76.68996992140906,12.500256348573776],[76.69024012260294,12.500353083544304],[76.69039887764866,12.500587498007944],[76.69038416506402,12.500868127028724],[76.69020179935171,12.501085489237097],[76.68995423967874,12.501155912501902]]]}"
00000000000000000380,Mandya,0.7355073748675042,MM-MD-0899,0.6000000000000001,0.5056779769999347,15.0,690.2589492797852,79.2359065731485,ESA_WorldCover_Cropland,0.21758972108364105,6.5,Pandavpura,23.198682727689093,Kachenahalli,"{""type"":""Polygon"",""coordinates"":[[[76.69040345881238,12.500886473509299],[76.69012999828652,12.500798736680753],[76.68996322583905,12.500569743382982],[76.6899680713174,12.500288793495688],[76.69014277271215,12.500065398346063],[76.69041905238768,12.499986820365356],[76.69068934072055,12.500083558867148],[76.69084800710301,12.500317968244579],[76.69083329457065,12.50059859703982],[76.69065101760552,12.500816049596756],[76.69040345881238,12.500886473509299]]]}"
00000000000000000063,Mandya,0.7355073748665586,MM-MD-0001,0.5806320108018276,0.7101220630955696,10.0,705.3799896240234,81.00129531598428,ESA_WorldCover_Cropland,0.21811658143997192,6.2,Krishnarajpet,22.196604075047475,Chowda Ghatta,"{""type"":""Polygon"",""coordinates"":[[[76.5773953616435,12.656833964575487],[76.57712174649289,12.656746205788355],[76.57695491415207,12.656517240902646],[76.57695976393249,12.656236265845308],[76.5771345322606,12.656012987823475],[76.5774110572419,12.655934354838484],[76.57768140921432,12.65603111676581],[76.5778402164837,12.656265499495134],[76.5778254908873,12.656546143047853],[76.57764305207094,12.656763545855528],[76.5773953616435,12.656833964575487]]]}"
00000000000000000064,Mandya,0.7355073748663457,MM-MD-0002,0.5092927247234771,0.668985255106129,10.0,705.3799896240234,81.00129531598428,ESA_WorldCover_Cropland,0.21811658143997192,6.4,Krishnarajpet,22.196604075047475,Chowda Ghatta,"{""type"":""Polygon"",""coordinates"":[[[76.57775468455294,12.654318734360757],[76.57748107016876,12.65423098014957],[76.57731423829522,12.654001936047017],[76.57731908806204,12.65372105258349],[76.57749385590064,12.653497691825185],[76.5777703801074,12.6534190577478],[76.57804073132253,12.653515814941331],[76.57819953814703,12.653750276852639],[76.5781848125919,12.654030828916566],[76.57800237428657,12.65424822895078],[76.57775468455294,12.654318734360757]]]}"
00000000000000000065,Mandya,0.7355073748661033,MM-MD-0004,0.5325250532218704,0.6439368617230394,10.0,705.3799896240234,81.00129531598428,ESA_WorldCover_Cropland,0.21811658143997192,6.393499143257703,Krishnarajpet,22.196604075047475,Chowda Ghatta,"{""type"":""Polygon"",""coordinates"":[[[76.58125809629713,12.658989942816554],[76.58098448938723,12.658902184042901],[76.58081766207088,12.658673213567326],[76.58082251170524,12.65839222949527],[76.58099727476986,12.6581689425525],[76.58127379142283,12.65809030421554],[76.58154413525257,12.65818706645057],[76.58170293773873,12.658421455025236],[76.58168830076045,12.658702112181134],[76.58150586743918,12.658919523801012],[76.58125809629713,12.658989942816554]]]}"
0000000000000000006a,Mandya,0.7355073748684549,MM-MD-0078,0.5166216637241666,0.6565787221919519,10.0,705.3799896240234,81.00129531598428,ESA_WorldCover_Cropland,0.21811658143997192,6.328502440544194,Krishnarajpet,22.196604075047475,Chowda Ghatta,"{""type"":""Polygon"",""coordinates"":[[[76.58116824607431,12.659079732180219],[76.5808947271478,12.65899206338435],[76.58072781153943,12.658763002463722],[76.58073266117718,12.658482103970199],[76.58090751253938,12.658258735821871],[76.58118394121102,12.658180178857066],[76.58145437340494,12.658276945828192],[76.58161317600226,12.658511334631452],[76.5815984508391,12.658791901703719],[76.58141601738997,12.659009313303704],[76.58116824607431,12.659079732180219]]]}"
0000000000000000006b,Mandya,0.7355073748660088,MM-MD-0099,0.5001168224299065,0.6189306771926201,10.0,705.3799896240234,81.00129531598428,ESA_WorldCover_Cropland,0.21811658143997192,6.2,Krishnarajpet,22.196604075047475,Chowda Ghatta,"{""type"":""Polygon"",""coordinates"":[[[76.57631738687647,12.65836114296083],[76.57604376942686,12.658273380584264],[76.57587693568428,12.658044411761495],[76.57588178550543,12.657763433952223],[76.57605655530199,12.657540069726268],[76.57633308260677,12.657461524414389],[76.57660343685087,12.657558289988511],[76.57676224545467,12.657792676629407],[76.57674751973457,12.65807332283284],[76.57656507938516,12.65829072599681],[76.57631738687647,12.65836114296083]]]}"
0000000000000000006f,Mandya,0.7355073748669022,MM-MD-0118,0.5003504309002181,0.6644423978718884,10.0,705.3799896240234,81.00129531598428,ESA_WorldCover_Cropland,0.21811658143997192,6.36481154604921,Krishnarajpet,22.196604075047475,Chowda Ghatta,"{""type"":""Polygon"",""coordinates"":[[[76.57730550871447,12.654228881540282],[76.57703198155001,12.654141131554908],[76.57686506091456,12.653912168899883],[76.57686991069836,12.653631200376026],[76.57704467914888,12.653407840430077],[76.57732120432388,12.653329207010154],[76.57759155648567,12.653425964449724],[76.57775036386626,12.653660426099702],[76.57773572643686,12.653941067705714],[76.57755328749282,12.65415846692821],[76.57730550871447,12.654228881540282]]]}"
00000000000000000071,Mandya,0.7355073748652462,MM-MD-0139,0.5511735382698101,0.5797149350688713,10.379063246443037,705.3799896240234,81.00129531598428,ESA_WorldCover_Cropland,0.21811658143997192,6.1,Krishnarajpet,22.196604075047475,Chowda Ghatta,"{""type"":""Polygon"",""coordinates"":[[[76.57946152075897,12.658900087688801],[76.5791879100158,12.658812413086132],[76.57902099218583,12.65858335263931],[76.57902593006453,12.65830246071425],[76.57920069557754,12.65807909092786],[76.57947712792847,12.658000450781667],[76.579747563722,12.65809721897273],[76.57990636843311,12.658331692920497],[76.57989164307395,12.658612257855394],[76.57970920719649,12.658829666584083],[76.57946152075897,12.658900087688801]]]}"
00000000000000000075,Mandya,0.7355073748666797,MM-MD-0186,0.5325155763239876,0.64850189927475,10.0,705.3799896240234,81.00129531598428,ESA_WorldCover_Cropland,0.21811658143997192,6.1,Krishnarajpet,22.196604075047475,Chowda Ghatta,"{""type"":""Polygon"",""coordinates"":[[[76.58071908219101,12.658989960098694],[76.58044556230637,12.65890220531476],[76.58027864611333,12.658673230343904],[76.58028349576807,12.658392246785237],[76.58045834774273,12.658168965164121],[76.58073477738269,12.658090323141767],[76.58100521052395,12.658187090359315],[76.58116401367758,12.658421478901737],[76.58114928846284,12.658702131023144],[76.58096685437462,12.658919541811336],[76.58071908219101,12.658989960098694]]]}"
00000000000000000077,Mandya,0.7355073748654805,MM-MD-0214,0.5394583787713554,0.6383864750775693,10.0,705.3799896240234,81.00129531598428,ESA_WorldCover_Cropland,0.21811658143997192,6.221145557459618,Krishnarajpet,22.196604075047475,Chowda Ghatta,"{""type"":""Polygon"",""coordinates"":[[[76.57676656617464,12.654767852677882],[76.57649294968296,12.654680096778097],[76.57632602834619,12.65445113273391],[76.57633096632864,12.654170167887862],[76.57650573551334,12.653946808010105],[76.57678217367204,12.653868256733011],[76.57705261514755,12.653965020100335],[76.57721142319532,12.654199397411166],[76.57719669752676,12.654480035297484],[76.57701425781615,12.654697434401436],[76.57676656617464,12.654767852677882]]]}"
0000000000000000007b,Mandya,0.7355073748669781,MM-MD-0283,0.584530300669886,0.5747541638825041,10.0,705.3799896240234,81.00129531598428,ESA_WorldCover_Cropland,0.21811658143997192,6.2,Krishnarajpet,22.196604075047475,Chowda Ghatta,"{""type"":""Polygon"",""coordinates"":[[[76.58071908219101,12.6536000418821],[76.58044556230637,12.653512296174048],[76.58027864611333,12.653283335123719],[76.5802835839436,12.653002369400985],[76.58045834774273,12.652779005120356],[76.58073477738269,12.652700447631648],[76.58100521052395,12.652797205397484],[76.58116401367758,12.653031579905106],[76.58114928846284,12.653312218879233],[76.58096685437462,12.65352962253612],[76.58071908219101,12.6536000418821]]]}"
0000000000000000007d,Mandya,0.7355073748650982,MM-MD-0289,0.6485407145824671,0.4621793327474119,10.0,705.3799896240234,81.00129531598428,ESA_WorldCover_Cropland,0.21811658143997192,6.259140008309094,Krishnarajpet,22.196604075047475,Chowda Ghatta,"{""type"":""Polygon"",""coordinates"":[[[76.58098863361485,12.656025477191642],[76.58071502612994,12.655937723156065],[76.58054811028764,12.655708755839253],[76.58055304810755,12.655427783856863],[76.58072781153943,12.655204501477272],[76.58100432877353,12.655125862898043],[76.58127467317142,12.655222620178268],[76.5814334759913,12.655457001018497],[76.5814187508075,12.655737646178183],[76.5812363171027,12.655955053460623],[76.58098863361485,12.656025477191642]]]}"
0000000000000000007e,Mandya,0.7355073748663126,MM-MD-0296,0.623536743702935,0.7177062645396044,10.0,705.3799896240234,81.00129531598428,ESA_WorldCover_Cropland,0.21811658143997192,6.2,Krishnarajpet,22.196604075047475,Chowda Ghatta,"{""type"":""Polygon"",""coordinates"":[[[76.58242587894169,12.654677994719588],[76.58215236269815,12.654590248805453],[76.58198544872701,12.654361284960936],[76.58199038649157,12.654080314943704],[76.5821651479643,12.65385703225606],[76.58244157392444,12.65377838671974],[76.58271200346557,12.653875144841656],[76.58287080450509,12.65410960797173],[76.58285607948639,12.654390165563242],[76.58267364782687,12.65460757327998],[76.58242587894169,12.654677994719588]]]}"
0000000000000000007f,Mandya,0.7355073748667396,MM-MD-0299,0.6055434387495463,0.7233976842955411,10.0,705.3799896240234,81.00129531598428,ESA_WorldCover_Cropland,0.21811658143997192,6.2,Krishnarajpet,22.196604075047475,Chowda Ghatta,"{""type"":""Polygon"",""coordinates"":[[[76.5814377965539,12.655037314123845],[76.58116419002745,12.654949647888792],[76.58099727476986,12.654720597409186],[76.58100221257246,12.654439627444264],[76.58117697539215,12.654216345762748],[76.58145349165758,12.654137706290394],[76.58172383510842,12.654234461434417],[76.58188263737199,12.654468925440804],[76.58186791223979,12.654749482924853],[76.58168547917408,12.654966889592655],[76.5814377965539,12.655037314123845]]]}"
00000000000000000080,Mandya,0.7355073748660262,MM-MD-0303,0.504268134378732,0.6758276533020258,15.0,705.3799896240234,81.00129531598428,ESA_WorldCover_Cropland,0.21811658143997192,6.1,Krishnarajpet,22.196604075047475,Chowda Ghatta,"{""type"":""Polygon"",""coordinates"":[[[76.57847332735226,12.659349300611126],[76.57819971450098,12.659261538604547],[76.57803288356209,12.659032567217492],[76.57803773330174,12.658751584909174],[76.57821250016124,12.658528216003965],[76.57848902281877,12.65844966765911],[76.57875937251923,12.658546433027652],[76.57891817845397,12.658780822370797],[76.57890354115784,12.65906139191552],[76.57872101569818,12.659278795214187],[76.57847332735226,12.659349300611126]]]}"
00000000000000000081,Mandya,0.7355073748665245,MM-MD-0314,0.5988108837885546,0.6650211897876417,10.0,705.3799896240234,81.00129531598428,ESA_WorldCover_Cropland,0.21811658143997192,6.4,Krishnarajpet,22.196604075047475,Chowda Ghatta,"{""type"":""Polygon"",""coordinates"":[[[76.57847332735226,12.65476783462542],[76.57819971450098,12.654680080335517],[76.57803288356209,12.654451120779253],[76.57803773330174,12.654170149808616],[76.57821250016124,12.65394687303359],[76.57848902281877,12.653868237971135],[76.57875937251923,12.653964995306623],[76.57891817845397,12.654199372720361],[76.57890354115784,12.654480016804298],[76.57872101569818,12.65469741404426],[76.57847332735226,12.65476783462542]]]}"
00000000000000000082,Mandya,0.7355073748658296,MM-MD-0319,0.5511813272406274,0.6339633180130082,13.935766953993145,705.3799896240234,81.00129531598428,ESA_WorldCover_Cropland,0.21811658143997192,6.1,Krishnarajpet,22.196604075047475,Chowda Ghatta,"{""type"":""Polygon"",""coordinates"":[[[76.57892249910132,12.658900100762732],[76.57864888720822,12.658812339936501],[76.57848196867677,12.658583365207539],[76.57848690657622,12.658302388081678],[76.5786616728237,12.65807910483338],[76.57893819451287,12.658000469998385],[76.57920854326655,12.65809723417561],[76.57936734864512,12.658331622376297],[76.57935271140025,12.658612276987782],[76.57917018657982,12.658829680386022],[76.57892249910132,12.658900100762732]]]}"
00000000000000000084,Mandya,0.735507374865626,MM-MD-0335,0.5166182120236736,0.5869415269225998,12.064946526840414,705.3799896240234,81.00129531598428,ESA_WorldCover_Cropland,0.21811658143997192,6.1,Krishnarajpet,22.196604075047475,Chowda Ghatta,"{""type"":""Polygon"",""coordinates"":[[[76.57919196612518,12.659079793749795],[76.57891835480693,12.658992032875211],[76.57875152480275,12.658763062179734],[76.57875637451524,12.658482079853558],[76.57893114039555,12.658258795941943],[76.57920766150374,12.658180160739997],[76.5794780096894,12.658276924989996],[76.57963681473433,12.658511313674667],[76.57962217752019,12.658791968992688],[76.57943974125939,12.65900937754321],[76.57919196612518,12.659079793749795]]]}"
00000000000000000086,Mandya,0.7355073748674473,MM-MD-0387,0.6007166225268729,0.698746364405836,14.445915770888506,705.3799896240234,81.00129531598428,ESA_WorldCover_Cropland,0.21811658143997192,6.111081684582236,Krishnarajpet,22.196604075047475,Chowda Ghatta,"{""type"":""Polygon"",""coordinates"":[[[76.57793430154165,12.658271278460145],[76.57766077571793,12.658183522259737],[76.57749385590064,12.657954549160074],[76.57749879383813,12.657673574531634],[76.5776735614319,12.657450293673579],[76.57794999707413,12.657371655691923],[76.57822043608765,12.65746842415375],[76.57837924268968,12.657702810657952],[76.57836451715517,12.65798345825307],[76.57818207910545,12.658200863793605],[76.57793430154165,12.658271278460145]]]}"
00000000000000000088,Mandya,0.7355073748660534,MM-MD-0400,0.533751363140676,0.628701046652583,10.0,705.3799896240234,81.00129531598428,ESA_WorldCover_Cropland,0.21811658143997192,6.205494106039355,Krishnarajpet,22.196604075047475,Chowda Ghatta,"{""type"":""Polygon"",""coordinates"":[[[76.57667671280521,12.655217024414032],[76.57640309612191,12.655129267672791],[76.57623626284656,12.65490030696747],[76.57624111265415,12.654619336596758],[76.57641588196122,12.654395976226802],[76.57669240849155,12.654317429681935],[76.57696276197846,12.654414189419638],[76.57712157013748,12.654648567894874],[76.5771068444586,12.654929206787475],[76.57692440462019,12.655146606347097],[76.57667671280521,12.655217024414032]]]}"
0000000000000000008a,Mandya,0.7355073748661484,MM-MD-0415,0.6407155467857506,0.5268507394463764,10.0,705.3799896240234,81.00129531598428,ESA_WorldCover_Cropland,0.21811658143997192,6.1,Krishnarajpet,22.196604075047475,Chowda Ghatta,"{""type"":""Polygon"",""coordinates"":[[[76.58018015399469,12.658450918120298],[76.5799065447847,12.658363244952],[76.57973962789008,12.658134185661217],[76.5797445657411,12.657853294162358],[76.57991933027482,12.657629923906937],[76.58019584925232,12.657551287077276],[76.58046619535476,12.657648049336437],[76.58062499917595,12.65788252215782],[76.58061027389931,12.658163086713278],[76.58042783904419,12.658380495956829],[76.58018015399469,12.658450918120298]]]}"
0000000000000000008c,Mandya,0.7355073748676909,MM-MD-0419,0.5166208006646243,0.6182129181658073,10.0,705.3799896240234,81.00129531598428,ESA_WorldCover_Cropland,0.21811658143997192,6.562095643595207,Krishnarajpet,22.196604075047475,Chowda Ghatta,"{""type"":""Polygon"",""coordinates"":[[[76.58152764658783,12.659079808897589],[76.58125404025311,12.658992050226962],[76.58108712511249,12.658763075019746],[76.58109206291162,12.658482094966669],[76.58126682560885,12.65825872177115],[76.58154325350584,12.658180164264817],[76.5818136849419,12.658276930912757],[76.58197248709416,12.658511319737507],[76.58195776197229,12.658791972883165],[76.58177532903443,12.659009299321866],[76.58152764658783,12.659079808897589]]]}"
0000000000000000008d,Mandya,0.7355073748656099,MM-MD-0430,0.5325206418445241,0.6289312483135526,10.0,705.3799896240234,81.00129531598428,ESA_WorldCover_Cropland,0.21811658143997192,6.512057952952178,Krishnarajpet,22.196604075047475,Chowda Ghatta,"{""type"":""Polygon"",""coordinates"":[[[76.5814377965539,12.658989938263913],[76.58116419002745,12.658902179659838],[76.58099727476986,12.65867320468515],[76.58100221257246,12.658392224940016],[76.58117697539215,12.658168937722692],[76.58145349165758,12.658090299114784],[76.58172383510842,12.658187061188254],[76.58188263737199,12.658421449773677],[76.58186791223979,12.658702102610702],[76.58168547917408,12.658919514507708],[76.5814377965539,12.658989938263913]]]}"
00000000000000000090,Mandya,0.7355073748669765,MM-MD-0464,0.5476529234603795,0.7233108143225959,15.0,705.3799896240234,81.00129531598428,ESA_WorldCover_Cropland,0.21811658143997192,6.1,Krishnarajpet,22.196604075047475,Chowda Ghatta,"{""type"":""Polygon"",""coordinates"":[[[76.57775468455294,12.658630599176563],[76.57748107016876,12.658542837702297],[76.57731423829522,12.658313868175124],[76.57731908806204,12.658032888329663],[76.57749385590064,12.65780960724316],[76.5777703801074,12.657730974110015],[76.57804073132253,12.65782773886456],[76.57819953814703,12.658062126293459],[76.57818490076887,12.658342779084853],[76.57800237428657,12.658560180324205],[76.57775468455294,12.658630599176563]]]}"
00000000000000000094,Mandya,0.7355073748664015,MM-MD-0484,0.5899828633743571,0.5996738700246907,10.0,705.3799896240234,81.00129531598428,ESA_WorldCover_Cropland,0.21811658143997192,6.113735265098412,Krishnarajpet,22.196604075047475,Chowda Ghatta,"{""type"":""Polygon"",""coordinates"":[[[76.58080893272859,12.658720425951723],[76.58053532486024,12.658632667208087],[76.58036849695951,12.658403697430952],[76.58037334661086,12.658122800168305],[76.58054811028764,12.657899428574433],[76.58082462790927,12.65782079085572],[76.58109497268605,12.657917553022088],[76.58125386390337,12.658152031081011],[76.58123913869895,12.658432596919631],[76.58105670473857,12.658650007489996],[76.58080893272859,12.658720425951723]]]}"
00000000000000000095,Mandya,0.7355073748669644,MM-MD-0487,0.6397949117341634,0.5824231540705468,10.0,705.3799896240234,81.00129531598428,ESA_WorldCover_Cropland,0.21811658143997192,6.2,Krishnarajpet,22.196604075047475,Chowda Ghatta,"{""type"":""Polygon"",""coordinates"":[[[76.58080893272859,12.655037385007105],[76.58053532486024,12.654949632466206],[76.58036849695951,12.654720586487372],[76.58037334661086,12.654439698336667],[76.58054811028764,12.65421633190395],[76.58082462790927,12.654137693379564],[76.58109497268605,12.654234449088694],[76.5812537757285,12.654468913057045],[76.58123913869895,12.654749560124046],[76.58105670473856,12.654966880109358],[76.58080893272859,12.655037385007105]]]}"
00000000000000000096,Mandya,0.7355073748661572,MM-MD-0488,0.5038243846713054,0.5583974051993198,10.879374805275729,705.3799896240234,81.00129531598428,ESA_WorldCover_Cropland,0.21811658143997192,6.1,Krishnarajpet,22.196604075047475,Chowda Ghatta,"{""type"":""Polygon"",""coordinates"":[[[76.57937166927734,12.659169620462386],[76.57909805834245,12.659081859606097],[76.57893114039555,12.658852884178714],[76.5789360782777,12.658571905958034],[76.57911084391316,12.658348621646077],[76.57938736463392,12.65826998619284],[76.57965771244075,12.658366750438763],[76.57981651726313,12.658601139368061],[76.57980179189366,12.658881790585465],[76.57961935588835,12.65909919953194],[76.57937166927734,12.659169620462386]]]}"
00000000000000000098,Mandya,0.7355073748657524,MM-MD-0527,0.5826055350745103,0.675725589584746,10.0,705.3799896240234,81.00129531598428,ESA_WorldCover_Cropland,0.21811658143997192,6.266130120982392,Krishnarajpet,22.196604075047475,Chowda Ghatta,"{""type"":""Polygon"",""coordinates"":[[[76.57694618454687,12.655306883828706],[76.57667256843827,12.655219127190264],[76.57650573551334,12.654990080539928],[76.57651058531071,12.654709195401287],[76.57668535425073,12.654485834493578],[76.57696188020024,12.65440720185134],[76.57723223311928,12.654503961504322],[76.57739104094472,12.654738425940932],[76.5773764034743,12.655018984107922],[76.57719387584159,12.655236379703881],[76.57694618454687,12.655306883828706]]]}"
00000000000000000099,Mandya,0.7355073748656088,MM-MD-0534,0.5325189531623222,0.6379764162190362,10.0,705.3799896240234,81.00129531598428,ESA_WorldCover_Cropland,0.21811658143997192,6.454787620729052,Krishnarajpet,22.196604075047475,Chowda Ghatta,"{""type"":""Polygon"",""coordinates"":[[[76.58134794645702,12.658989897700613],[76.58107433973883,12.658902224727342],[76.58090742436427,12.658673164037726],[76.58091236217032,12.658392270093392],[76.58108712511249,12.658168897298323],[76.5813636415717,12.658090344540865],[76.581633985212,12.658187106695191],[76.58179278758685,12.658421495275341],[76.58177815061882,12.658702066805219],[76.58159562925076,12.658919474065742],[76.58134794645702,12.658989897700613]]]}"
0000000000000000009a,Mandya,0.73550737486645,MM-MD-0546,0.5706115985670526,0.6152688987085099,10.0,705.3799896240234,81.00129531598428,ESA_WorldCover_Cropland,0.21811658143997192,6.1,Krishnarajpet,22.196604075047475,Chowda Ghatta,"{""type"":""Polygon"",""coordinates"":[[[76.58071908219101,12.65881030058085],[76.58044556230637,12.658722546099394],[76.58027864611333,12.658493571592437],[76.58028349576807,12.65821258847828],[76.58045834774273,12.65798922139399],[76.58073477738269,12.65791066504702],[76.58100521052395,12.658007431949564],[76.58116401367758,12.658241820024282],[76.58114928846284,12.658522471707583],[76.58096685437462,12.658739882258171],[76.58071908219101,12.65881030058085]]]}"
0000000000000000009b,Mandya,0.7355073748648583,MM-MD-0560,0.5328504672897199,0.598955732603554,10.0,705.3799896240234,81.00129531598428,ESA_WorldCover_Cropland,0.21811658143997192,6.665882658359287,Krishnarajpet,22.196604075047475,Chowda Ghatta,"{""type"":""Polygon"",""coordinates"":[[[76.58251572828316,12.660157780898984],[76.5822421240571,12.660070021345714],[76.58207529837715,12.65984104784809],[76.58208014796394,12.659560059688955],[76.58225490931433,12.659336769189705],[76.58253142325489,12.659258129212066],[76.5828018526065,12.659354896861045],[76.58296065353471,12.659589288550974],[76.58294592852633,12.659869945309142],[76.58276349699467,12.660087360413938],[76.58251572828316,12.660157780898984]]]}"
0000000000000000009e,Mandya,0.7355073748673148,MM-MD-0585,0.6174810468376771,0.6500814457832826,10.0,705.3799896240234,81.00129531598428,ESA_WorldCover_Cropland,0.21811658143997192,6.4,Krishnarajpet,22.196604075047475,Chowda Ghatta,"{""type"":""Polygon"",""coordinates"":[[[76.57865303151131,12.654857655706525],[76.57837941904337,12.654769987146436],[76.57821250016124,12.654540937147685],[76.57821743807106,12.654259970281277],[76.57839220468571,12.654036693105867],[76.57866863877919,12.653958053294751],[76.5789390762775,12.654054815123672],[76.57909788198974,12.654289192782162],[76.57908315653775,12.654569832766745],[76.57890071951019,12.654787234900324],[76.57865303151131,12.654857655706525]]]}"
0000000000000000009f,Mandya,0.7355073748666149,MM-MD-0590,0.5947889079295835,0.705507252879947,14.872513891052606,705.3799896240234,81.00129531598428,ESA_WorldCover_Cropland,0.21811658143997192,6.102549722178953,Krishnarajpet,22.196604075047475,Chowda Ghatta,"{""type"":""Polygon"",""coordinates"":[[[76.57793430154165,12.658361106925563],[76.57766077571793,12.658273350573893],[76.57749385590064,12.658044377242259],[76.57749879383813,12.65776340239158],[76.5776735614319,12.657540121407761],[76.57794999707413,12.65746148344575],[76.57822043608765,12.65755825206511],[76.57837924268966,12.657792638803187],[76.57836451715517,12.658073286617366],[76.57818207910545,12.658290692276696],[76.57793430154165,12.658361106925563]]]}"
000000000000000000a1,Mandya,0.7355073748651006,MM-MD-0600,0.5129023883696779,0.6202173771538213,10.0,705.3799896240234,81.00129531598428,ESA_WorldCover_Cropland,0.21811658143997192,6.2,Krishnarajpet,22.196604075047475,Chowda Ghatta,"{""type"":""Polygon"",""coordinates"":[[[76.57658685937285,12.654767855957395],[76.57631324249793,12.654680099888106],[76.57614640910573,12.654451140343495],[76.57615125891671,12.654170171170213],[76.57632602834619,12.653946811567078],[76.57660255507018,12.653868265058955],[76.57687290874645,12.653965024089672],[76.5770317170167,12.65419940138966],[76.57701707950527,12.654480043595171],[76.57683455136132,12.654697437923623],[76.57658685937285,12.654767855957395]]]}"
000000000000000000a5,Mandya,0.7355073748655964,MM-MD-0644,0.6493353756685178,0.6262640424305104,10.0,705.3799896240234,81.00129531598428,ESA_WorldCover_Cropland,0.21811658143997192,6.697450542603452,Krishnarajpet,22.196604075047475,Chowda Ghatta,"{""type"":""Polygon"",""coordinates"":[[[76.58404289293365,12.652072939304734],[76.58376929196723,12.651985194806894],[76.58360238010145,12.651756151971899],[76.58360731780371,12.651475186862777],[76.58378207707212,12.651251905356277],[76.5840585877184,12.651173261310174],[76.58432892567534,12.65127000891566],[76.58448772471164,12.651504465356474],[76.58447308805134,12.651785108408419],[76.58429057052045,12.65200251067621],[76.58404289293365,12.652072939304734]]]}"
000000000000000000a6,Mandya,0.7355073748664986,MM-MD-0651,0.6106745949314503,0.39570275693421353,10.0,705.3799896240234,81.00129531598428,ESA_WorldCover_Cropland,0.21811658143997192,6.6,Krishnarajpet,22.196604075047475,Chowda Ghatta,"{""type"":""Polygon"",""coordinates"":[[[76.58215641871377,12.65782212228983],[76.58188281372088,12.657734366330311],[76.58171598757338,12.657505398864629],[76.58172083717373,12.65722441682647],[76.58189559901392,12.657001130146458],[76.58217211372948,12.656922490199593],[76.58244245566499,12.657019249579923],[76.5826012570384,12.657253635168177],[76.58258662016269,12.657534290370046],[76.58240418811971,12.657751701831312],[76.58215641871377,12.65782212228983]]]}"
000000000000000000a7,Mandya,0.7355073748660753,MM-MD-0654,0.5726829015005966,0.6768998108998616,10.0,705.3799896240234,81.00129531598428,ESA_WorldCover_Cropland,0.21811658143997192,6.266836284334589,Krishnarajpet,22.196604075047475,Chowda Ghatta,"{""type"":""Polygon"",""coordinates"":[[[76.57703603772757,12.655755969269597],[76.5767624218106,12.65566829767123],[76.57659558900251,12.655439249859871],[76.5766004387965,12.655158277812829],[76.5767752076141,12.654935001849745],[76.57705173336994,12.654856369170398],[76.57732208609963,12.654953129530329],[76.57748089381383,12.655187509430808],[76.57746616817619,12.655468149996096],[76.57728372884878,12.655685550823229],[76.57703603772757,12.655755969269597]]]}"
000000000000000000aa,Mandya,0.7355073748667017,MM-MD-0697,0.6344350399833831,0.6240678456422014,10.0,705.3799896240234,81.00129531598428,ESA_WorldCover_Cropland,0.21811658143997192,6.2,Krishnarajpet,22.196604075047475,Chowda Ghatta,"{""type"":""Polygon"",""coordinates"":[[[76.58098863361485,12.655127205265403],[76.58071502612994,12.65503945274273],[76.58054811028764,12.654810402033752],[76.58055304810755,12.654529517986632],[76.58072781153943,12.654306151153433],[76.58100432877353,12.65422759808974],[76.58127467317142,12.65432435379502],[76.5814334759913,12.654558732296103],[76.5814187508075,12.654839375264515],[76.5812363171027,12.655056781358313],[76.58098863361485,12.655127205265403]]]}"
000000000000000000ac,Mandya,0.7355073748672338,MM-MD-0700,0.5171599937684996,0.7008589120370726,10.0,705.3799896240234,81.00129531598428,ESA_WorldCover_Cropland,0.21811658143997192,6.2,Krishnarajpet,22.196604075047475,Chowda Ghatta,"{""type"":""Polygon"",""coordinates"":[[[76.57703603772757,12.65674414706474],[76.5767624218106,12.65665638808992],[76.5765955890025,12.656427423438355],[76.5766004387965,12.656146448945659],[76.5767752076141,12.65592317159866],[76.57705173336994,12.655844539135755],[76.57732208609963,12.655941301228538],[76.57748089381383,12.656175683702337],[76.57746616817619,12.65645632667803],[76.57728372884878,12.656673728812413],[76.57703603772757,12.65674414706474]]]}"
000000000000000000ad,Mandya,0.735507374866002,MM-MD-0717,0.5234813084112148,0.6733699349858523,10.0,705.3799896240234,81.00129531598428,ESA_WorldCover_Cropland,0.21811658143997192,6.364807892004146,Krishnarajpet,22.196604075047475,Chowda Ghatta,"{""type"":""Polygon"",""coordinates"":[[[76.57730550871447,12.654408531730363],[76.57703198155001,12.6543207814424],[76.57686506091456,12.654091818323279],[76.57686991069836,12.653810849354702],[76.57704467914888,12.653587489156946],[76.57732120432388,12.653508941486699],[76.57759155648567,12.653605699241483],[76.57775036386626,12.653840075648992],[76.57773572643686,12.654120717693374],[76.57755328749282,12.654338117153602],[76.57730550871447,12.654408531730363]]]}"
000000000000000000af,Mandya,0.7355073748651888,MM-MD-0745,0.6109342542584124,0.6466655794149638,10.0,705.3799896240234,81.00129531598428,ESA_WorldCover_Cropland,0.21811658143997192,6.291410469464055,Krishnarajpet,22.196604075047475,Chowda Ghatta,"{""type"":""Polygon"",""coordinates"":[[[76.57703603772757,12.655127187905578],[76.5767624218106,12.655039431654611],[76.57659558900251,12.65481047117909],[76.5766004387965,12.654529500688364],[76.5767752076141,12.654306139895176],[76.57705173336994,12.654227592788958],[76.57732208609963,12.65432435204621],[76.57748089381383,12.654558730309159],[76.57746616817619,12.65483936934056],[76.57728372884878,12.655056769335777],[76.57703603772757,12.655127187905578]]]}"
000000000000000000b0,Mandya,0.7355073748661033,MM-MD-0747,0.6113407415100222,0.6593608374825629,10.0,705.3799896240234,81.00129531598428,ESA_WorldCover_Cropland,0.21811658143997192,6.304974556028662,Krishnarajpet,22.196604075047475,Chowda Ghatta,"{""type"":""Polygon"",""coordinates"":[[[76.58152764658783,12.655755971152303],[76.58125404025311,12.655668303792208],[76.58108712511249,12.655439251455338],[76.58109206291162,12.655158279626258],[76.58126682560886,12.65493499680072],[76.58154325350584,12.654856352853402],[76.5818136849419,12.654953113673288],[76.58197248709416,12.655187579557078],[76.58195776197229,12.655468138883187],[76.58177532903443,12.655685546640619],[76.58152764658783,12.655755971152303]]]}"
000000000000000000b5,Mandya,0.735507374865101,MM-MD-0797,0.5348268521883598,0.7032450827918968,10.0,705.3799896240234,81.00129531598428,ESA_WorldCover_Cropland,0.21811658143997192,6.2,Krishnarajpet,22.196604075047475,Chowda Ghatta,"{""type"":""Polygon"",""coordinates"":[[[76.57730550871447,12.657283145114612],[76.57703189337224,12.657195385486105],[76.57686506091456,12.656966419440987],[76.57686991069836,12.656685443357683],[76.57704467914888,12.656462164844152],[76.57732120432388,12.656383532093034],[76.57759155648567,12.65648029488875],[76.57775036386626,12.65671467878229],[76.57773572643686,12.656995327839828],[76.57755328749282,12.657212731103128],[76.57730550871447,12.657283145114612]]]}"
000000000000000000b6,Mandya,0.7355073748662192,MM-MD-0804,0.5988291188535222,0.6644735667416714,10.0,705.3799896240234,81.00129531598428,ESA_WorldCover_Cropland,0.21811658143997192,6.394506464510091,Krishnarajpet,22.196604075047475,Chowda Ghatta,"{""type"":""Polygon"",""coordinates"":[[[76.57874279531981,12.654767865716373],[76.57846927122014,12.654680116178305],[76.57830235245494,12.654451152122583],[76.57830729036131,12.654170185392756],[76.57848205685353,12.653946822494822],[76.57875849075336,12.653868268239698],[76.57902883988582,12.653965025333099],[76.57918764548691,12.654199402763156],[76.57917300822153,12.654480047115475],[76.57899057132178,12.654697449268879],[76.57874279531981,12.654767865716373]]]}"
000000000000000000b8,Mandya,0.7355073748662068,MM-MD-0817,0.6315751220018684,0.6935396182424868,10.0,705.3799896240234,81.00129531598428,ESA_WorldCover_Cropland,0.21811658143997192,6.2,Krishnarajpet,22.196604075047475,Chowda Ghatta,"{""type"":""Polygon"",""coordinates"":[[[76.5776648318756,12.65683399882151],[76.5773913054773,12.656746244787364],[76.57722438530938,12.656517275401104],[76.5772292350796,12.656236300086936],[76.57740400304061,12.656012935941016],[76.57768052744105,12.65593438826203],[76.57795087884556,12.65603114994722],[76.5781096857813,12.656265532692863],[76.5780950483929,12.65654618101258],[76.5779126099599,12.656763584236263],[76.5776648318756,12.65683399882151]]]}"
000000000000000000ba,Mandya,0.7355073748676793,MM-MD-0824,0.6280183829256892,0.458775766782553,10.0,705.3799896240234,81.00129531598428,ESA_WorldCover_Cropland,0.21811658143997192,6.51944747364595,Krishnarajpet,22.196604075047475,Chowda Ghatta,"{""type"":""Polygon"",""coordinates"":[[[76.5814377965539,12.656294983405855],[76.58116419002745,12.656207229340108],[76.58099727476986,12.655978261324737],[76.58100221257246,12.655697288247417],[76.58117697539215,12.655474004804116],[76.58145349165758,12.655395365606694],[76.58172383510842,12.655492122955737],[76.58188263737199,12.65572650452472],[76.58186791223979,12.656007150789119],[76.58168547917408,12.656224559121142],[76.5814377965539,12.656294983405855]]]}"
000000000000000000bb,Mandya,0.7355073748665867,MM-MD-0833,0.6265162529857715,0.5849532681297704,10.0,705.3799896240234,81.00129531598428,ESA_WorldCover_Cropland,0.21811658143997192,6.1,Krishnarajpet,22.196604075047475,Chowda Ghatta,"{""type"":""Polygon"",""coordinates"":[[[76.5798208378802,12.658540759350743],[76.57954722790362,12.658453085692077],[76.57938031054131,12.658224026171313],[76.57938524840617,12.657943134792582],[76.57956001342954,12.657719764960419],[76.57983644500598,12.657641124194017],[76.58010688004177,12.657737891431866],[76.58026568430795,12.657972364465552],[76.58025095899004,12.658252928882256],[76.58006852362374,12.658470337690188],[76.5798208378802,12.658540759350743]]]}"
000000000000000000be,Mandya,0.7355073748656545,MM-MD-0851,0.5487226751129342,0.624423280392923,10.0,705.3799896240234,81.00129531598428,ESA_WorldCover_Cropland,0.21811658143997192,6.2,Krishnarajpet,22.196604075047475,Chowda Ghatta,"{""type"":""Polygon"",""coordinates"":[[[76.57568858612436,12.659169564574324],[76.57541496733381,12.659081885956793],[76.57524804459467,12.658852824836051],[76.5752529826186,12.658571935839701],[76.57542775327161,12.65834857144244],[76.57570419375288,12.65826993704302],[76.57597463750065,12.658366709099882],[76.57613344688278,12.658601183521604],[76.57611872109048,12.658881745356071],[76.57593627984696,12.659099148618571],[76.57568858612436,12.659169564574324]]]}"
000000000000000000c0,Mandya,0.7355073748653936,MM-MD-0869,0.5388026377278153,0.6566939059362531,10.0,705.3799896240234,81.00129531598428,ESA_WorldCover_Cropland,0.21811658143997192,6.221434134690268,Krishnarajpet,22.196604075047475,Chowda Ghatta,"{""type"":""Polygon"",""coordinates"":[[[76.57694618454687,12.656025492318939],[76.57667256843827,12.655937734469939],[76.57650573551334,12.655708771674888],[76.57651058531071,12.655427799046384],[76.57668535425073,12.655204522843116],[76.57696188020024,12.655125890358269],[76.57723223311928,12.655222651271588],[76.57739104094472,12.655457031868544],[76.5773764034743,12.655737677500271],[76.57719387584159,12.655955074046831],[76.57694618454687,12.656025492318939]]]}"
000000000000000000c3,Mandya,0.7355073748661807,MM-MD-0897,0.6299922118380066,0.7184299391108337,10.0,705.3799896240234,81.00129531598428,ESA_WorldCover_Cropland,0.21811658143997192,6.2,Krishnarajpet,22.196604075047475,Chowda Ghatta,"{""type"":""Polygon"",""coordinates"":[[[76.58251572828316,12.654588206665828],[76.5822421240571,12.654500456491382],[76.58207529837715,12.654271497374499],[76.58208014796394,12.653990522997772],[76.58225490931433,12.65376715458686],[76.58253142325489,12.653688599103484],[76.58280176443269,12.65378535249141],[76.58296065353471,12.654019734176432],[76.58294592852633,12.654300377350747],[76.58276349699467,12.65451778508726],[76.58251572828316,12.654588206665828]]]}"
000000000000000000c7,Mandya,0.7355073748671037,MM-MD-0924,0.5699060130854707,0.720071870575303,10.0,705.3799896240234,81.00129531598428,ESA_WorldCover_Cropland,0.21811658143997192,6.2,Krishnarajpet,22.196604075047475,Chowda Ghatta,"{""type"":""Polygon"",""coordinates"":[[[76.5773953616435,12.657013618968296],[76.57712174649289,12.656925945591452],[76.57695491415207,12.656696894528901],[76.57695976393249,12.656415919026973],[76.5771345322606,12.656192640753561],[76.5774110572419,12.656114007807922],[76.57768140921432,12.65621077005027],[76.5778402164837,12.656445153247406],[76.5778254908873,12.65672579723831],[76.57764305207094,12.65694320028362],[76.5773953616435,12.657013618968296]]]}"
000000000000000000c8,Mandya,0.7355073748658874,MM-MD-0926,0.5001168284957682,0.5763003760386861,10.0,705.3799896240234,81.00129531598428,ESA_WorldCover_Cropland,0.21811658143997192,6.2,Krishnarajpet,22.196604075047475,Chowda Ghatta,"{""type"":""Polygon"",""coordinates"":[[[76.57613767944552,12.6583611437368],[76.57586414979126,12.658273385690581],[76.57569722763643,12.658044412368994],[76.57570216564307,12.657763439230765],[76.57587693568428,12.657540075279336],[76.57615337519779,12.65746152573873],[76.57642372982059,12.657558291474393],[76.57658253864685,12.657792678104475],[76.57656790108419,12.658073328628443],[76.57638546047937,12.6582906458015],[76.57613767944552,12.6583611437368]]]}"
000000000000000000cb,Mandya,0.7355073748665368,MM-MD-0959,0.5472666389782992,0.7152281326116994,15.0,705.3799896240234,81.00129531598428,ESA_WorldCover_Cropland,0.21811658143997192,6.1,Krishnarajpet,22.196604075047475,Chowda Ghatta,"{""type"":""Polygon"",""coordinates"":[[[76.5776648318756,12.659169616042933],[76.57739121729976,12.65908185357606],[76.57722438530938,12.658852882657714],[76.5772292350796,12.65857190156424],[76.57740400304061,12.658348619860455],[76.57768052744105,12.658269986980935],[76.57795087884556,12.658366752761296],[76.5781096857813,12.658601141588099],[76.5780950483929,12.658881795604595],[76.5779126099599,12.659099201917247],[76.5776648318756,12.659169616042933]]]}"
000000000000000000cc,Mandya,0.7355073748670565,MM-MD-0963,0.6092148309705557,0.597668335033022,10.0,705.3799896240234,81.00129531598428,ESA_WorldCover_Cropland,0.21811658143997192,6.20642883107442,Krishnarajpet,22.196604075047475,Chowda Ghatta,"{""type"":""Polygon"",""coordinates"":[[[76.58098863361485,12.658630591942499],[76.58071502612994,12.658542833519705],[76.58054811028764,12.658313859475326],[76.58055304810755,12.658032966761887],[76.58072781153943,12.657809595019254],[76.58100432877353,12.657730957009932],[76.58127467317142,12.657827718857272],[76.5814334759913,12.658062192195272],[76.58141883898226,12.658342762491522],[76.5812363171027,12.658560168722405],[76.58098863361485,12.658630591942499]]]}"
000000000000000000ce,Mandya,0.7355073748661479,MM-MD-0977,0.6174810468376771,0.5206809935763903,10.0,705.3799896240234,81.00129531598428,ESA_WorldCover_Cropland,0.21811658143997192,6.2,Krishnarajpet,22.196604075047475,Chowda Ghatta,"{""type"":""Polygon"",""coordinates"":[[[76.58053946910236,12.654857703069759],[76.58026586065905,12.654769950577329],[76.58009894423208,12.654540986279281],[76.58010388206928,12.654260017614929],[76.58027864611333,12.654036651845809],[76.58055516431602,12.653958099399958],[76.58082550966093,12.654054855036339],[76.58098431303712,12.654289232808564],[76.5809696759768,12.654569879168891],[76.58078715345783,12.65478727971634],[76.58053946910236,12.654857703069759]]]}"
00000000000000000067,Mandya,0.7355073748652209,MM-MD-0042,0.5,0.6681283129402894,10.0,705.3799896240234,81.00129531598428,ESA_WorldCover_Cropland,0.21811658143997192,6.4,Krishnarajpet,22.196604075047475,Chowda Ghatta,"{""type"":""Polygon"",""coordinates"":[[[76.57847332735226,12.652971247218535],[76.57819971450098,12.652883495955178],[76.57803288356209,12.652654455329671],[76.57803773330174,12.652373574516522],[76.57821250016124,12.65215021454906],[76.57848902281877,12.65207157909363],[76.57875937251923,12.652168333278292],[76.57891817845397,12.652402791722414],[76.57890354115784,12.652683431422252],[76.57872101569818,12.652900826285077],[76.57847332735226,12.652971247218535]]]}"
00000000000000000068,Mandya,0.7355073748664556,MM-MD-0047,0.5,0.626600644879854,10.0,705.3799896240234,81.00129531598428,ESA_WorldCover_Cropland,0.21811658143997192,6.2,Krishnarajpet,22.196604075047475,Chowda Ghatta,"{""type"":""Polygon"",""coordinates"":[[[76.57640724049755,12.655486553074239],[76.57613362323956,12.655398795624752],[76.5759667014353,12.65516974401489],[76.57597163943159,12.654888863443896],[76.57614640910573,12.654665503108047],[76.57642284803867,12.654586866819207],[76.57669329027163,12.654683631770071],[76.5768520987642,12.654918096642067],[76.57683737305439,12.655198650212222],[76.57665493283278,12.655416049712505],[76.57640724049755,12.655486553074239]]]}"
00000000000000000069,Mandya,0.7355073748662913,MM-MD-0071,0.5,0.6639641725187181,10.0,705.3799896240234,81.00129531598428,ESA_WorldCover_Cropland,0.21811658143997192,6.4,Krishnarajpet,22.196604075047475,Chowda Ghatta,"{""type"":""Polygon"",""coordinates"":[[[76.57856317946326,12.653150850377653],[76.57828956680365,12.653063184606758],[76.57812273598161,12.65283414351635],[76.57812758571787,12.652553176463027],[76.57830235245494,12.652329901816202],[76.57857887491879,12.652251266264619],[76.57884922442985,12.652348020683693],[76.57900803025333,12.652582393891317],[76.57899330479103,12.65286302962202],[76.57881086763565,12.65308042935809],[76.57856317946326,12.653150850377653]]]}"
0000000000000000006e,Mandya,0.7355073748671401,MM-MD-0108,0.5,0.610843005181445,10.0,705.3799896240234,81.00129531598428,ESA_WorldCover_Cropland,0.21811658143997192,6.2,Krishnarajpet,22.196604075047475,Chowda Ghatta,"{""type"":""Polygon"",""coordinates"":[[[76.57604791381411,12.657822139361839],[76.57577429578983,12.65773437763894],[76.57560737351811,12.657505405709877],[76.57561231152822,12.657224433990846],[76.57578708169181,12.657001156644364],[76.57606352139892,12.6569225214082],[76.57633396438932,12.657019290778804],[76.57649277332668,12.657253676000057],[76.57647804757563,12.657534320620538],[76.57629560684305,12.657751722655838],[76.57604791381411,12.657822139361839]]]}"
00000000000000000076,Mandya,0.7355073748648518,MM-MD-0195,0.5,0.6963263593307801,10.137331256490139,705.3799896240234,81.00129531598428,ESA_WorldCover_Cropland,0.21811658143997192,6.19725337487019,Krishnarajpet,22.196604075047475,Chowda Ghatta,"{""type"":""Polygon"",""coordinates"":[[[76.57667671280521,12.65827130838102],[76.57640309612191,12.6581835464948],[76.57623626284656,12.657954577901824],[76.57624111265413,12.65767359997245],[76.57641588196122,12.65745023532312],[76.57669240849155,12.65737168944976],[76.57696276197846,12.657468454543363],[76.57712157013748,12.65770284097199],[76.5771068444586,12.657983487314306],[76.57692440462019,12.658200890914015],[76.57667671280521,12.65827130838102]]]}"
00000000000000000083,Mandya,0.7355073748661398,MM-MD-0322,0.5,0.5437346265336406,10.019470404984427,705.3799896240234,81.00129531598428,ESA_WorldCover_Cropland,0.21811658143997192,6.199610591900305,Krishnarajpet,22.196604075047475,Chowda Ghatta,"{""type"":""Polygon"",""coordinates"":[[[76.57685633130325,12.657642507605077],[76.57658280318108,12.65755475144688],[76.57641588196122,12.657325694264108],[76.57642081994021,12.657044807931804],[76.57659558900251,12.656821443888658],[76.5768720269676,12.65674280739438],[76.57714238007601,12.65683957122381],[76.57730118801265,12.657074041738857],[76.57728655053201,12.65735460551241],[76.57710411094915,12.657572008557745],[76.57685633130325,12.657642507605077]]]}"
00000000000000000085,Mandya,0.7355073748654194,MM-MD-0380,0.5,0.6027317126406933,10.0,705.3799896240234,81.00129531598428,ESA_WorldCover_Cropland,0.21811658143997192,6.2,Krishnarajpet,22.196604075047475,Chowda Ghatta,"{""type"":""Polygon"",""coordinates"":[[[76.57649700587756,12.656474678054568],[76.57622347698934,12.656386923524307],[76.57605655530199,12.656157955072812],[76.5760614932948,12.65587698625965],[76.57623626284656,12.655653624401852],[76.5765127015859,12.655574988193711],[76.5767830554515,12.655671836010114],[76.57694186383296,12.655906217749724],[76.57692722631131,12.656186864029975],[76.57674478621746,12.656404264976235],[76.57649700587756,12.656474678054568]]]}"
00000000000000000089,Mandya,0.7355073748644885,MM-MD-0401,0.5,0.5693166189802998,10.0,705.3799896240234,81.00129531598428,ESA_WorldCover_Cropland,0.21811658143997192,6.2,Krishnarajpet,22.196604075047475,Chowda Ghatta,"{""type"":""Polygon"",""coordinates"":[[[76.57649700587756,12.656025460379519],[76.57622347698934,12.655937792317738],[76.57605655530199,12.655708739314656],[76.5760614932948,12.655427857324577],[76.57623626284656,12.655204496096108],[76.5765127015859,12.655125859789715],[76.5767830554515,12.655222621106661],[76.57694186383296,12.655457001676446],[76.57692722631131,12.655737646860794],[76.57674478621746,12.655955047212808],[76.57649700587756,12.656025460379519]]]}"
0000000000000000008b,Mandya,0.735507374865773,MM-MD-0416,0.5,0.6770244499927509,10.0,705.3799896240234,81.00129531598428,ESA_WorldCover_Cropland,0.21811658143997192,6.258077582177901,Krishnarajpet,22.196604075047475,Chowda Ghatta,"{""type"":""Polygon"",""coordinates"":[[[76.57928181773272,12.6533305524945],[76.57900820660618,12.653242801388318],[76.57884137671886,12.653013845539531],[76.57884622642794,12.652732877356666],[76.57902099218583,12.652509515650074],[76.5792975131003,12.652430964764624],[76.57956786109655,12.652527718853154],[76.5797266660302,12.652762092572216],[76.57971202882634,12.653042733953905],[76.5795295045173,12.653260130539874],[76.57928181773272,12.6533305524945]]]}"
0000000000000000008e,Mandya,0.7355073748651859,MM-MD-0444,0.5,0.5044501027773327,10.0,705.3799896240234,81.00129531598428,ESA_WorldCover_Cropland,0.21811658143997192,6.2,Krishnarajpet,22.196604075047475,Chowda Ghatta,"{""type"":""Polygon"",""coordinates"":[[[76.57613767944552,12.656384860068963],[76.57586414979126,12.656297105351143],[76.57569722763643,12.656068051421881],[76.57570216564307,12.655787168885345],[76.57587693568428,12.65556380770257],[76.5761533751978,12.655485172016403],[76.57642372982059,12.655581934286399],[76.57658253864685,12.655816401482124],[76.57656790108419,12.656096961473311],[76.57638546047937,12.656314361746148],[76.57613767944552,12.656384860068963]]]}"
0000000000000000008f,Mandya,0.7355073748659601,MM-MD-0452,0.5,0.5926489035623071,10.0,705.3799896240234,81.00129531598428,ESA_WorldCover_Cropland,0.21811658143997192,6.2,Krishnarajpet,22.196604075047475,Chowda Ghatta,"{""type"":""Polygon"",""coordinates"":[[[76.57640724049755,12.657822132668342],[76.57613362323956,12.657734371284466],[76.57596670143532,12.657505399353369],[76.57597163943159,12.657224427291826],[76.57614640910573,12.657001149396253],[76.57642284803867,12.656922513618415],[76.57669329027163,12.65701928266588],[76.5768520987642,12.657253667908758],[76.57683737305439,12.657534312887202],[76.57665493283278,12.657751715477024],[76.57640724049755,12.657822132668342]]]}"
00000000000000000097,Mandya,0.7355073748668763,MM-MD-0517,0.5,0.5683502136263797,10.0,705.3799896240234,81.00129531598428,ESA_WorldCover_Cropland,0.21811658143997192,6.2,Krishnarajpet,22.196604075047475,Chowda Ghatta,"{""type"":""Polygon"",""coordinates"":[[[76.57622753319247,12.657642478852871],[76.57595391555122,12.65755471760207],[76.57578708169181,12.6573257506356],[76.57579193151636,12.65704477469023],[76.57596670143532,12.65682141160832],[76.57624322893375,12.656742866273808],[76.5765135833672,12.656839630668532],[76.57667239208223,12.657074015432805],[76.57665775452983,12.657354664293374],[76.57647522587462,12.657572061868962],[76.57622753319247,12.657642478852871]]]}"
000000000000000000a0,Mandya,0.73550737486582,MM-MD-0594,0.5,0.7133036757322718,10.0,705.3799896240234,81.00129531598428,ESA_WorldCover_Cropland,0.21811658143997192,6.2,Krishnarajpet,22.196604075047475,Chowda Ghatta,"{""type"":""Polygon"",""coordinates"":[[[76.58009030301655,12.65360003250539],[76.57981669361486,12.653512281707755],[76.57964986477924,12.653283325157886],[76.57965471445776,12.653002355537676],[76.57982947911391,12.652778992217934],[76.58010599828516,12.652700440173156],[76.58037634457703,12.652797194007828],[76.5805351485095,12.653031568477518],[76.58052051139792,12.653312211321776],[76.5803379882396,12.653529609511974],[76.58009030301655,12.65360003250539]]]}"
000000000000000000a2,Mandya,0.735507374866032,MM-MD-0606,0.5,0.6201379418778525,10.0,705.3799896240234,81.00129531598428,ESA_WorldCover_Cropland,0.21811658143997192,6.4,Krishnarajpet,22.196604075047475,Chowda Ghatta,"{""type"":""Polygon"",""coordinates"":[[[76.57811400645588,12.65324073614379],[76.57784039283814,12.653152984087564],[76.57767356143191,12.652923942768055],[76.57767841118515,12.65264306163015],[76.57785317853421,12.65241970183393],[76.57812970196636,12.652341066979055],[76.57840005242417,12.652437821959184],[76.57855885880382,12.652672281083671],[76.57854422146667,12.652952921083406],[76.57836169549567,12.653170315748323],[76.57811400645588,12.65324073614379]]]}"
000000000000000000a3,Mandya,0.7355073748667036,MM-MD-0612,0.5,0.6098748353072259,10.0,705.3799896240234,81.00129531598428,ESA_WorldCover_Cropland,0.21811658143997192,6.394505893960638,Krishnarajpet,22.196604075047475,Chowda Ghatta,"{""type"":""Polygon"",""coordinates"":[[[76.57874279531981,12.653689874590626],[76.57846927122016,12.653602126868138],[76.57830235245494,12.653373165597166],[76.57830729036131,12.653092201535513],[76.57848205685353,12.652868840148674],[76.57875849075336,12.652790285657305],[76.57902883988582,12.65288704086029],[76.57918764548691,12.653121415482735],[76.57917300822153,12.65340205720461],[76.57899057132178,12.653619457931391],[76.57874279531981,12.653689874590626]]]}"
000000000000000000a4,Mandya,0.7355073748665752,MM-MD-0615,0.5,0.6209364184451295,10.0,705.3799896240234,81.00129531598428,ESA_WorldCover_Cropland,0.21811658143997192,6.455028817695627,Krishnarajpet,22.196604075047475,Chowda Ghatta,"{""type"":""Polygon"",""coordinates"":[[[76.58134794645702,12.65961879529112],[76.58107433973883,12.65953103554335],[76.58090742436427,12.659302058945459],[76.58091236217032,12.659021077730324],[76.58108712511249,12.658797704054411],[76.5813636415717,12.658719151435065],[76.581633985212,12.658815914691639],[76.58179278758685,12.659050304908694],[76.58177815061882,12.659330963687642],[76.58159562925076,12.659548286063504],[76.58134794645702,12.65961879529112]]]}"
000000000000000000ab,Mandya,0.7355073748669482,MM-MD-0698,0.5,0.6982732660650494,10.0,705.3799896240234,81.00129531598428,ESA_WorldCover_Cropland,0.21811658143997192,6.2,Krishnarajpet,22.196604075047475,Chowda Ghatta,"{""type"":""Polygon"",""coordinates"":[[[76.58009030301655,12.65368985789245],[76.57981669361486,12.653602106943508],[76.57964986477924,12.653373150161617],[76.57965471445776,12.653092180319032],[76.57982947911393,12.652868902583945],[76.58010599828516,12.652790264848283],[76.58037634457703,12.652887018840469],[76.5805351485095,12.653121393544119],[76.58052051139792,12.653402036607575],[76.5803379882396,12.653619434916637],[76.58009030301655,12.65368985789245]]]}"
000000000000000000ae,Mandya,0.7355073748666889,MM-MD-0739,0.5,0.6514310919505406,10.0,705.3799896240234,81.00129531598428,ESA_WorldCover_Cropland,0.21811658143997192,6.4,Krishnarajpet,22.196604075047475,Chowda Ghatta,"{""type"":""Polygon"",""coordinates"":[[[76.57865303151131,12.65315089032918],[76.57837941904337,12.653063138932666],[76.57821250016123,12.65283417905468],[76.57821743807106,12.652553216412858],[76.57839220468571,12.652329855918941],[76.57866863877919,12.65225130144486],[76.5789390762775,12.652348060280108],[76.57909788198974,12.65258243349326],[76.57908315653775,12.652863069313556],[76.57890071951019,12.653080469188312],[76.57865303151131,12.65315089032918]]]}"
000000000000000000b3,Mandya,0.7355073748665619,MM-MD-0778,0.5,0.5315164478072958,10.0,705.3799896240234,81.00129531598428,ESA_WorldCover_Cropland,0.21811658143997192,6.2,Krishnarajpet,22.196604075047475,Chowda Ghatta,"{""type"":""Polygon"",""coordinates"":[[[76.57658685937285,12.657283162114418],[76.57631324249793,12.657195401807884],[76.57614640910573,12.6569664357671],[76.57615125891671,12.656685460368495],[76.57632602834619,12.656462097240768],[76.5766025550702,12.656383551285538],[76.57687290874645,12.65648031472722],[76.5770317170167,12.656714698577526],[76.57701707950527,12.65699534691947],[76.57683455136132,12.657212744574606],[76.57658685937285,12.657283162114418]]]}"
000000000000000000b7,Mandya,0.7355073748668133,MM-MD-0805,0.5,0.5789655257630519,10.0,705.3799896240234,81.00129531598428,ESA_WorldCover_Cropland,0.21811658143997192,6.2,Krishnarajpet,22.196604075047475,Chowda Ghatta,"{""type"":""Polygon"",""coordinates"":[[[76.57649700587756,12.657103465806983],[76.57622347698934,12.657015710217728],[76.57605655530199,12.656786740142183],[76.5760614932948,12.656505769773128],[76.57623626284656,12.656282492746508],[76.5765127015859,12.65620385667595],[76.5767830554515,12.65630061988329],[76.57694186383296,12.656535003260267],[76.57692722631131,12.656815651074398],[76.57674478621746,12.65703305285238],[76.57649700587756,12.657103465806983]]]}"
000000000000000000b9,Mandya,0.7355073748665577,MM-MD-0818,0.5,0.5342786282198126,10.0,705.3799896240234,81.00129531598428,ESA_WorldCover_Cropland,0.21811658143997192,6.321285766214886,Krishnarajpet,22.196604075047475,Chowda Ghatta,"{""type"":""Polygon"",""coordinates"":[[[76.57685633130325,12.65315087376696],[76.57658280318108,12.653063125173947],[76.57641588196122,12.652834165306603],[76.57642081994021,12.652553204377263],[76.57659558900251,12.652329846628733],[76.5768720269676,12.652251294861639],[76.57714238007601,12.652348050814297],[76.57730118801265,12.652582423918881],[76.57728655053201,12.652863062446965],[76.57710411094916,12.653080459549717],[76.57685633130325,12.65315087376696]]]}"
000000000000000000bc,Mandya,0.7355073748657603,MM-MD-0845,0.5,0.6196085178881491,10.415909444934838,705.3799896240234,81.00129531598428,ESA_WorldCover_Cropland,0.21811658143997192,6.191681811101298,Krishnarajpet,22.196604075047475,Chowda Ghatta,"{""type"":""Polygon"",""coordinates"":[[[76.57694618454687,12.657822119286338],[76.57667256843828,12.657734358410975],[76.57650573551334,12.657505390976253],[76.57651058531071,12.657224413901597],[76.57668535425073,12.657001135182474],[76.57696188020024,12.656922503091247],[76.57723223311928,12.657019267154997],[76.57739104094472,12.657253652430288],[76.5773764034743,12.657534302444688],[76.57719396401924,12.657751705866344],[76.57694618454687,12.657822119286338]]]}"
000000000000000000bf,Mandya,0.7355073748663327,MM-MD-0867,0.5,0.6914369473147489,10.0,705.3799896240234,81.00129531598428,ESA_WorldCover_Cropland,0.21811658143997192,6.258077582177905,Krishnarajpet,22.196604075047475,Chowda Ghatta,"{""type"":""Polygon"",""coordinates"":[[[76.57928181773272,12.653600027504666],[76.57900820660616,12.653512275944534],[76.57884137671886,12.653283319399668],[76.57884622642794,12.653002350549668],[76.57902099218583,12.652779074175566],[76.5792975131003,12.65270043763895],[76.57956786109655,12.652797192200051],[76.5797266660302,12.653031566620996],[76.57971202882634,12.653312208660298],[76.5795295045173,12.653529605602852],[76.57928181773272,12.653600027504666]]]}"
000000000000000000c1,Mandya,0.7355073748670399,MM-MD-0889,0.5,0.4717925187642558,10.0,705.3799896240234,81.00129531598428,ESA_WorldCover_Cropland,0.21811658143997192,6.2,Krishnarajpet,22.196604075047475,Chowda Ghatta,"{""type"":""Polygon"",""coordinates"":[[[76.57604791381411,12.656294996303348],[76.57577429578983,12.65620723715298],[76.57560737351811,12.6559782691682],[76.57561231152822,12.655697301227866],[76.57578708169181,12.65547394030834],[76.57606352139894,12.655395390449385],[76.57633396438932,12.655492157141492],[76.57649277332668,12.65572653838611],[76.57647804757563,12.656007179281868],[76.57629560684305,12.656224579297275],[76.57604791381411,12.656294996303348]]]}"
000000000000000000c2,Mandya,0.7355073748661969,MM-MD-0895,0.5,0.6048084651471711,10.0,705.3799896240234,81.00129531598428,ESA_WorldCover_Cropland,0.21811658143997192,6.4,Krishnarajpet,22.196604075047475,Chowda Ghatta,"{""type"":""Polygon"",""coordinates"":[[[76.57820385881858,12.654139024919312],[76.5779302453925,12.654051271434522],[76.57776332592586,12.65382230900639],[76.57776826385297,12.653541344346747],[76.57794303107961,12.653317983153956],[76.57821955431808,12.653239434070537],[76.57848990458649,12.653336190545453],[76.57864871085489,12.653570566305232],[76.57863398535132,12.653851204089134],[76.57845154768486,12.654068604578683],[76.57820385881858,12.654139024919312]]]}"
000000000000000000c5,Mandya,0.7355073748654628,MM-MD-0908,0.5,0.5135912136415017,10.0,705.3799896240234,81.00129531598428,ESA_WorldCover_Cropland,0.21811658143997192,6.345513552809221,Krishnarajpet,22.196604075047475,Chowda Ghatta,"{""type"":""Polygon"",""coordinates"":[[[76.57703603772757,12.653330517618661],[76.5767624218106,12.653242850104553],[76.5765955890025,12.653013808559908],[76.5766004387965,12.652732842516793],[76.5767752076141,12.652509569951391],[76.57705173336994,12.652430936741112],[76.57732208609963,12.652527692847388],[76.57748089381383,12.652762066430773],[76.57746616817619,12.653042701078645],[76.57728372884878,12.653260098696302],[76.57703603772757,12.653330517618661]]]}"
000000000000000000c9,Mandya,0.7355073748656786,MM-MD-0927,0.5,0.6662947615346818,10.0,705.3799896240234,81.00129531598428,ESA_WorldCover_Cropland,0.21811658143997192,6.235174992211022,Krishnarajpet,22.196604075047475,Chowda Ghatta,"{""type"":""Polygon"",""coordinates"":[[[76.57937166927734,12.653240681610718],[76.57909805834245,12.653153016451265],[76.57893114039555,12.652923970626516],[76.5789360782777,12.65264300707751],[76.57911084391316,12.65241973106966],[76.57938736463392,12.652341094319045],[76.57965771244075,12.652437848169242],[76.57981651726313,12.652672307370068],[76.57980179189364,12.652952858414828],[76.57961935588835,12.653170259517164],[76.57937166927734,12.653240681610718]]]}"
000000000000000000cd,Mandya,0.7355073748656952,MM-MD-0973,0.5,0.7109983010198679,10.0,705.3799896240234,81.00129531598428,ESA_WorldCover_Cropland,0.21811658143997192,6.2,Krishnarajpet,22.196604075047475,Chowda Ghatta,"{""type"":""Polygon"",""coordinates"":[[[76.5798208378802,12.653600089805693],[76.57954722790362,12.65351233875382],[76.57938031054131,12.65328329199778],[76.57938524840617,12.653002327131253],[76.57956001342954,12.652779049933718],[76.57983644500598,12.652700408088059],[76.58010688004178,12.652797166661337],[76.58026568430795,12.653031626825548],[76.58025095899004,12.65331217919404],[76.58006852362374,12.653529581464959],[76.5798208378802,12.653600089805693]]]}"
00000000000000000078,Mandya,0.7355073748669284,MM-MD-0249,0.55,0.5901466910909094,10.0,705.3799896240234,81.00129531598428,ESA_WorldCover_Cropland,0.21811658143997192,6.2,Krishnarajpet,22.196604075047475,Chowda Ghatta,"{""type"":""Polygon"",""coordinates"":[[[76.57586820600572,12.659888276385768],[76.57559458759822,12.659800511013128],[76.57542775327161,12.659571538250043],[76.57543260310975,12.659290557090486],[76.57560737351811,12.659067277126365],[76.57588390179097,12.658988647113718],[76.57615425698158,12.6590854157693],[76.57631306614138,12.659319806359036],[76.57629842854799,12.659600460338984],[76.57611598755999,12.659817864829073],[76.57586820600572,12.659888276385768]]]}"
00000000000000000092,Mandya,0.7355073748664419,MM-MD-0475,0.55,0.6531817332837638,12.93514383632776,705.3799896240234,81.00129531598428,ESA_WorldCover_Cropland,0.21811658143997192,6.1412971232734455,Krishnarajpet,22.196604075047475,Chowda Ghatta,"{""type"":""Polygon"",""coordinates"":[[[76.57712589084532,12.659439115800868],[76.57685227512,12.659351352371546],[76.57668535425073,12.659122376260724],[76.57669029221935,12.658841399513863],[76.57686506091456,12.658618118256408],[76.57714149829901,12.658539481749143],[76.57741193901704,12.65863625298603],[76.57757074662,12.658870642482054],[76.57755602099267,12.659151292119569],[76.57737358179307,12.659368697956698],[76.57712589084532,12.659439115800868]]]}"
000000000000000000b2,Mandya,0.7355073748669444,MM-MD-0777,0.55,0.6696882735591219,15.0,705.3799896240234,81.00129531598428,ESA_WorldCover_Cropland,0.21811658143997192,6.100228440890925,Krishnarajpet,22.196604075047475,Chowda Ghatta,"{""type"":""Polygon"",""coordinates"":[[[76.5776648318756,12.659618762259964],[76.57739121729976,12.659530999036642],[76.57722438530938,12.65930202695868],[76.5772292350796,12.659021044754],[76.57740400304061,12.658797762421491],[76.57768052744105,12.658719129640428],[76.57795087884556,12.658815896208242],[76.5781096857813,12.659050286204325],[76.5780950483929,12.659330941316155],[76.5779126099599,12.659548348222696],[76.5776648318756,12.659618762259964]]]}"
000000000000000000c4,Mandya,0.7355073748658619,MM-MD-0902,0.55,0.6690560505937652,12.28514306485953,705.3799896240234,81.00129531598428,ESA_WorldCover_Cropland,0.21811658143997192,6.178516902944376,Krishnarajpet,22.196604075047475,Chowda Ghatta,"{""type"":""Polygon"",""coordinates"":[[[76.57703603772757,12.660067878752452],[76.5767624218106,12.659980199894482],[76.5765955890025,12.65975114094563],[76.5766004387965,12.65947024394367],[76.5767752076141,12.659246876228755],[76.57705173336994,12.659168330208963],[76.57732208609963,12.659265098129639],[76.57748089381383,12.65949948925734],[76.57746625635367,12.65978005912328],[76.57728372884878,12.659997461153257],[76.57703603772757,12.660067878752452]]]}"
00000000000000000066,Mandya,0.7355073748675507,MM-MD-0036,0.65,0.5962576616938742,10.0,705.3799896240234,81.00129531598428,ESA_WorldCover_Cropland,0.21811658143997192,6.7,Krishnarajpet,22.196604075047475,Chowda Ghatta,"{""type"":""Polygon"",""coordinates"":[[[76.58296488587214,12.652522050923874],[76.58269128260471,12.652434304652994],[76.58252445750925,12.652205350870027],[76.58252930707904,12.651924381180583],[76.58270406781713,12.651701014980471],[76.58298058078887,12.651622458367555],[76.58325092101944,12.651719207729188],[76.58340980956474,12.65195358405921],[76.58339508460793,12.652234222639375],[76.5832126537155,12.652451628333628],[76.58296488587214,12.652522050923874]]]}"
0000000000000000006c,Mandya,0.7355073748662744,MM-MD-0100,0.65,0.340386502643515,10.0,705.3799896240234,81.00129531598428,ESA_WorldCover_Cropland,0.21811658143997192,6.242293311175731,Krishnarajpet,22.196604075047475,Chowda Ghatta,"{""type"":""Polygon"",""coordinates"":[[[76.5808987832032,12.656654317460633],[76.58062517552656,12.656566562281224],[76.58045834774273,12.656337597838327],[76.58046319739067,12.65605661988796],[76.58063796094501,12.655833336764838],[76.58091447837288,12.655754698458587],[76.58118482296021,12.655851456922075],[76.58134362589139,12.656085839394331],[76.58132898887209,12.656366490495596],[76.58114646686461,12.656583893974233],[76.5808987832032,12.656654317460633]]]}"
0000000000000000006d,Mandya,0.7355073748656851,MM-MD-0103,0.65,0.5393723227445938,10.0,705.3799896240234,81.00129531598428,ESA_WorldCover_Cropland,0.21811658143997192,6.7,Krishnarajpet,22.196604075047475,Chowda Ghatta,"{""type"":""Polygon"",""coordinates"":[[[76.58404289293365,12.652791544080117],[76.58376929196723,12.652703798371965],[76.58360238010145,12.65247483939134],[76.58360731780371,12.652193872503013],[76.58378207707212,12.651970589989137],[76.5840585877184,12.6518919460998],[76.58432892567534,12.651988694965398],[76.58448772471164,12.652223067567267],[76.58447308805134,12.65250371237307],[76.58429057052045,12.652721115592119],[76.58404289293365,12.652791544080117]]]}"
00000000000000000070,Mandya,0.7355073748662186,MM-MD-0121,0.65,0.6131552186456086,10.0,705.3799896240234,81.00129531598428,ESA_WorldCover_Cropland,0.21811658143997192,6.212748610894734,Krishnarajpet,22.196604075047475,Chowda Ghatta,"{""type"":""Polygon"",""coordinates"":[[[76.58278527592968,12.65413901766146],[76.58251167227893,12.654051268497778],[76.58234475877559,12.653822306043448],[76.58234969652631,12.653541337017879],[76.58252445750925,12.653318054536573],[76.58280097086842,12.653239412836841],[76.58307131147777,12.653336165194993],[76.58323011207219,12.653570541230637],[76.58321538709474,12.653851183577348],[76.58303295594658,12.654068591134989],[76.58278527592968,12.65413901766146]]]}"
00000000000000000072,Mandya,0.7355073748653095,MM-MD-0159,0.65,0.5908542885072642,10.0,705.3799896240234,81.00129531598428,ESA_WorldCover_Cropland,0.21811658143997192,6.2,Krishnarajpet,22.196604075047475,Chowda Ghatta,"{""type"":""Polygon"",""coordinates"":[[[76.5797309866503,12.656833976777941],[76.57945737648201,12.656746220194233],[76.57929045900276,12.65651725079636],[76.57929539687109,12.65623627801183],[76.5794701620169,12.65601299642128],[76.57974668196292,12.655934359914916],[76.58001702901228,12.656031119743007],[76.58017583338972,12.656265502612897],[76.58016119623711,12.656546152989804],[76.57997867256736,12.656763554903781],[76.5797309866503,12.656833976777941]]]}"
00000000000000000073,Mandya,0.7355073748662204,MM-MD-0164,0.65,0.44051916980419736,10.0,705.3799896240234,81.00129531598428,ESA_WorldCover_Cropland,0.21811658143997192,6.2,Krishnarajpet,22.196604075047475,Chowda Ghatta,"{""type"":""Polygon"",""coordinates"":[[[76.58044961837598,12.655756017262574],[76.58017600974095,12.655668263172359],[76.58000918137276,12.655439301051912],[76.58001403103768,12.655158325752621],[76.58018879520418,12.654934958861698],[76.58046531360063,12.654856406748378],[76.58073565913497,12.654953164040586],[76.58089446262244,12.655187544146745],[76.58087982555188,12.65546819260936],[76.58069739108026,12.65568559870378],[76.58044961837598,12.655756017262574]]]}"
00000000000000000074,Mandya,0.7355073748656495,MM-MD-0184,0.65,0.6561842292582767,13.778752790902955,705.3799896240234,81.00129531598428,ESA_WorldCover_Cropland,0.21811658143997192,6.121678176436998,Krishnarajpet,22.196604075047475,Chowda Ghatta,"{""type"":""Polygon"",""coordinates"":[[[76.57874279531981,12.658181472251266],[76.57846927122016,12.658093716964615],[76.57830235245494,12.657864744092347],[76.57830729036131,12.657583768915503],[76.57848205685353,12.657360401234174],[76.57875849075336,12.657281847727738],[76.57902883988582,12.6573786108066],[76.57918773366322,12.657613001623982],[76.57917300822153,12.657893649805427],[76.57899057132178,12.65811105647481],[76.57874279531981,12.658181472251266]]]}"
00000000000000000079,Mandya,0.735507374866788,MM-MD-0257,0.65,0.5937370660564247,10.0,705.3799896240234,81.00129531598428,ESA_WorldCover_Cropland,0.21811658143997192,6.243366737629152,Krishnarajpet,22.196604075047475,Chowda Ghatta,"{""type"":""Polygon"",""coordinates"":[[[76.57775468455294,12.656115338956099],[76.57748107016876,12.656027581718435],[76.57731423829522,12.655798618686383],[76.57731908806204,12.655517645065174],[76.57749385590064,12.655294281788938],[76.5777703801074,12.655215733816592],[76.57804073132253,12.655312494160846],[76.57819953814703,12.6555468750405],[76.57818490076887,12.655827521696507],[76.57800237428657,12.65604491960979],[76.57775468455294,12.656115338956099]]]}"
0000000000000000007a,Mandya,0.735507374867749,MM-MD-0266,0.65,0.5969775727864679,10.0,705.3799896240234,81.00129531598428,ESA_WorldCover_Cropland,0.21811658143997192,6.4,Krishnarajpet,22.196604075047475,Chowda Ghatta,"{""type"":""Polygon"",""coordinates"":[[[76.57829371111833,12.655127147345748],[76.57802009788392,12.65503947799287],[76.57785317853421,12.654810427299964],[76.57785811645786,12.654529460109057],[76.57803288356209,12.654306183105117],[76.57830931842994,12.654227543894432],[76.5785797566859,12.65432430651905],[76.57873856284303,12.65455877056929],[76.57872383734978,12.654839325141852],[76.57854139981112,12.655056727077618],[76.57829371111833,12.655127147345748]]]}"
0000000000000000007c,Mandya,0.7355073748652511,MM-MD-0286,0.65,0.6088682152244119,10.0,705.3799896240234,81.00129531598428,ESA_WorldCover_Cropland,0.21811658143997192,6.2,Krishnarajpet,22.196604075047475,Chowda Ghatta,"{""type"":""Polygon"",""coordinates"":[[[76.57955128400164,12.656833981230182],[76.5792777616262,12.656746228975031],[76.57911084391316,12.656517259578143],[76.57911569361207,12.656236282466779],[76.57929054717897,12.656013005648628],[76.57956697933624,12.655934364915352],[76.57983732676443,12.656031124904969],[76.57999621954015,12.656265512261722],[76.57998149419129,12.656546157962062],[76.57979905844165,12.656763564096606],[76.57955128400164,12.656833981230182]]]}"
00000000000000000087,Mandya,0.735507374866042,MM-MD-0396,0.65,0.5742129696640027,10.0,705.3799896240234,81.00129531598428,ESA_WorldCover_Cropland,0.21811658143997192,6.319975076587565,Krishnarajpet,22.196604075047475,Chowda Ghatta,"{""type"":""Polygon"",""coordinates"":[[[76.5776648318756,12.655845818180651],[76.5773913054773,12.655758065810724],[76.57722438530938,12.655529098976796],[76.5772292350796,12.65524812610826],[76.57740400304061,12.65502484905856],[76.57768052744105,12.6549462154509],[76.57795087884556,12.655042975403289],[76.5781096857813,12.65527735557566],[76.5780950483929,12.655558001484659],[76.5779126099599,12.655775403401076],[76.5776648318756,12.655845818180651]]]}"
00000000000000000091,Mandya,0.7355073748654467,MM-MD-0473,0.65,0.5568002506308585,10.0,705.3799896240234,81.00129531598428,ESA_WorldCover_Cropland,0.21811658143997192,6.6836197497533805,Krishnarajpet,22.196604075047475,Chowda Ghatta,"{""type"":""Polygon"",""coordinates"":[[[76.58341404188732,12.65189328793268],[76.58314052775215,12.651805547639396],[76.58297361506764,12.651576505272415],[76.58297846462044,12.65129553671224],[76.58315322474621,12.651072256418045],[76.58342973674907,12.650993613280479],[76.58370007603234,12.651090361135925],[76.58385896402088,12.651324821565183],[76.58384423911568,12.651605373347415],[76.58366180886252,12.651822778901838],[76.58341404188732,12.65189328793268]]]}"
00000000000000000093,Mandya,0.735507374866078,MM-MD-0479,0.65,0.5631646646104862,10.0,705.3799896240234,81.00129531598428,ESA_WorldCover_Cropland,0.21811658143997192,6.7,Krishnarajpet,22.196604075047475,Chowda Ghatta,"{""type"":""Polygon"",""coordinates"":[[[76.5837734361048,12.652791606904897],[76.58349983456318,12.65270386094252],[76.58333292234654,12.652474816251978],[76.58333786005919,12.652193849620426],[76.58351261969496,12.651970567518145],[76.58378904274942,12.651891919540152],[76.58405946944782,12.651988673142577],[76.58421826881799,12.652223131439523],[76.58420354395409,12.652503771482477],[76.5840211142123,12.652721093069015],[76.5837734361048,12.652791606904897]]]}"
0000000000000000009c,Mandya,0.7355073748658157,MM-MD-0568,0.65,0.6144735304898757,10.0,705.3799896240234,81.00129531598428,ESA_WorldCover_Cropland,0.21811658143997192,6.147073791348607,Krishnarajpet,22.196604075047475,Chowda Ghatta,"{""type"":""Polygon"",""coordinates"":[[[76.5798208378802,12.658001785404608],[76.57954722790362,12.657914026938876],[76.57938031054131,12.657685054524645],[76.57938524840617,12.657404078765035],[76.57956001342954,12.657180795401844],[76.57983644500598,12.65710215451762],[76.58010688004177,12.657198920810389],[76.58026568430795,12.657433306726277],[76.58025095899004,12.657713955543185],[76.58006852362374,12.65793136363826],[76.5798208378802,12.658001785404608]]]}"
0000000000000000009d,Mandya,0.7355073748663625,MM-MD-0571,0.65,0.6761943526328348,10.0,705.3799896240234,81.00129531598428,ESA_WorldCover_Cropland,0.21811658143997192,6.564023471984207,Krishnarajpet,22.196604075047475,Chowda Ghatta,"{""type"":""Polygon"",""coordinates"":[[[76.58215641871377,12.653600051440591],[76.58188281372088,12.65351230259155],[76.58171598757338,12.653283346029015],[76.58172083717373,12.653002374440694],[76.58189559901392,12.652779007964135],[76.58217211372948,12.652700452805673],[76.58244245566499,12.652797204783901],[76.5826012570384,12.65303157937806],[76.58258662016269,12.653312224279212],[76.58240418811971,12.65352963015347],[76.58215641871377,12.653600051440591]]]}"
000000000000000000a8,Mandya,0.7355073748660462,MM-MD-0683,0.65,0.6129767639594054,10.0,705.3799896240234,81.00129531598428,ESA_WorldCover_Cropland,0.21811658143997192,6.265609097517908,Krishnarajpet,22.196604075047475,Chowda Ghatta,"{""type"":""Polygon"",""coordinates"":[[[76.58296488587214,12.654139004488524],[76.58269128260471,12.65405125549427],[76.58252445750924,12.653822297534846],[76.58252930707904,12.653541323842298],[76.58270406781713,12.653318041086651],[76.58298058078887,12.653239399116192],[76.58325092101944,12.653336151312924],[76.58340980956474,12.653570617566922],[76.58339508460793,12.653851174380419],[76.5832126537155,12.654068582215254],[76.58296488587214,12.654139004488524]]]}"
000000000000000000a9,Mandya,0.7355073748671689,MM-MD-0692,0.65,0.38581528100058515,10.0,705.3799896240234,81.00129531598428,ESA_WorldCover_Cropland,0.21811658143997192,6.212546087137137,Krishnarajpet,22.196604075047475,Chowda Ghatta,"{""type"":""Polygon"",""coordinates"":[[[76.57910211445468,12.65620516168806],[76.5788285911213,12.656117410068255],[76.5786616728237,12.65588844229797],[76.57866661071623,12.655607471668684],[76.57884137671886,12.655384106207295],[76.57911780984425,12.655305551725826],[76.57938824639547,12.655402315514207],[76.57954705155153,12.65563669670891],[76.5795323261511,12.655917340428065],[76.57934988976248,12.656134745037644],[76.57910211445468,12.65620516168806]]]}"
000000000000000000b1,Mandya,0.7355073748647675,MM-MD-0757,0.65,0.5424555133836534,10.0,705.3799896240234,81.00129531598428,ESA_WorldCover_Cropland,0.21811658143997192,6.2,Krishnarajpet,22.196604075047475,Chowda Ghatta,"{""type"":""Polygon"",""coordinates"":[[[76.58044961837598,12.657373003720927],[76.58017600974095,12.657285246907387],[76.58000918137276,12.657056194897553],[76.58001403103769,12.656775301310336],[76.5801887952042,12.65655193215345],[76.58046531360063,12.65647338039508],[76.58073565913497,12.656570140522287],[76.58089446262244,12.656804524838833],[76.58087982555188,12.657085177246078],[76.58069739108026,12.657302499765583],[76.58044961837598,12.657373003720927]]]}"
000000000000000000b4,Mandya,0.7355073748676911,MM-MD-0790,0.65,0.5457064103825815,10.0,705.3799896240234,81.00129531598428,ESA_WorldCover_Cropland,0.21811658143997192,6.564568728254655,Krishnarajpet,22.196604075047475,Chowda Ghatta,"{""type"":""Polygon"",""coordinates"":[[[76.5831445837365,12.653689863113872],[76.58287098085263,12.653602115045551],[76.58270406781713,12.653373153749413],[76.58270900555401,12.653092185493254],[76.58288376604712,12.652868903092504],[76.58316027863124,12.652790260753134],[76.58343061848282,12.65288701200092],[76.5835894186321,12.653121386888413],[76.58357478186922,12.65340203299236],[76.58339226305914,12.65361943601438],[76.5831445837365,12.653689863113872]]]}"
000000000000000000bd,Mandya,0.7355073748667286,MM-MD-0847,0.65,0.49948736195457377,10.0,705.3799896240234,81.00129531598428,ESA_WorldCover_Cropland,0.21811658143997192,6.242291114919244,Krishnarajpet,22.196604075047475,Chowda Ghatta,"{""type"":""Polygon"",""coordinates"":[[[76.5808987832032,12.6574627725763],[76.58062517552656,12.657375101749592],[76.58045834774273,12.657146049504886],[76.58046319739067,12.656865155267653],[76.58063796094501,12.656641785298492],[76.58091447837288,12.65656314716909],[76.58118482296021,12.656659907049937],[76.58134362589139,12.656894377341244],[76.58132898887209,12.657174944700552],[76.58114646686461,12.65739234924845],[76.5808987832032,12.6574627725763]]]}"
000000000000000000c6,Mandya,0.7355073748661698,MM-MD-0922,0.65,0.4409789370376422,10.0,705.3799896240234,81.00129531598428,ESA_WorldCover_Cropland,0.21811658143997192,6.2,Krishnarajpet,22.196604075047475,Chowda Ghatta,"{""type"":""Polygon"",""coordinates"":[[[76.58062931976578,12.655935666041302],[76.58035571151419,12.655847911818025],[76.58018879520418,12.655618944735188],[76.58019373303792,12.655337973317456],[76.58036849695951,12.655114691612606],[76.58064501496844,12.655036053555413],[76.58091536012391,12.655132811001103],[76.58107416338882,12.655367191585873],[76.58105943816376,12.655647836168628],[76.5808770039477,12.655865242777862],[76.58062931976578,12.655935666041302]]]}"
000000000000000000ca,Mandya,0.7355073748662007,MM-MD-0938,0.65,0.6133477643366567,10.0,705.3799896240234,81.00129531598428,ESA_WorldCover_Cropland,0.21811658143997192,6.2,Krishnarajpet,22.196604075047475,Chowda Ghatta,"{""type"":""Polygon"",""coordinates"":[[[76.57946152075897,12.656833945042983],[76.5791879100158,12.656746273918465],[76.57902099218583,12.656517218808842],[76.57902593006453,12.656236331994108],[76.57920069557755,12.656012965102397],[76.57947712792847,12.655934324504535],[76.579747563722,12.656031089072524],[76.57990636843311,12.656265557639314],[76.57989164307395,12.656546117536875],[76.57970920719649,12.656763523532721],[76.57946152075897,12.656833945042983]]]}"
000000000000000001a1,Mandya,0.7355073748673564,MM-MD-0035,0.6974484228030978,0.5472212114897302,15.0,511.23469845205545,77.08545684631996,ESA_WorldCover_Cropland,0.21827495098114014,6.2,Malavalli,23.69476690354693,Bheemanahalli,"{""type"":""Polygon"",""coordinates"":[[[76.97220490024075,12.438363705252861],[76.97193153253887,12.438275966673743],[76.97176478672965,12.438046946793396],[76.97176970911842,12.437765981026761],[76.97194436589164,12.437542698869088],[76.97222063424738,12.437464064369626],[76.97249074902767,12.43756080813013],[76.97264940712101,12.43779525776372],[76.97263472795983,12.43807583526905],[76.97245242493648,12.438293265129461],[76.97220490024075,12.438363705252861]]]}"
000000000000000001a5,Mandya,0.7355073748666372,MM-MD-0095,0.5829782258483605,0.40923293682574025,10.0,511.23469845205545,77.08545684631996,ESA_WorldCover_Cropland,0.21827495098114014,6.1,Malavalli,23.69476690354693,Bheemanahalli,"{""type"":""Polygon"",""coordinates"":[[[76.96178449860446,12.442136671474064],[76.96151110754774,12.442048916907472],[76.96134434749317,12.441819887156758],[76.96134927030246,12.441538921486952],[76.9615238540897,12.441315645071613],[76.96180014604833,12.441237026615363],[76.96207028390653,12.441333786179491],[76.96222895555557,12.441568159561198],[76.96221427514018,12.441848822056857],[76.96203195654098,12.442066155786994],[76.96178449860446,12.442136671474064]]]}"
000000000000000001a8,Mandya,0.735507374865555,MM-MD-0130,0.6357476999844067,0.4560954815471375,10.0,511.23469845205545,77.08545684631996,ESA_WorldCover_Cropland,0.21827495098114014,6.1,Malavalli,23.69476690354693,Bheemanahalli,"{""type"":""Polygon"",""coordinates"":[[[76.96106585681504,12.441956985889359],[76.96079246414872,12.441869230958226],[76.96062570311237,12.441640201678123],[76.96063062595066,12.441359322785125],[76.96080521076574,12.441135962050836],[76.96108150435104,12.441057344623541],[76.96135164379974,12.441154104508136],[76.96151031638301,12.44138847737709],[76.9614956358812,12.441669138726423],[76.96131331620853,12.441886556779494],[76.96106585681504,12.441956985889359]]]}"
000000000000000001b9,Mandya,0.7355073748660903,MM-MD-0305,0.5771843650917411,0.6559977217556476,15.0,511.23469845205545,77.08545684631996,ESA_WorldCover_Cropland,0.21827495098114014,6.3,Malavalli,23.69476690354693,Bheemanahalli,"{""type"":""Polygon"",""coordinates"":[[[76.95908950414781,12.437824715604927],[76.95881619496474,12.43773697006096],[76.95864943122893,12.437507951598755],[76.9586543541469,12.437226999362652],[76.9588289417881,12.437003733284808],[76.95910515193714,12.43692511376072],[76.9593752957592,12.437021868159986],[76.95953397091134,12.437256230013212],[76.95951929017184,12.437536879109159],[76.95933705545623,12.437754292735624],[76.95908950414781,12.437824715604927]]]}"
000000000000000001d7,Mandya,0.7355073748660755,MM-MD-0584,0.5561895852821951,0.6797266278712791,15.0,511.23469845205545,77.08545684631996,ESA_WorldCover_Cropland,0.21827495098114014,6.3,Malavalli,23.69476690354693,Bheemanahalli,"{""type"":""Polygon"",""coordinates"":[[[76.95953871797641,12.437645061003192],[76.9592653218901,12.4375573118944],[76.95909855876772,12.437328293902175],[76.95910348166758,12.437047341704995],[76.95927806866658,12.436824075220112],[76.95955436570819,12.436745459283681],[76.95982450853629,12.43684221297188],[76.95998318310458,12.437076574374899],[76.95996850241912,12.43735722345708],[76.9597861804656,12.43757463322923],[76.95953871797641,12.437645061003192]]]}"
000000000000000001d9,Mandya,0.7355073748666063,MM-MD-0593,0.5784262772205186,0.43410250639510617,10.0,511.23469845205545,77.08545684631996,ESA_WorldCover_Cropland,0.21827495098114014,6.1,Malavalli,23.69476690354693,Bheemanahalli,"{""type"":""Polygon"",""coordinates"":[[[76.961874339519,12.442136594507973],[76.96160094866352,12.442048925680186],[76.96143418873169,12.441819895929404],[76.96143911153737,12.441538930176232],[76.9616136951961,12.4413156536268],[76.96188998695136,12.441237035037942],[76.9621601246107,12.441333794522722],[76.96231879614294,12.441568167909256],[76.96230411573838,12.441848830492066],[76.96212179727337,12.442066164357648],[76.961874339519,12.442136594507973]]]}"
000000000000000001ec,Mandya,0.7355073748671682,MM-MD-0810,0.5771824984410727,0.6987422502555468,15.0,511.23469845205545,77.08545684631996,ESA_WorldCover_Cropland,0.21827495098114014,6.3,Malavalli,23.69476690354693,Bheemanahalli,"{""type"":""Polygon"",""coordinates"":[[[76.95944887534293,12.43782474943536],[76.95917547905543,12.437736999941682],[76.95900871581034,12.437507981479094],[76.95901363871383,12.437227028909543],[76.95918822584129,12.437003676644663],[76.95946452308618,12.436925060872586],[76.95973466611309,12.437021814954438],[76.95989334079817,12.437256262478089],[76.9598786601019,12.437536911922704],[76.9596963380142,12.437754321808608],[76.95944887534293,12.43782474943536]]]}"
00000000000000000200,Mandya,0.7355073748653755,MM-MD-1000,0.5866781017724414,0.510664271828974,10.0,511.23469845205545,77.08545684631996,ESA_WorldCover_Cropland,0.21827495098114014,6.1,Malavalli,23.69476690354693,Bheemanahalli,"{""type"":""Polygon"",""coordinates"":[[[76.96196409246055,12.441956979292101],[76.96169078971315,12.441869229476389],[76.96152402990407,12.441640200195819],[76.96152895270613,12.441359320469688],[76.96170353623637,12.441135958394455],[76.96197982778824,12.441057339641185],[76.96224996524874,12.441154098732227],[76.9624086366642,12.441388471649258],[76.96239395627042,12.441669133869814],[76.96221163793963,12.441886553277337],[76.96196409246055,12.441956979292101]]]}"
000000000000000001a9,Mandya,0.7355073748652682,MM-MD-0134,0.45,0.5831277918595908,10.0,511.23469845205545,77.08545684631996,ESA_WorldCover_Cropland,0.21827495098114014,6.1027234927235,Malavalli,23.69476690354693,Bheemanahalli,"{""type"":""Polygon"",""coordinates"":[[[76.96834218412141,12.442855254033761],[76.9680688077588,12.442767504340033],[76.96790205666696,12.442538558364339],[76.96790697921168,12.44225758479074],[76.96808155361569,12.442034297537349],[76.96835783072427,12.441955669529133],[76.96862795406271,12.442052424556987],[76.96878661718301,12.442286800185132],[76.96877202545869,12.442567475116647],[76.96858971665935,12.442784819726887],[76.96834218412141,12.442855254033761]]]}"
000000000000000001ae,Mandya,0.7355073748671495,MM-MD-0191,0.45,0.5060655192003153,10.0,511.23469845205545,77.08545684631996,ESA_WorldCover_Cropland,0.21827495098114014,6.1,Malavalli,23.69476690354693,Bheemanahalli,"{""type"":""Polygon"",""coordinates"":[[[76.96753365637218,12.442136615977889],[76.9672603661003,12.442048871021093],[76.96709361390313,12.44181992692511],[76.96709844857733,12.441538951642082],[76.96727311204168,12.44131558527171],[76.9675493909816,12.441237043986218],[76.96781951611067,12.441333798471486],[76.96797818028276,12.441568172160103],[76.96796350055916,12.441848754573416],[76.96778119055118,12.442066182626402],[76.96753365637218,12.442136615977889]]]}"
000000000000000001b0,Mandya,0.7355073748654494,MM-MD-0204,0.45,0.4448892476192238,10.0,511.23469845205545,77.08545684631996,ESA_WorldCover_Cropland,0.21827495098114014,6.102723351177181,Malavalli,23.69476690354693,Bheemanahalli,"{""type"":""Polygon"",""coordinates"":[[[76.96834218412141,12.441956963391767],[76.9680688077588,12.441869215204957],[76.96790205666696,12.44164027157897],[76.96790697921168,12.441359300282459],[76.96808155361569,12.441135928688185],[76.96835783072427,12.441057300521454],[76.96862795406271,12.441154139634815],[76.96878661718301,12.441388512892315],[76.96877202545869,12.441669099920087],[76.96858971665935,12.441886528942737],[76.96834218412141,12.441956963391767]]]}"
000000000000000001b7,Mandya,0.7355073748662034,MM-MD-0278,0.45,0.5226581600481699,10.0,511.23469845205545,77.08545684631996,ESA_WorldCover_Cropland,0.21827495098114014,6.1,Malavalli,23.69476690354693,Bheemanahalli,"{""type"":""Polygon"",""coordinates"":[[[76.9666353738236,12.442046785900882],[76.96636199363536,12.44195903598134],[76.96619524021006,12.441730092120347],[76.96620016282367,12.441449122178863],[76.96637473967063,12.441225753000099],[76.96665102064543,12.441147213024303],[76.96692114776408,12.441243968146093],[76.96707990100803,12.441478345830493],[76.96706522117633,12.441758927148634],[76.96688290982563,12.441976353723005],[76.9666353738236,12.442046785900882]]]}"
000000000000000001b8,Mandya,0.7355073748655518,MM-MD-0281,0.45,0.500483173958199,10.0,511.23469845205545,77.08545684631996,ESA_WorldCover_Cropland,0.21827495098114014,6.1,Malavalli,23.69476690354693,Bheemanahalli,"{""type"":""Polygon"",""coordinates"":[[[76.96807267546724,12.441777322255199],[76.96779929850051,12.441689574119946],[76.96763254704017,12.441460545307255],[76.96763746959577,12.441179660372667],[76.96781204438557,12.440956289443829],[76.96808832210468,12.440877661643146],[76.96835844604007,12.440974415023769],[76.96851719741318,12.441208877729338],[76.96850251775444,12.441489459766768],[76.96832020855221,12.441706888134108],[76.96807267546724,12.441777322255199]]]}"
000000000000000001ba,Mandya,0.7355073748656032,MM-MD-0312,0.45,0.5272140883742921,10.0,511.23469845205545,77.08545684631996,ESA_WorldCover_Cropland,0.21827495098114014,6.165873304578281,Malavalli,23.69476690354693,Bheemanahalli,"{""type"":""Polygon"",""coordinates"":[[[76.96771332966856,12.443484109756177],[76.96743995189635,12.4433963584246],[76.96727319994471,12.443167325146163],[76.96727812251483,12.442886436219554],[76.96745278572189,12.442663067607041],[76.9677289763521,12.442584436357022],[76.96799918898593,12.442681282978501],[76.96815785292426,12.442915660232726],[76.9681431732223,12.443196246188657],[76.96796086348289,12.443413676380459],[76.96771332966856,12.443484109756177]]]}"
000000000000000001bb,Mandya,0.7355073748660955,MM-MD-0318,0.45,0.5226602508885524,10.0,511.23469845205545,77.08545684631996,ESA_WorldCover_Cropland,0.21827495098114014,6.165869757289115,Malavalli,23.69476690354693,Bheemanahalli,"{""type"":""Polygon"",""coordinates"":[[[76.96744381962475,12.443484089373552],[76.96717052915156,12.443396342073463],[76.96700377683158,12.443167394452875],[76.96700861150933,12.442886415837107],[76.96718327510231,12.442663047626946],[76.96745955424575,12.44258450671297],[76.9677296795738,12.442681263634205],[76.96788834386275,12.442915640874048],[76.96787366412833,12.443196226568734],[76.96769135398605,12.443413656354236],[76.96744381962475,12.443484089373552]]]}"
000000000000000001be,Mandya,0.7355073748656927,MM-MD-0330,0.45,0.5342747664493281,10.0,511.23469845205545,77.08545684631996,ESA_WorldCover_Cropland,0.21827495098114014,6.173056133056129,Malavalli,23.69476690354693,Bheemanahalli,"{""type"":""Polygon"",""coordinates"":[[[76.96861169217998,12.44330446408592],[76.96833831642152,12.443216713888493],[76.96817156569819,12.442987681079938],[76.96817640032964,12.442706787495066],[76.96835106225025,12.44248341780481],[76.96862733874828,12.442404789478093],[76.96889746148972,12.442501545053256],[76.96905612425938,12.442736007538908],[76.96904144466554,12.443016593916292],[76.96885913626899,12.443234025213147],[76.96861169217998,12.44330446408592]]]}"
000000000000000001c0,Mandya,0.7355073748676542,MM-MD-0343,0.45,0.5614178489402357,10.0,511.23469845205545,77.08545684631996,ESA_WorldCover_Cropland,0.21827495098114014,6.140009354050818,Malavalli,23.69476690354693,Bheemanahalli,"{""type"":""Polygon"",""coordinates"":[[[76.9678031662175,12.443304405656216],[76.96752978864664,12.443216740367312],[76.96736303681783,12.442987707558807],[76.96736795938432,12.442706733346544],[76.96754262246272,12.44248345052053],[76.9678188128895,12.442404819106287],[76.96808902532429,12.442501579676518],[76.96824768914576,12.442735956461304],[76.9682330094546,12.443016627713087],[76.96805069984948,12.443233972133232],[76.9678031662175,12.443304405656216]]]}"
000000000000000001c2,Mandya,0.7355073748662209,MM-MD-0352,0.45,0.5385087386712241,10.0,511.23469845205545,77.08545684631996,ESA_WorldCover_Cropland,0.21827495098114014,6.1,Malavalli,23.69476690354693,Bheemanahalli,"{""type"":""Polygon"",""coordinates"":[[[76.96699472279819,12.441687482557136],[76.96672134341533,12.441599733573478],[76.96655459048127,12.441370704996157],[76.96655951308037,12.441089821288534],[76.96673408941304,12.440866452100003],[76.96701036957391,12.440787825874333],[76.96728049589677,12.44088458005008],[76.96743916077008,12.441119038180679],[76.9674244809816,12.441399618948711],[76.96724217016789,12.441617045566492],[76.96699472279819,12.441687482557136]]]}"
000000000000000001c8,Mandya,0.7355073748675867,MM-MD-0427,0.45,0.5363728488512072,10.0,511.23469845205545,77.08545684631996,ESA_WorldCover_Cropland,0.21827495098114014,6.1783141921737705,Malavalli,23.69476690354693,Bheemanahalli,"{""type"":""Polygon"",""coordinates"":[[[76.96807267546724,12.443573906374036],[76.96779929850051,12.443486155224951],[76.96763254704017,12.443257207369532],[76.96763746959577,12.442976232224273],[76.96781204438557,12.442752944320628],[76.96808832210468,12.44267431683705],[76.96835844604007,12.442771073359797],[76.96851719741318,12.443005455150727],[76.96850251775444,12.443286127337638],[76.96832020855221,12.443503472537328],[76.96807267546724,12.443573906374036]]]}"
000000000000000001c9,Mandya,0.7355073748665825,MM-MD-0435,0.45,0.5318098617095292,10.0,511.23469845205545,77.08545684631996,ESA_WorldCover_Cropland,0.21827495098114014,6.165873304578281,Malavalli,23.69476690354693,Bheemanahalli,"{""type"":""Polygon"",""coordinates"":[[[76.96789300270025,12.44348412316604],[76.96761962533077,12.443396372000997],[76.96745287362478,12.4431673387225],[76.96745779618765,12.442886449629302],[76.96763245913739,12.442663080748556],[76.96790864936074,12.44258444923341],[76.96817886159648,12.442681210038439],[76.96833752530107,12.442915672959959],[76.96832284562073,12.44319625909005],[76.9681405361499,12.443413689552717],[76.96789300270025,12.44348412316604]]]}"
000000000000000001cd,Mandya,0.7355073748666725,MM-MD-0470,0.45,0.5156985017775778,10.0,511.23469845205545,77.08545684631996,ESA_WorldCover_Cropland,0.21827495098114014,6.1,Malavalli,23.69476690354693,Bheemanahalli,"{""type"":""Polygon"",""coordinates"":[[[76.96744381962475,12.44186713268037],[76.96717052915156,12.441779388092348],[76.96700377683158,12.441550359044799],[76.96700861150933,12.441269470184787],[76.96718327510231,12.441046104343323],[76.96745955424575,12.440967477486437],[76.9677296795738,12.441064317235929],[76.96788834386275,12.441298690208543],[76.96787366412833,12.441579271861064],[76.96769135398605,12.441796699405018],[76.96744381962475,12.44186713268037]]]}"
000000000000000001d3,Mandya,0.7355073748665159,MM-MD-0569,0.45,0.5456241075670036,10.0,511.23469845205545,77.08545684631996,ESA_WorldCover_Cropland,0.21827495098114014,6.15291794418749,Malavalli,23.69476690354693,Bheemanahalli,"{""type"":""Polygon"",""coordinates"":[[[76.9678031662175,12.443394261030946],[76.96752978864664,12.443306509933368],[76.96736303681783,12.443077562547783],[76.96736795938432,12.442796588107766],[76.96754262246272,12.442573219492754],[76.9678188128895,12.442494673751797],[76.96808902532429,12.442591434479205],[76.96824768914576,12.442825811501104],[76.9682330094546,12.443106397319509],[76.96805069984947,12.443323827522196],[76.9678031662175,12.443394261030946]]]}"
000000000000000001df,Mandya,0.7355073748664113,MM-MD-0655,0.45,0.5322991827343582,10.0,511.23469845205545,77.08545684631996,ESA_WorldCover_Cropland,0.21827495098114014,6.1,Malavalli,23.69476690354693,Bheemanahalli,"{""type"":""Polygon"",""coordinates"":[[[76.96726414593134,12.442226450817683],[76.96699085505557,12.442138705460493],[76.96682410248995,12.441909761129509],[76.96682893717482,12.441628785868545],[76.96700360102511,12.441405419768865],[76.96727988057553,12.441326878896987],[76.9675500063015,12.441423633777468],[76.9677086708242,12.441658007688828],[76.96769399106816,12.44193859006553],[76.96751168065731,12.442156017836803],[76.96726414593134,12.442226450817683]]]}"
000000000000000001e4,Mandya,0.7355073748665903,MM-MD-0726,0.45,0.5696159558726624,10.0,511.23469845205545,77.08545684631996,ESA_WorldCover_Cropland,0.21827495098114014,6.129910087833272,Malavalli,23.69476690354693,Bheemanahalli,"{""type"":""Polygon"",""coordinates"":[[[76.96834218412141,12.4432145894732],[76.9680688077588,12.443126839176696],[76.96790205666696,12.442897892261117],[76.96790697921168,12.4426169177767],[76.96808155361569,12.442393629997083],[76.96835783072427,12.442315002052295],[76.96862795406271,12.442411757708554],[76.96878670508495,12.442646138565408],[76.96877202545869,12.44292681011512],[76.96858971665935,12.443144155223209],[76.96834218412141,12.4432145894732]]]}"
000000000000000001ef,Mandya,0.7355073748653581,MM-MD-0821,0.45,0.5367440952263086,10.0,511.23469845205545,77.08545684631996,ESA_WorldCover_Cropland,0.21827495098114014,6.1,Malavalli,23.69476690354693,Bheemanahalli,"{""type"":""Polygon"",""coordinates"":[[[76.96807267546724,12.442585755785498],[76.96779929850051,12.442498006294034],[76.96763254704017,12.442269061023238],[76.96763746959577,12.441988088382672],[76.96781204438557,12.441764801926077],[76.96808832210468,12.441686174268062],[76.96835844604007,12.441782929062711],[76.96851719741318,12.442017308245672],[76.96850251775444,12.442297977961683],[76.96832020855221,12.442515321792351],[76.96807267546724,12.442585755785498]]]}"
000000000000000001f6,Mandya,0.7355073748660768,MM-MD-0944,0.45,0.5980150681926049,10.0,511.23469845205545,77.08545684631996,ESA_WorldCover_Cropland,0.21827495098114014,6.106189585282201,Malavalli,23.69476690354693,Bheemanahalli,"{""type"":""Polygon"",""coordinates"":[[[76.96825234796952,12.443034958057538],[76.96797897140554,12.44294720797908],[76.96781222019086,12.442718175875699],[76.96781714273921,12.442437287587534],[76.96799171727183,12.442213914547713],[76.96826799458391,12.442135286703792],[76.96853811812134,12.442232042125138],[76.96869686926054,12.44246650816062],[76.96868218962345,12.442747093516179],[76.96849988068982,12.442964523897905],[76.96825234796952,12.443034958057538]]]}"
000000000000000001f5,Mandya,0.7355073748666277,MM-MD-0943,0.55,0.6497258949525341,15.0,511.23469845205545,77.08545684631996,ESA_WorldCover_Cropland,0.21827495098114014,6.3,Malavalli,23.69476690354693,Bheemanahalli,"{""type"":""Polygon"",""coordinates"":[[[76.95962847263526,12.437375520272637],[76.95935516465867,12.43728786163283],[76.959188401659,12.43705884434599],[76.95919332455524,12.43677789274885],[76.95936791142577,12.436554540874173],[76.95964420826405,12.436475924757493],[76.95991435089336,12.436572677894645],[76.9600730253449,12.436807124241648],[76.96005834467022,12.437087687085672],[76.95987602285088,12.437305096619442],[76.95962847263526,12.437375520272637]]]}"
000000000000000001fa,Mandya,0.7355073748658334,MM-MD-0982,0.55,0.5599181957981155,15.0,511.23469845205545,77.08545684631996,ESA_WorldCover_Cropland,0.21827495098114014,6.3,Malavalli,23.69476690354693,Bheemanahalli,"{""type"":""Polygon"",""coordinates"":[[[76.95926918987759,12.437195881270776],[76.95899579318774,12.43710813266635],[76.95882911760634,12.436879120132716],[76.95883395260796,12.436598250692956],[76.95900862790134,12.436374903900129],[76.95928483764389,12.436296283999907],[76.95955498106838,12.436393037139963],[76.95971365598697,12.436627397342308],[76.9596989752691,12.436908045039168],[76.95951665291307,12.437125453781979],[76.95926918987759,12.437195881270776]]]}"
000000000000000001ad,Mandya,0.7355073748673184,MM-MD-0185,0.6000000000000001,0.5270734345453238,10.0,511.23469845205545,77.08545684631996,ESA_WorldCover_Cropland,0.21827495098114014,6.2,Malavalli,23.69476690354693,Bheemanahalli,"{""type"":""Polygon"",""coordinates"":[[[76.96151497546407,12.439711166594554],[76.96124158380366,12.439623415848812],[76.96107482338087,12.439394478099587],[76.96107974620104,12.439113518829078],[76.96125441828116,12.438890164997284],[76.96153062294249,12.438811542227631],[76.96180076139721,12.438908297786167],[76.96195943339664,12.439142750403903],[76.96194475294884,12.439423320918465],[76.96176252185404,12.439640740817364],[76.96151497546407,12.439711166594554]]]}"
000000000000000001ea,Mandya,0.7355073748668475,MM-MD-0785,0.6000000000000001,0.5335222157692666,10.0,511.23469845205545,77.08545684631996,ESA_WorldCover_Cropland,0.21827495098114014,6.2,Malavalli,23.69476690354693,Bheemanahalli,"{""type"":""Polygon"",""coordinates"":[[[76.96160481657698,12.439711174688378],[76.9613314251178,12.439623424025879],[76.96116466481776,12.439394400623375],[76.9611695876343,12.43911352692272],[76.96134425958586,12.438890172956784],[76.9616204640439,12.438811550054574],[76.96189060229979,12.43890830553378],[76.9620492741824,12.439142758156379],[76.96203459374543,12.439423328758066],[76.96185227487781,12.439640744510307],[76.96160481657698,12.439711174688378]]]}"
000000000000000001f4,Mandya,0.735507374867395,MM-MD-0939,0.6000000000000001,0.5097542452539993,13.915709608688877,511.23469845205545,77.08545684631996,ESA_WorldCover_Cropland,0.21827495098114014,6.221685807826216,Malavalli,23.69476690354693,Bheemanahalli,"{""type"":""Polygon"",""coordinates"":[[[76.97202523356297,12.437285730122653],[76.97175186545816,12.43719799318549],[76.97158511940317,12.436968976126648],[76.97159004179922,12.436688013260504],[76.97176469882984,12.436464732950597],[76.97204096759279,12.436386098526716],[76.97231108277121,12.436482840560517],[76.97246974109844,12.436717287337865],[76.97245506191561,12.43699786197289],[76.97227275862353,12.437215290066806],[76.97202523356297,12.437285730122653]]]}"
000000000000000001a3,Mandya,0.7355073748652267,MM-MD-0076,0.7000000000000001,0.6660611820510011,10.0,511.23469845205545,77.08545684631996,ESA_WorldCover_Cropland,0.21827495098114014,6.2,Malavalli,23.69476690354693,Bheemanahalli,"{""type"":""Polygon"",""coordinates"":[[[76.97274389868512,12.43980103601024],[76.97247053219206,12.439713295519518],[76.97230378712018,12.43948427187749],[76.97230870948718,12.439203301966394],[76.97248336548809,12.438980016898595],[76.9727595447231,12.438901377578876],[76.97302974620798,12.438998127654733],[76.97318840359972,12.43923258111225],[76.97317372450345,12.439513162734332],[76.97299142228628,12.439730595401006],[76.97274389868512,12.43980103601024]]]}"
000000000000000001af,Mandya,0.7355073748665429,MM-MD-0198,0.7000000000000001,0.4686395423723069,10.0,511.23469845205545,77.08545684631996,ESA_WorldCover_Cropland,0.21827495098114014,6.106189263628338,Malavalli,23.69476690354693,Bheemanahalli,"{""type"":""Polygon"",""coordinates"":[[[76.96968963055666,12.438902710733478],[76.96941625721476,12.438814968919406],[76.9692495079654,12.438585947629052],[76.96925443045572,12.438304982827356],[76.96942909083229,12.43808170363279],[76.96970527698662,12.438003068660644],[76.96997548524129,12.438099819863835],[76.9701341466082,12.438334270786074],[76.97011946714416,12.438614847202407],[76.96993716035936,12.438832274020156],[76.96968963055666,12.438902710733478]]]}"
000000000000000001f7,Mandya,0.7355073748661279,MM-MD-0949,0.7000000000000001,0.6804411367332459,10.0,511.23469845205545,77.08545684631996,ESA_WorldCover_Cropland,0.21827495098114014,6.2,Malavalli,23.69476690354693,Bheemanahalli,"{""type"":""Polygon"",""coordinates"":[[[76.9729235643036,12.440160374068231],[76.97265019821349,12.440072633141277],[76.97248345338737,12.4398436085589],[76.97248837574715,12.439562637570136],[76.97266303149058,12.439339351707844],[76.97293921031849,12.43926071218618],[76.97320941140508,12.43935746273177],[76.97336806856293,12.439591917147588],[76.9733533894883,12.439872499842293],[76.97317108753985,12.440089933278163],[76.9729235643036,12.440160374068231]]]}"
000000000000000001db,Mandya,0.7355073748664339,MM-MD-0626,0.8,0.706451565608273,10.0,511.23469845205545,77.08545684631996,ESA_WorldCover_Cropland,0.21827495098114014,6.266533284830855,Malavalli,23.69476690354693,Bheemanahalli,"{""type"":""Polygon"",""coordinates"":[[[76.97256423280184,12.443034958406587],[76.97229086590582,12.442947212325269],[76.97212412058816,12.442718180221634],[76.97212904296242,12.442437287937107],[76.97230369922077,12.44221391274208],[76.97257987886287,12.44213535991404],[76.97285008074606,12.442232115804655],[76.97300873837166,12.442466492130997],[76.97299405925376,12.442747081664528],[76.97281175676785,12.442964518545358],[76.97256423280184,12.443034958406587]]]}"
0000000000000000021a,Mandya,0.7355073748652997,MM-MD-0345,0.7000000000000001,0.49763322608887417,10.0,656.9336452186108,78.20382239787247,ESA_WorldCover_Cropland,0.2188413292169571,6.3,Mandya,23.39928600502433,Chikkathammanahalli,"{""type"":""Polygon"",""coordinates"":[[[76.82829479105825,12.549036147067449],[76.82802136737894,12.548948444583898],[76.82785451439693,12.548719397534759],[76.8278594425473,12.548438458291107],[76.82803412775073,12.548215137091951],[76.82831045547995,12.548136552086774],[76.82858071044444,12.548233265671925],[76.82873946626131,12.548467651602252],[76.8287247699165,12.548748278340607],[76.8285424294937,12.548965736477978],[76.82829479105825,12.549036147067449]]]}"
00000000000000000223,Mandya,0.7355073748664305,MM-MD-0425,0.7000000000000001,0.5877142402145281,10.0,656.9336452186108,78.20382239787247,ESA_WorldCover_Cropland,0.2188413292169571,6.293999376558609,Mandya,23.39928600502433,Chikkathammanahalli,"{""type"":""Polygon"",""coordinates"":[[[76.82937281546802,12.549305618920533],[76.82909930616114,12.549217912626311],[76.82893254262973,12.548988869244715],[76.82893738273538,12.548707923949676],[76.82911206642213,12.54848460073981],[76.8293884797537,12.548406018548521],[76.82965873237139,12.54850281734377],[76.82981748680965,12.548737204037906],[76.82980279059245,12.549017832496865],[76.82962045175307,12.549235206938905],[76.82937281546802,12.549305618920533]]]}"
00000000000000000237,Mandya,0.7355073748661342,MM-MD-0607,0.7000000000000001,0.5372132892411734,10.0,656.9336452186108,78.20382239787247,ESA_WorldCover_Cropland,0.2188413292169571,6.3,Mandya,23.39928600502433,Chikkathammanahalli,"{""type"":""Polygon"",""coordinates"":[[[76.82910326624227,12.549036165048745],[76.82882984434352,12.548948377620395],[76.82866299244803,12.548719416272274],[76.8286679205663,12.548438476271752],[76.8288426046322,12.548215153854478],[76.82911893056198,12.548136481944356],[76.82938927176808,12.548233284876156],[76.82954793854947,12.548467666482743],[76.82953333030187,12.548748298379651],[76.82935090306505,12.548965753380026],[76.82910326624227,12.549036165048745]]]}"
0000000000000000023b,Mandya,0.7355073748663925,MM-MD-0635,0.7000000000000001,0.5198787700731992,10.0,656.9336452186108,78.20382239787247,ESA_WorldCover_Cropland,0.2188413292169571,6.3,Mandya,23.39928600502433,Chikkathammanahalli,"{""type"":""Polygon"",""coordinates"":[[[76.835122003522,12.548676781850869],[76.83484850688635,12.548589081992127],[76.83468175108061,12.548360125943633],[76.83468659096205,12.548079176844842],[76.8348613545539,12.547855850241536],[76.83513766708198,12.547777169295873],[76.83540790717889,12.547873961865012],[76.83556665426185,12.548108347220028],[76.83555204672281,12.54838898411603],[76.83536962833413,12.548606362085856],[76.835122003522,12.548676781850869]]]}"
00000000000000000241,Mandya,0.7355073748663807,MM-MD-0681,0.7000000000000001,0.5367462448078768,10.0,656.9336452186108,78.20382239787247,ESA_WorldCover_Cropland,0.2188413292169571,6.3,Mandya,23.39928600502433,Chikkathammanahalli,"{""type"":""Polygon"",""coordinates"":[[[76.82910326624227,12.54894635006723],[76.82882984434352,12.548858562789492],[76.82866299244803,12.548629601674582],[76.8286679205663,12.54834866189895],[76.8288426046322,12.548125339610552],[76.82911893056198,12.548046667683069],[76.8293892717681,12.54814347045788],[76.82954793854947,12.548377851829276],[76.82953333030187,12.548658483504365],[76.82935090306505,12.54887585268157],[76.82910326624227,12.54894635006723]]]}"
00000000000000000243,Mandya,0.7355073748674281,MM-MD-0696,0.7000000000000001,0.5557648423363544,10.0,656.9336452186108,78.20382239787247,ESA_WorldCover_Cropland,0.2188413292169571,6.295735286478632,Mandya,23.39928600502433,Chikkathammanahalli,"{""type"":""Polygon"",""coordinates"":[[[76.82901350437217,12.549395512838261],[76.82873999427366,12.549307720355545],[76.82857314225741,12.549078758074376],[76.82857807037925,12.548797817258208],[76.82875275457158,12.548574494460711],[76.82902916870319,12.548495827121346],[76.82929942210312,12.54859262639399],[76.8294581770009,12.548827013304045],[76.82944348074116,12.54910764163314],[76.8292610533723,12.54932501128274],[76.82901350437217,12.549395512838261]]]}"
0000000000000000024c,Mandya,0.735507374866099,MM-MD-0803,0.7000000000000001,0.6033478165724562,10.0,656.9336452186108,78.20382239787247,ESA_WorldCover_Cropland,0.2188413292169571,6.1811366824250635,Mandya,23.39928600502433,Chikkathammanahalli,"{""type"":""Polygon"",""coordinates"":[[[76.83709832438211,12.54750897922142],[76.83682483210431,12.547421283169689],[76.83665799095911,12.547192240086755],[76.83666291875987,12.546911296428737],[76.83683759157084,12.546687964160284],[76.8371139876925,12.54660937011148],[76.83738422348333,12.546706158877956],[76.8375429680367,12.54694054128024],[76.83752827273457,12.547221172860393],[76.83734594524852,12.547438556616147],[76.83709832438211,12.54750897922142]]]}"
0000000000000000021c,Mandya,0.7355073748660514,MM-MD-0386,0.7000000000000001,0.6351165038231441,10.0,656.9576414809568,78.20446539063842,ESA_WorldCover_Cropland,0.2188413292169571,6.202550649350643,Mandya,23.398982731457973,Chikkathammanahalli,"{""type"":""Polygon"",""coordinates"":[[[76.83458301745833,12.550024294035163],[76.83430951963437,12.549936591413452],[76.83414276310413,12.549707546163768],[76.83414760300658,12.54942659419491],[76.83432236735776,12.549203266470416],[76.83459868108635,12.549124672290475],[76.83486892235746,12.549221467694473],[76.83502767013022,12.549455856549264],[76.83501306252768,12.54973649624603],[76.83483064334638,12.549953875223627],[76.83458301745833,12.550024294035163]]]}"
00000000000000000256,Mandya,0.7355073748662049,MM-MD-0903,0.7000000000000001,0.6849042980208543,10.0,657.583180410749,78.22122704296835,ESA_WorldCover_Cropland,0.2188413292169571,6.1,Mandya,23.391076940989166,Chikkathammanahalli,"{""type"":""Polygon"",""coordinates"":[[[76.83269659179454,12.550114101624503],[76.83242308981221,12.55002639708634],[76.83225624274702,12.549797347237364],[76.83226117072263,12.549516401174795],[76.83243584973148,12.5492930717975],[76.83271225566074,12.549214484811138],[76.83298250104086,12.54931128205462],[76.83314125122743,12.549545671043855],[76.83312655540382,12.549826304751328],[76.83294422144775,12.550043685346665],[76.83269659179454,12.550114101624503]]]}"
00000000000000000202,Mandya,0.7355073748655626,MM-MD-0024,0.7030936672034918,0.4815958685636402,10.0,657.5832141545898,78.22122794715273,ESA_WorldCover_Cropland,0.2188413292169571,6.2,Mandya,23.391076514522126,Chikkathammanahalli,"{""type"":""Polygon"",""coordinates"":[[[76.83009143453964,12.550114145294826],[76.82981792681612,12.550026352615538],[76.8296511642501,12.549797392836338],[76.82965600432772,12.549516444844299],[76.82983077500454,12.549293123759078],[76.83010709873464,12.5492145362869],[76.83037734978778,12.549311250152163],[76.83053610330694,12.549545639001916],[76.83052140717483,12.549826270160265],[76.83033906939107,12.550043732494673],[76.83009143453964,12.550114145294826]]]}"
0000000000000000024a,Mandya,0.7355073748665489,MM-MD-0789,0.7000000000000001,0.6340538793352372,10.0,657.5832141545898,78.22122794715273,ESA_WorldCover_Cropland,0.2188413292169571,6.2,Mandya,23.391076514522126,Chikkathammanahalli,"{""type"":""Polygon"",""coordinates"":[[[76.83458301745831,12.55011411148593],[76.83430951963437,12.550026408713688],[76.83414276310413,12.549797363230793],[76.83414760300658,12.54951641103704],[76.83432236735776,12.549293083183699],[76.83459868108635,12.549214489021146],[76.83486892235746,12.549311284582055],[76.83502767013022,12.549545673672027],[76.83501306252768,12.549826313590588],[76.83483064334638,12.550043692690004],[76.83458301745831,12.55011411148593]]]}"
0000000000000000025b,Mandya,0.7355073748665282,MM-MD-0947,0.7078259740259747,0.4443005607712161,10.0,658.5768438197127,78.24785278886645,ESA_WorldCover_Cropland,0.2188413292169571,6.2,Mandya,23.37851865830898,Chikkathammanahalli,"{""type"":""Polygon"",""coordinates"":[[[76.83045074251532,12.550203967854927],[76.83017732358459,12.550116179728752],[76.83001047350022,12.54988721534883],[76.830015401565,12.549606271163103],[76.83019008373476,12.54938294504017],[76.830466406665,12.5493043570502],[76.83073674493646,12.549401075118825],[76.83089540999539,12.54963545985597],[76.83088080190636,12.549916095954861],[76.83069837664993,12.550133554590754],[76.83045074251532,12.550203967854927]]]}"
00000000000000000247,Mandya,0.7355073748660261,MM-MD-0737,0.7000000000000001,0.6938696503110475,10.0,661.1340818683574,78.31637535885336,ESA_WorldCover_Cropland,0.2188413292169571,6.102737662337669,Mandya,23.346199345747284,Chikkathammanahalli,"{""type"":""Polygon"",""coordinates"":[[[76.83287619814163,12.55038363753935],[76.8326027845545,12.550295851380893],[76.83243593773093,12.550066886535278],[76.8324408656994,12.549785939629727],[76.83261554445531,12.549562609594997],[76.83289186198516,12.54948401802698],[76.83316219497301,12.549580734244472],[76.83332094492968,12.54981512394886],[76.83330624912736,12.550095758497427],[76.8331238274364,12.550313221068638],[76.83287619814163,12.55038363753935]]]}"
00000000000000000203,Mandya,0.7355073748661162,MM-MD-0053,0.8175315568022435,0.4668747939940173,10.0,667.4320099949837,78.4851317329651,ESA_WorldCover_Cropland,0.2188413292169571,6.4,Mandya,23.26660381973702,Chikkathammanahalli,"{""type"":""Polygon"",""coordinates"":[[[76.83323558605362,12.556312515392444],[76.83296208525934,12.556224800971524],[76.83279523891888,12.555995735030713],[76.83280016687307,12.555714858658039],[76.83297484512318,12.555491519579109],[76.83325124985177,12.555412847287162],[76.83352149405795,12.555509654877207],[76.83368024355488,12.555744060121096],[76.83366554779514,12.55602470965478],[76.83348321463112,12.556242099474185],[76.83323558605362,12.556312515392444]]]}"
00000000000000000205,Mandya,0.7355073748657235,MM-MD-0096,0.8174753246753256,0.5594068722817219,10.0,667.4320099949837,78.4851317329651,ESA_WorldCover_Cropland,0.2188413292169571,6.3,Mandya,23.26660381973702,Chikkathammanahalli,"{""type"":""Polygon"",""coordinates"":[[[76.83413387528277,12.554785396739954],[76.83386037646866,12.554697600012123],[76.83369353133617,12.554468623742459],[76.83369845925469,12.554187664642722],[76.83387313624013,12.55396432639988],[76.83414953896751,12.55388573817952],[76.83441978121702,12.553982542300771],[76.83457852956454,12.554216943595618],[76.83456383391118,12.554497504532794],[76.83438150206734,12.554714893649006],[76.83413387528277,12.554785396739954]]]}"
00000000000000000207,Mandya,0.7355073748664152,MM-MD-0124,0.8275402597402596,0.47219790746912527,10.0,667.4320099949837,78.4851317329651,ESA_WorldCover_Cropland,0.2188413292169571,6.392966233766226,Mandya,23.26660381973702,Chikkathammanahalli,"{""type"":""Polygon"",""coordinates"":[[[76.83332534487015,12.55613287020436],[76.83305193227272,12.55604507482902],[76.83288508605308,12.555816095062333],[76.83289001400371,12.555535133347519],[76.83306469212734,12.55531179439085],[76.83334109665577,12.555233207637432],[76.83361134066625,12.55533001483355],[76.83377009004823,12.555564419612075],[76.83375539429912,12.555844983082547],[76.8335729732685,12.556062368426934],[76.83332534487015,12.55613287020436]]]}"
00000000000000000209,Mandya,0.7355073748671275,MM-MD-0170,0.7092810016104738,0.4896351346550407,10.0,667.4320099949837,78.4851317329651,ESA_WorldCover_Cropland,0.2188413292169571,6.300940308587465,Mandya,23.26660381973702,Chikkathammanahalli,"{""type"":""Polygon"",""coordinates"":[[[76.83368473148117,12.55424637799478],[76.83341123167695,12.554158667456537],[76.83324438594046,12.55392960687886],[76.83324931387682,12.553648649548256],[76.83342399149461,12.55342539846093],[76.83370039522262,12.553346725099178],[76.8339706384505,12.55344352867977],[76.83412938737273,12.553677928539917],[76.83411469166619,12.553958573414564],[76.83393235916223,12.554175961116853],[76.83368473148117,12.55424637799478]]]}"
0000000000000000020b,Mandya,0.7355073748660481,MM-MD-0178,0.7606857142857136,0.5763611736412558,10.0,667.4320099949837,78.4851317329651,ESA_WorldCover_Cropland,0.2188413292169571,6.4,Mandya,23.26660381973702,Chikkathammanahalli,"{""type"":""Polygon"",""coordinates"":[[[76.83278635100099,12.554515902553687],[76.83251293721588,12.554428109384041],[76.8323460902715,12.554199133812853],[76.83235101824354,12.553918176648386],[76.83252569712592,12.553694840822057],[76.83280210285503,12.553616254557339],[76.83307234803947,12.553712973704213],[76.83323109811109,12.553947374221849],[76.83321640229813,12.554228018882622],[76.83303398047507,12.554445401215613],[76.83278635100099,12.554515902553687]]]}"
0000000000000000020e,Mandya,0.7355073748669128,MM-MD-0213,0.7048935064935072,0.46788748587413276,10.0,667.4320099949837,78.4851317329651,ESA_WorldCover_Cropland,0.2188413292169571,6.3,Mandya,23.26660381973702,Chikkathammanahalli,"{""type"":""Polygon"",""coordinates"":[[[76.83269659179454,12.553078528424306],[76.83242308981221,12.552990818917774],[76.83225624274702,12.552761847076674],[76.83226117072263,12.552480893593271],[76.83243584973148,12.55225755996341],[76.83271225566074,12.552178973553074],[76.83298250104086,12.552275690270623],[76.83314125122743,12.552510087021169],[76.83312655540382,12.552790728046755],[76.83294422144775,12.55300811266234],[76.83269659179454,12.553078528424306]]]}"
00000000000000000210,Mandya,0.7355073748659663,MM-MD-0231,0.7987246753246744,0.6967522624053255,10.0,667.4320099949837,78.4851317329651,ESA_WorldCover_Cropland,0.2188413292169571,6.6,Mandya,23.26660381973702,Chikkathammanahalli,"{""type"":""Polygon"",""coordinates"":[[[76.8306304401135,12.55496502968526],[76.83035693357768,12.554877315082315],[76.83019017173578,12.554648257007178],[76.8301950117924,12.554367382073421],[76.83036969370939,12.554144048851633],[76.83064610424047,12.554065380181862],[76.83091635412002,12.554162187743188],[76.83107510694974,12.554396589321845],[76.83106041088146,12.554677232981646],[76.83087807388955,12.554894617010808],[76.8306304401135,12.55496502968526]]]}"
00000000000000000213,Mandya,0.7355073748668409,MM-MD-0276,0.7600187022702479,0.46480311978603833,10.0,667.4320099949837,78.4851317329651,ESA_WorldCover_Cropland,0.2188413292169571,6.3,Mandya,23.26660381973702,Chikkathammanahalli,"{""type"":""Polygon"",""coordinates"":[[[76.83467286329787,12.55451585732521],[76.834399365672,12.55442814726082],[76.83423252126435,12.554199171690746],[76.83423744916148,12.553918212760944],[76.83441212538803,12.553694874092443],[76.83468852691456,12.553616285016485],[76.83495876798995,12.553713002479578],[76.83511751564771,12.553947403097572],[76.83510282005821,12.554228049603916],[76.83492048900659,12.554445439174877],[76.83467286329787,12.55451585732521]]]}"
00000000000000000214,Mandya,0.7355073748664392,MM-MD-0290,0.8281740259740259,0.5980824615493107,10.0,667.4320099949837,78.4851317329651,ESA_WorldCover_Cropland,0.2188413292169571,6.368275324675321,Mandya,23.26660381973702,Chikkathammanahalli,"{""type"":""Polygon"",""coordinates"":[[[76.8331457391732,12.555504030797644],[76.83287223818087,12.555416317647238],[76.83270539171963,12.555187253804824],[76.83271031967737,12.554906293831563],[76.83288499805397,12.554683041753893],[76.8331614029827,12.554604369439186],[76.83343164738457,12.554701175697378],[76.83359039699648,12.554935578820594],[76.83357570122608,12.555216226271488],[76.83339336793003,12.555433614858464],[76.8331457391732,12.555504030797644]]]}"
00000000000000000219,Mandya,0.7355073748663433,MM-MD-0333,0.7944568549015522,0.6445057117115711,10.0,667.4320099949837,78.4851317329651,ESA_WorldCover_Cropland,0.2188413292169571,6.4,Mandya,23.26660381973702,Chikkathammanahalli,"{""type"":""Polygon"",""coordinates"":[[[76.8324270497873,12.554875177098891],[76.83215354721088,12.554787464329124],[76.83198678778304,12.554558492193431],[76.8319916277696,12.554277530097794],[76.83216639515749,12.554054198665742],[76.83244271368751,12.553975608638504],[76.83271295965469,12.55407232873359],[76.8328717101861,12.554306730172694],[76.83285710232973,12.554587379736608],[76.83267467997841,12.554804762009772],[76.8324270497873,12.554875177098891]]]}"
0000000000000000021b,Mandya,0.7355073748669707,MM-MD-0353,0.7944574307828156,0.5633235270556364,10.0,667.4320099949837,78.4851317329651,ESA_WorldCover_Cropland,0.2188413292169571,6.415136876006435,Mandya,23.26660381973702,Chikkathammanahalli,"{""type"":""Polygon"",""coordinates"":[[[76.83152874820152,12.554875237946664],[76.8312552436453,12.554787438629127],[76.83108848301038,12.554558466493319],[76.83109332303196,12.554277505238103],[76.83126800368467,12.55405417079158],[76.83154441221514,12.553975586471143],[76.83181466013858,12.554072307368036],[76.83197341181922,12.554306708759277],[76.83195871585731,12.554587353076265],[76.8317763801852,12.55480473835051],[76.83152874820152,12.554875237946664]]]}"
00000000000000000222,Mandya,0.7355073748666113,MM-MD-0418,0.7101584415584421,0.5661091210601414,10.0,667.4320099949837,78.4851317329651,ESA_WorldCover_Cropland,0.2188413292169571,6.366935064935061,Mandya,23.26660381973702,Chikkathammanahalli,"{""type"":""Polygon"",""coordinates"":[[[76.8331457391732,12.554246366769],[76.83287223818087,12.554158655726008],[76.83270539171963,12.5539296808543],[76.83271031967737,12.553648724027891],[76.83288499805397,12.55342538804659],[76.8331614029827,12.553346715488212],[76.83343164738457,12.553443519549731],[76.83359039699648,12.553677919381181],[76.83357570122608,12.553958563728498],[76.83339336793003,12.554175950610722],[76.8331457391732,12.554246366769]]]}"
00000000000000000224,Mandya,0.7355073748656519,MM-MD-0428,0.7143480519480523,0.5100282341553823,10.0,667.4320099949837,78.4851317329651,ESA_WorldCover_Cropland,0.2188413292169571,6.3,Mandya,23.26660381973702,Chikkathammanahalli,"{""type"":""Polygon"",""coordinates"":[[[76.8324270497873,12.552719244224425],[76.83215354721088,12.55263153506762],[76.83198678778304,12.552402482821714],[76.8319916277696,12.55212152612245],[76.83216639515749,12.551898197781421],[76.83244271368751,12.551819607335549],[76.83271295965469,12.551916409370728],[76.8328717101861,12.552150805166358],[76.83285710232973,12.552431449408655],[76.83267467997841,12.552648828759766],[76.8324270497873,12.552719244224425]]]}"
00000000000000000225,Mandya,0.7355073748656982,MM-MD-0429,0.7891558441558432,0.6853816897264395,10.0,667.4320099949837,78.4851317329651,ESA_WorldCover_Cropland,0.2188413292169571,6.6,Mandya,23.26660381973702,Chikkathammanahalli,"{""type"":""Polygon"",""coordinates"":[[[76.830720288815,12.554785393208912],[76.83044678247718,12.554697593285084],[76.83027993275503,12.554468617013391],[76.83028486080912,12.55418766110827],[76.83045954259966,12.553964328008751],[76.83073595293065,12.55388574487572],[76.83100620261455,12.55398246633739],[76.83116495532936,12.554216867450409],[76.83115025927171,12.554497510754626],[76.83096792241182,12.554714894676918],[76.830720288815,12.554785393208912]]]}"
00000000000000000226,Mandya,0.7355073748668495,MM-MD-0433,0.7074541582255475,0.46073633164341365,10.0,667.4320099949837,78.4851317329651,ESA_WorldCover_Cropland,0.2188413292169571,6.315651135005977,Mandya,23.26660381973702,Chikkathammanahalli,"{""type"":""Polygon"",""coordinates"":[[[76.83278635100099,12.553527709942216],[76.83251293721588,12.553440004134677],[76.8323460902715,12.553210945422357],[76.83235101824354,12.55293007643614],[76.83252569712592,12.552706742026725],[76.83280210285503,12.55262806986469],[76.83307234803947,12.552724872991497],[76.83323109811109,12.552959270922688],[76.83321640229813,12.55323991314484],[76.83303398047505,12.553457294138628],[76.83278635100099,12.553527709942216]]]}"
00000000000000000233,Mandya,0.7355073748666101,MM-MD-0559,0.7291543296452137,0.4384421121522618,10.0,667.4320099949837,78.4851317329651,ESA_WorldCover_Cropland,0.2188413292169571,6.3,Mandya,23.26660381973702,Chikkathammanahalli,"{""type"":""Polygon"",""coordinates"":[[[76.83233720232144,12.553168422911607],[76.83206378754669,12.55308063158036],[76.83189693999842,12.552851659505976],[76.83190186798828,12.552570706134038],[76.83207654750292,12.552347372916707],[76.83235286623301,12.552268782691874],[76.83262320039515,12.55236550425429],[76.8327819510414,12.552599901220809],[76.83276725517526,12.552880542116538],[76.83258483269185,12.553098007645126],[76.83233720232144,12.553168422911607]]]}"
00000000000000000239,Mandya,0.735507374866258,MM-MD-0624,0.7211636363636367,0.4660515912210577,10.0,667.4320099949837,78.4851317329651,ESA_WorldCover_Cropland,0.2188413292169571,6.3783168831168755,Mandya,23.26660381973702,Chikkathammanahalli,"{""type"":""Polygon"",""coordinates"":[[[76.83269659179454,12.553976896685533],[76.83242308981221,12.553889185673494],[76.83225624274702,12.553660125795062],[76.83226117072263,12.553379170063538],[76.83243584973148,12.553155835145477],[76.83271225566074,12.553077248909815],[76.83298250104086,12.553174052901412],[76.83314125122743,12.553408452003616],[76.83312655540382,12.553689009540419],[76.83294422144775,12.55390648108002],[76.83269659179454,12.553976896685533]]]}"
0000000000000000023d,Mandya,0.7355073748669279,MM-MD-0659,0.7501168770453485,0.5466705052149395,10.0,667.4320099949837,78.4851317329651,ESA_WorldCover_Cropland,0.2188413292169571,6.52902186899382,Mandya,23.26660381973702,Chikkathammanahalli,"{""type"":""Polygon"",""coordinates"":[[[76.83107959497025,12.554156578393764],[76.8308060894242,12.554068779860641],[76.83063932818578,12.553839809589574],[76.8306441682249,12.553558850553179],[76.83081884950974,12.553335517813833],[76.83109525904055,12.553256934022897],[76.83136550794207,12.55335365406588],[76.83152426019726,12.553588053552073],[76.83150956418217,12.553868695656051],[76.83132722785014,12.554086079272745],[76.83107959497025,12.554156578393764]]]}"
00000000000000000245,Mandya,0.7355073748668572,MM-MD-0720,0.8037248688243535,0.5210299333037569,10.0,667.4320099949837,78.4851317329651,ESA_WorldCover_Cropland,0.2188413292169571,6.4,Mandya,23.26660381973702,Chikkathammanahalli,"{""type"":""Polygon"",""coordinates"":[[[76.83305589222775,12.556492152979024],[76.83278239103737,12.556404438088801],[76.83261554445531,12.556175457389493],[76.83262047241664,12.555894495027818],[76.8327951509197,12.555671155962136],[76.83307155604858,12.555592569680382],[76.83334180064614,12.555689292037043],[76.833500550373,12.555923697741505],[76.83348585459196,12.556204347542609],[76.83330352116387,12.55642173733203],[76.83305589222775,12.556492152979024]]]}"
00000000000000000246,Mandya,0.7355073748667028,MM-MD-0732,0.7944571428571419,0.6892615445255547,10.0,667.4320099949837,78.4851317329651,ESA_WorldCover_Cropland,0.2188413292169571,6.6,Mandya,23.26660381973702,Chikkathammanahalli,"{""type"":""Polygon"",""coordinates"":[[[76.8306304401135,12.554875209482873],[76.83035693357768,12.55478749503046],[76.83019017173578,12.554558437188454],[76.8301950117924,12.554277476773732],[76.83036969370939,12.554054143680833],[76.83064610424047,12.553975560699206],[76.83091635412002,12.554072368103629],[76.83107510694974,12.554306769447178],[76.83106041088146,12.554587327179167],[76.83087807388955,12.554804796792757],[76.8306304401135,12.554875209482873]]]}"
0000000000000000024e,Mandya,0.7355073748652285,MM-MD-0846,0.7734105547475583,0.58905450360052,10.0,667.4320099949837,78.4851317329651,ESA_WorldCover_Cropland,0.2188413292169571,6.4,Mandya,23.26660381973702,Chikkathammanahalli,"{""type"":""Polygon"",""coordinates"":[[[76.83278635100099,12.554605723096657],[76.83251293721588,12.554517929776457],[76.8323460902715,12.554288953972176],[76.83235101824354,12.55400799658294],[76.83252569712592,12.553784660627826],[76.83280210285503,12.553706074380576],[76.83307234803947,12.553802879390396],[76.83323109811109,12.554037280143357],[76.83321640229813,12.554317839319443],[76.83303398047505,12.554535307480837],[76.83278635100099,12.554605723096657]]]}"
00000000000000000252,Mandya,0.7355073748652231,MM-MD-0881,0.7967871798867586,0.6305857862633636,10.0,667.4320099949837,78.4851317329651,ESA_WorldCover_Cropland,0.2188413292169571,6.4,Mandya,23.26660381973702,Chikkathammanahalli,"{""type"":""Polygon"",""coordinates"":[[[76.83278635100099,12.554785364399535],[76.83251293721588,12.55469765648488],[76.8323460902715,12.554468594507766],[76.83235101824353,12.554187722375222],[76.83252569712592,12.553964386162415],[76.83280210285503,12.553885714244018],[76.83307234803947,12.55398251956761],[76.83323109811109,12.554216920790767],[76.83321640229813,12.554497566116732],[76.83303398047505,12.554714948815011],[76.83278635100099,12.554785364399535]]]}"
00000000000000000255,Mandya,0.7355073748653626,MM-MD-0901,0.754480985037406,0.6095043552938573,10.0,667.4320099949837,78.4851317329651,ESA_WorldCover_Cropland,0.2188413292169571,6.308198254364096,Mandya,23.26660381973702,Chikkathammanahalli,"{""type"":""Polygon"",""coordinates"":[[[76.82874395436626,12.554605678581655],[76.82847053167616,12.55451796718382],[76.82830367929776,12.554288991377366],[76.8283086074303,12.554008037771563],[76.82848329200178,12.553784707907552],[76.8287596187313,12.553706037610892],[76.82902987271801,12.55380284622781],[76.82918862796049,12.554037246765237],[76.8291740196706,12.554317892061428],[76.82899159190578,12.55453526836361],[76.82874395436626,12.554605678581655]]]}"
0000000000000000025c,Mandya,0.7355073748653765,MM-MD-0968,0.8342337662337664,0.4947025336822095,10.0,667.4320099949837,78.4851317329651,ESA_WorldCover_Cropland,0.2188413292169571,6.4,Mandya,23.26660381973702,Chikkathammanahalli,"{""type"":""Polygon"",""coordinates"":[[[76.83350503830579,12.55640234288545],[76.83323153810545,12.556314628566414],[76.83306478012632,12.556085566760936],[76.83306962007083,12.55580468554317],[76.83324429794159,12.555581345929472],[76.83352070206992,12.555502673253267],[76.8337909456892,12.555599480759712],[76.83394969484137,12.555833886252975],[76.8339350871119,12.55611454063994],[76.8337526663455,12.55633192662303],[76.83350503830579,12.55640234288545]]]}"
0000000000000000025f,Mandya,0.7355073748654608,MM-MD-0007,0.41510232703095745,0.7241288251462967,14.872480781217543,667.4320099949837,78.4851317329651,ESA_WorldCover_Cropland,0.2188413292169571,6.329015167255344,Mandya,23.26660381973702,Hadya,"{""type"":""Polygon"",""coordinates"":[[[76.81230478666927,12.58541794246667],[76.81203132781006,12.585330164044644],[76.81186445336054,12.585101194074895],[76.81186938214498,12.58482026461759],[76.81204408982362,12.584596915492899],[76.81232045310647,12.584518275751602],[76.81259074284439,12.584615067140307],[76.81274951908874,12.58484946164184],[76.8127348208529,12.585130076652979],[76.81255245696802,12.58534747392967],[76.81230478666927,12.58541794246667]]]}"
00000000000000000265,Mandya,0.7355073748671627,MM-MD-0072,0.6735378142530638,0.5402480106762849,10.0,667.4320099949837,78.4851317329651,ESA_WorldCover_Cropland,0.2188413292169571,6.3,Mandya,23.26660381973702,Hadya,"{""type"":""Polygon"",""coordinates"":[[[76.81976081959658,12.575446642656189],[76.81948728912447,12.575358883548175],[76.81932051268858,12.575129858070277],[76.81932535316876,12.574848942122912],[76.81950013838149,12.574625600357678],[76.81977648509447,12.574547033239911],[76.82004675862612,12.574643714840557],[76.82020552535018,12.574878169410313],[76.82019082799565,12.575158767195093],[76.82000847504534,12.575376162382705],[76.81976081959658,12.575446642656189]]]}"
00000000000000000267,Mandya,0.7355073748662004,MM-MD-0090,0.5921744324970135,0.6002507194482454,10.0,667.4320099949837,78.4851317329651,ESA_WorldCover_Cropland,0.2188413292169571,6.1,Mandya,23.26660381973702,Hadya,"{""type"":""Polygon"",""coordinates"":[[[76.81499973689999,12.575177094685545],[76.81472628396523,12.575089421660707],[76.81455941313094,12.574860392496236],[76.81456434180859,12.574579400343273],[76.8147390457023,12.574356147483659],[76.81501540299777,12.5742775017008],[76.8152856868797,12.574374272807393],[76.81544445968396,12.574608640704291],[76.81542976176658,12.574889318881064],[76.81524740183282,12.575106706450633],[76.81499973689999,12.575177094685545]]]}"
0000000000000000026b,Mandya,0.7355073748667803,MM-MD-0102,0.6511090332969723,0.5698524669279702,10.0,667.4320099949837,78.4851317329651,ESA_WorldCover_Cropland,0.2188413292169571,6.2,Mandya,23.26660381973702,Hadya,"{""type"":""Polygon"",""coordinates"":[[[76.81616755986938,12.570236361105902],[76.81589402149135,12.570148607356451],[76.8157272402352,12.569919681092138],[76.81573216886656,12.569638700183862],[76.81590687111974,12.569415366905588],[76.81618322582004,12.569336804123404],[76.81645350716376,12.569433565561136],[76.81661227847695,12.569667920607705],[76.81659758069762,12.569948587760617],[76.81641522247642,12.570165970435987],[76.81616755986938,12.570236361105902]]]}"
00000000000000000270,Mandya,0.7355073748659278,MM-MD-0167,0.4029375097397534,0.7279336480304377,15.0,667.4320099949837,78.4851317329651,ESA_WorldCover_Cropland,0.2188413292169571,6.2351566152407605,Mandya,23.26660381973702,Hadya,"{""type"":""Polygon"",""coordinates"":[[[76.81266414607788,12.58586704535008],[76.81239059999491,12.585779347852455],[76.81222381404106,12.585550381106517],[76.81222865479748,12.585269360082496],[76.81240336197162,12.585046095499345],[76.81267981246984,12.584967459695648],[76.81295010142699,12.585064251546331],[76.81310887721267,12.585298647239242],[76.8130941790193,12.585579263706672],[76.8129118156612,12.585796662136627],[76.81266414607788,12.58586704535008]]]}"
00000000000000000273,Mandya,0.7355073748665223,MM-MD-0199,0.6101132349885734,0.605673283819818,10.0,667.4320099949837,78.4851317329651,ESA_WorldCover_Cropland,0.2188413292169571,6.1,Mandya,23.26660381973702,Hadya,"{""type"":""Polygon"",""coordinates"":[[[76.81715574305039,12.574638103557193],[76.8168822068462,12.574550429076897],[76.81671533890488,12.57432140131126],[76.81672026749709,12.574040408484084],[76.81689496836204,12.573817153141652],[76.81717140887655,12.573738508415223],[76.8174416880722,12.573835276653028],[76.81760045812352,12.574069643255092],[76.81758576046099,12.5743503222167],[76.81740331567903,12.574567707963299],[76.81715574305039,12.574638103557193]]]}"
00000000000000000278,Mandya,0.7355073748660238,MM-MD-0260,0.6651620610845621,0.590801801919171,10.0,667.4320099949837,78.4851317329651,ESA_WorldCover_Cropland,0.2188413292169571,6.5,Mandya,23.26660381973702,Hadya,"{""type"":""Polygon"",""coordinates"":[[[76.82227607480334,12.577512772015702],[76.82200263787416,12.577425016187151],[76.82183577680682,12.577195980979935],[76.82184061718904,12.576915057521623],[76.8220153988643,12.576691709010248],[76.82229173998414,12.57661313854585],[76.82256209605184,12.576709911599247],[76.82272085956221,12.576944285979222],[76.8227061625052,12.577224891311008],[76.8225237252395,12.577442288741118],[76.82227607480334,12.577512772015702]]]}"
0000000000000000028d,Mandya,0.7355073748668653,MM-MD-0518,0.6099864942080921,0.5306822589114097,10.0,667.4320099949837,78.4851317329651,ESA_WorldCover_Cropland,0.2188413292169571,6.2,Mandya,23.26660381973702,Hadya,"{""type"":""Polygon"",""coordinates"":[[[76.81976081959658,12.579578890007229],[76.81948728912447,12.579491123978475],[76.81932051268858,12.579262173518885],[76.81932535316876,12.578981161537264],[76.81950005037288,12.57875780949112],[76.81977648509447,12.578679247568475],[76.82004675862612,12.578776022097552],[76.82020552535018,12.579010401742337],[76.82019082799565,12.579291009695202],[76.82000847504534,12.579508410461024],[76.81976081959658,12.579578890007229]]]}"
00000000000000000290,Mandya,0.7355073748661016,MM-MD-0533,0.5938133083995645,0.4224386274577328,10.0,667.4320099949837,78.4851317329651,ESA_WorldCover_Cropland,0.2188413292169571,6.197262479871171,Mandya,23.26660381973702,Hadya,"{""type"":""Polygon"",""coordinates"":[[[76.81203528843508,12.575087274608173],[76.81176182898352,12.57499951323623],[76.81159495417256,12.574770570018392],[76.81159988296766,12.574489580867713],[76.81177459102473,12.574266246893046],[76.81205095490623,12.574187691233352],[76.81232124522965,12.574284464834149],[76.81248002181795,12.574518832340036],[76.81246532355027,12.574799421674834],[76.81228295927033,12.575016890322152],[76.81203528843508,12.575087274608173]]]}"
00000000000000000295,Mandya,0.7355073748674766,MM-MD-0586,0.6482442470521005,0.5171346432723652,10.0,667.4320099949837,78.4851317329651,ESA_WorldCover_Cropland,0.2188413292169571,6.105475040257656,Mandya,23.26660381973702,Hadya,"{""type"":""Polygon"",""coordinates"":[[[76.81832354577061,12.57607543639424],[76.81805001213579,12.575987674884349],[76.81788314576183,12.575758729114549],[76.81788807430772,12.575477731604835],[76.81806277353174,12.575254386730276],[76.81833921144963,12.575175826261418],[76.81860948810643,12.57527259596326],[76.81876825666636,12.575506966381871],[76.81875355914188,12.575787564307026],[76.81857111607374,12.576005039492674],[76.81832354577061,12.57607543639424]]]}"
00000000000000000299,Mandya,0.7355073748672714,MM-MD-0641,0.4444450215550818,0.596510564907741,10.0,667.4320099949837,78.4851317329651,ESA_WorldCover_Cropland,0.2188413292169571,6.111083986911138,Mandya,23.26660381973702,Hadya,"{""type"":""Polygon"",""coordinates"":[[[76.81733537187127,12.587394253564236],[76.81706183606228,12.587306472172076],[76.81689496836204,12.587077497096802],[76.81689989694712,12.586796558000733],[76.81707459755968,12.586573198464224],[76.8173510376748,12.586494555983618],[76.81762131647994,12.586591346316016],[76.8177800863019,12.586825746238059],[76.8177653886606,12.587106371034173],[76.81758303215219,12.58732377864321],[76.81733537187127,12.587394253564236]]]}"
0000000000000000029d,Mandya,0.7355073748659112,MM-MD-0662,0.5512752584281335,0.5520977065580388,10.0,667.4320099949837,78.4851317329651,ESA_WorldCover_Cropland,0.2188413292169571,6.1,Mandya,23.26660381973702,Hadya,"{""type"":""Polygon"",""coordinates"":[[[76.81733537187127,12.575805953639415],[76.81706183606228,12.575718191653703],[76.81689505637249,12.57548925096136],[76.81689989694712,12.575208250669347],[76.81707468557,12.574984912051224],[76.8173510376748,12.574906348623632],[76.81762131647994,12.57500311873898],[76.8177800863019,12.575237488401713],[76.8177653886606,12.575518084696071],[76.81758303215219,12.57573547667346],[76.81733537187127,12.575805953639415]]]}"
000000000000000002a4,Mandya,0.7355073748670288,MM-MD-0733,0.5841211302721795,0.546885271389156,10.0,667.4320099949837,78.4851317329651,ESA_WorldCover_Cropland,0.2188413292169571,6.2,Mandya,23.26660381973702,Hadya,"{""type"":""Polygon"",""coordinates"":[[[76.81994044465318,12.579758504765211],[76.81966700258485,12.579670828707627],[76.81950013838149,12.579441787679912],[76.81950506686329,12.579160865184631],[76.81967976381482,12.578937512610766],[76.81995619813671,12.578858950455322],[76.82022647127755,12.578955639415277],[76.82038523777203,12.57919010526058],[76.82037054043876,12.57947071383147],[76.82018809974403,12.579688110732718],[76.81994044465318,12.579758504765211]]]}"
000000000000000002a5,Mandya,0.7355073748665871,MM-MD-0748,0.6651620610845621,0.6205319509937552,10.0,667.4320099949837,78.4851317329651,ESA_WorldCover_Cropland,0.2188413292169571,6.366694369416162,Mandya,23.26660381973702,Hadya,"{""type"":""Polygon"",""coordinates"":[[[76.82263540539199,12.57868052591441],[76.82236188124702,12.57859284981034],[76.8221951086688,12.578363815958346],[76.82219994903701,12.578082889249494],[76.82237473020682,12.577859538528427],[76.8226510705275,12.577780967757686],[76.82292142581329,12.57787765680541],[76.8230801888645,12.578112119975978],[76.82306549185,12.578392728532975],[76.82288305511193,12.578610128086792],[76.82263540539199,12.57868052591441]]]}"
000000000000000002a7,Mandya,0.7355073748665105,MM-MD-0752,0.6185090909090917,0.53335624218853,10.0,667.4320099949837,78.4851317329651,ESA_WorldCover_Cropland,0.2188413292169571,6.2,Mandya,23.26660381973702,Hadya,"{""type"":""Polygon"",""coordinates"":[[[76.81607770064232,12.570775403509602],[76.81580425007783,12.570687653152223],[76.81563738068996,12.570458635397351],[76.81564230932487,12.570177653226954],[76.8158170117043,12.569954405027534],[76.8160933666043,12.56987575677179],[76.81636364814334,12.569972519230763],[76.81652241957127,12.570206961395431],[76.81650772178129,12.570487544073874],[76.81632536342832,12.570704927340595],[76.81607770064232,12.570775403509602]]]}"
000000000000000002b0,Mandya,0.735507374866742,MM-MD-0840,0.686405900992156,0.5335336207363544,10.0,667.4320099949837,78.4851317329651,ESA_WorldCover_Cropland,0.2188413292169571,6.4,Mandya,23.26660381973702,Hadya,"{""type"":""Polygon"",""coordinates"":[[[76.82146764318485,12.575266960539153],[76.8211941164693,12.575179203333605],[76.82102725431626,12.574950173943558],[76.8210321827375,12.57466926122624],[76.82120687754245,12.574445912763291],[76.82148330846758,12.574367347442134],[76.82175357828726,12.57446411292125],[76.82191234283074,12.574698481392515],[76.82189764567808,12.574979080405962],[76.8217152952323,12.575196563670543],[76.82146764318485,12.575266960539153]]]}"
00000000000000000260,Mandya,0.7355073748666717,MM-MD-0017,0.4,0.5366591577133796,10.782775815499686,667.4320099949837,78.4851317329651,ESA_WorldCover_Cropland,0.2188413292169571,6.115655516309991,Mandya,23.26660381973702,Hadya,"{""type"":""Polygon"",""coordinates"":[[[76.81401162459908,12.584789073310914],[76.81373808147919,12.584701378883565],[76.81357120931911,12.584472324820073],[76.81357613803591,12.584191395331702],[76.81375084331765,12.583968044527372],[76.81402729082131,12.583889492221308],[76.81429757685059,12.583986195261133],[76.81445635091629,12.584220673934325],[76.81444165288214,12.584501289071394],[76.81425929149952,12.584718688102532],[76.81401162459908,12.584789073310914]]]}"
00000000000000000268,Mandya,0.7355073748668437,MM-MD-0092,0.4,0.5518295795716329,10.0,667.4320099949837,78.4851317329651,ESA_WorldCover_Cropland,0.2188413292169571,6.102737377934767,Mandya,23.26660381973702,Hadya,"{""type"":""Polygon"",""coordinates"":[[[76.81419125796157,12.58398064152518],[76.81391771523673,12.583892862895969],[76.81375093133033,12.583663901034523],[76.81375577202733,12.583382883285525],[76.81393056506931,12.583159623470975],[76.8142069241612,12.583080980628495],[76.8144772098001,12.583177767821017],[76.81463598363649,12.583412158668741],[76.81462128562356,12.583692771993801],[76.81443892450434,12.583910170208767],[76.81419125796157,12.58398064152518]]]}"
00000000000000000282,Mandya,0.7355073748670513,MM-MD-0404,0.4,0.5742721315413171,10.0,667.4320099949837,78.4851317329651,ESA_WorldCover_Cropland,0.2188413292169571,6.2,Mandya,23.26660381973702,Hadya,"{""type"":""Polygon"",""coordinates"":[[[76.81553871993916,12.585058632921404],[76.81526526818949,12.584970858136847],[76.81509839807839,12.584741889102725],[76.81510323872295,12.584460867402687],[76.81527802987127,12.584237604017682],[76.81555438596905,12.584158959375463],[76.81582466867954,12.584255747242471],[76.81598344079566,12.584490140974737],[76.8159688309531,12.584770762654106],[76.8157863837986,12.584988159992166],[76.81553871993916,12.585058632921404]]]}"
00000000000000000286,Mandya,0.7355073748663759,MM-MD-0423,0.4,0.6080121528367105,10.745415822554673,667.4320099949837,78.4851317329651,ESA_WorldCover_Cropland,0.2188413292169571,6.160609838449948,Mandya,23.26660381973702,Hadya,"{""type"":""Polygon"",""coordinates"":[[[76.8145506119204,12.584878933686358],[76.81427706998585,12.584791153890265],[76.81411019854889,12.584562185319534],[76.81411512724432,12.584281255102216],[76.81428983176902,12.584057903356124],[76.81456627807475,12.583979264538756],[76.81483656293273,12.584076052976771],[76.81499533631037,12.584310446188416],[76.8149806383399,12.584591062074098],[76.8147982777476,12.584808462047878],[76.8145506119204,12.584878933686358]]]}"
0000000000000000028a,Mandya,0.7355073748674124,MM-MD-0489,0.4,0.6033416823123455,10.0,667.4320099949837,78.4851317329651,ESA_WorldCover_Cropland,0.2188413292169571,6.133068412030546,Mandya,23.26660381973702,Hadya,"{""type"":""Polygon"",""coordinates"":[[[76.81446075152498,12.584160286126128],[76.81418720939281,12.584072507449124],[76.81402042584776,12.583843545123063],[76.81402526653429,12.583562612397143],[76.81420005919756,12.583339266196088],[76.81447641769066,12.58326062298658],[76.81474670274392,12.583357410251303],[76.81490547623628,12.583591801582108],[76.81489077825519,12.583872415612829],[76.81470841753112,12.584089814480794],[76.81446075152498,12.584160286126128]]]}"
000000000000000002ab,Mandya,0.7355073748665323,MM-MD-0772,0.4,0.5663017441162369,10.0,667.4320099949837,78.4851317329651,ESA_WorldCover_Cropland,0.2188413292169571,6.2,Mandya,23.26660381973702,Hadya,"{""type"":""Polygon"",""coordinates"":[[[76.81580821058274,12.58505859903053],[76.81553475942566,12.584970824499013],[76.81536788967617,12.584741855465465],[76.81537281832176,12.58446092362211],[76.81554752107978,12.584237569721358],[76.81582387657869,12.584158924676656],[76.81609424671447,12.58425571668633],[76.81625293047549,12.58449010604859],[76.81623832066458,12.584770727991687],[76.81605587390548,12.584988125740585],[76.81580821058274,12.58505859903053]]]}"
00000000000000000275,Mandya,0.735507374866355,MM-MD-0205,0.45,0.705171395536563,15.0,667.4320099949837,78.4851317329651,ESA_WorldCover_Cropland,0.2188413292169571,6.4,Mandya,23.26660381973702,Hadya,"{""type"":""Polygon"",""coordinates"":[[[76.8116760152242,12.586316208663328],[76.81140246696866,12.586228509485498],[76.81123559167573,12.585999451464751],[76.81124052048504,12.5857185203573],[76.81141522904672,12.585495256625569],[76.81169168174057,12.585416622387086],[76.81196197284451,12.585513415905977],[76.81212074989132,12.5857478127198],[76.81210605158118,12.58602842932347],[76.81192359876067,12.586245822466074],[76.8116760152242,12.586316208663328]]]}"
0000000000000000028f,Mandya,0.7355073748661092,MM-MD-0526,0.45,0.6768272191298496,10.0,667.4320099949837,78.4851317329651,ESA_WorldCover_Cropland,0.2188413292169571,6.1,Mandya,23.26660381973702,Hadya,"{""type"":""Polygon"",""coordinates"":[[[76.80969972997477,12.58451960744683],[76.80942617737482,12.584431823697193],[76.80925929943169,12.584202856048748],[76.8092642283193,12.583921931272197],[76.80943893965555,12.58369858736159],[76.80971539673996,12.583619955720044],[76.80998569213673,12.583716747873112],[76.81014438369012,12.583951135506888],[76.81012977316178,12.584231750143507],[76.80994731744342,12.584449137851383],[76.80969972997477,12.58451960744683]]]}"
000000000000000002ba,Mandya,0.7355073748665577,MM-MD-0935,0.45,0.6682890076786989,10.0,667.4320099949837,78.4851317329651,ESA_WorldCover_Cropland,0.2188413292169571,6.118560074801307,Mandya,23.26660381973702,Hadya,"{""type"":""Polygon"",""coordinates"":[[[76.80969972997477,12.584699283337338],[76.80942617737482,12.584611499286728],[76.80925929943169,12.58438253117315],[76.8092642283193,12.584101605948613],[76.80943893965555,12.583878261781779],[76.80971539673996,12.583799630175813],[76.80998569213673,12.583896422642411],[76.81014438369012,12.584130810745247],[76.81012977316178,12.58441142582369],[76.80994731744342,12.584628813773678],[76.80969972997477,12.584699283337338]]]}"
00000000000000000264,Mandya,0.7355073748662129,MM-MD-0058,0.5,0.6342293477981844,10.0,667.4320099949837,78.4851317329651,ESA_WorldCover_Cropland,0.2188413292169571,6.2,Mandya,23.26660381973702,Hadya,"{""type"":""Polygon"",""coordinates"":[[[76.81293364294982,12.589370483654585],[76.81266009745943,12.589282780546293],[76.81249322385331,12.589053800348514],[76.8124981526128,12.588772860450046],[76.81267285940848,12.588549504741286],[76.81294930930783,12.588470869228487],[76.81321959767943,12.588567666949315],[76.81337837312115,12.588802071800352],[76.81336367495962,12.589082697142693],[76.81318131199659,12.589300100704],[76.81293364294982,12.589370483654585]]]}"
0000000000000000026a,Mandya,0.7355073748651745,MM-MD-0097,0.5,0.5313013991388337,10.0,667.4320099949837,78.4851317329651,ESA_WorldCover_Cropland,0.2188413292169571,6.207568438003215,Mandya,23.26660381973702,Hadya,"{""type"":""Polygon"",""coordinates"":[[[76.81275391975781,12.59386206422084],[76.81248046188581,12.593774357815871],[76.81231358803872,12.593545365998144],[76.81231851680535,12.593264415077778],[76.81249322385331,12.593041053241222],[76.81276967415182,12.592962418887415],[76.81303996291375,12.593059224602522],[76.81319873858472,12.593293641163207],[76.81318404040196,12.593574277364274],[76.8130015891624,12.593791682311487],[76.81275391975781,12.59386206422084]]]}"
0000000000000000028e,Mandya,0.7355073748659694,MM-MD-0522,0.5,0.49125225695562014,10.0,667.4320099949837,78.4851317329651,ESA_WorldCover_Cropland,0.2188413292169571,6.202534933250215,Mandya,23.26660381973702,Hadya,"{""type"":""Polygon"",""coordinates"":[[[76.81697602595959,12.580836486291847],[76.81670257737062,12.580748805647698],[76.81653570918824,12.580519761823906],[76.81654054977686,12.580238835033251],[76.8167153389049,12.580015489776372],[76.8169916918084,12.579936842156153],[76.81726197139471,12.580033621370983],[76.81742074167556,12.580268089876554],[76.81740613200188,12.580548702578817],[76.81722368695632,12.580766096415713],[76.81697602595959,12.580836486291847]]]}"
0000000000000000029c,Mandya,0.7355073748653591,MM-MD-0661,0.5,0.46996042239313357,10.0,667.4320099949837,78.4851317329651,ESA_WorldCover_Cropland,0.2188413292169571,6.254295657594016,Mandya,23.26660381973702,Hadya,"{""type"":""Polygon"",""coordinates"":[[[76.81239464862215,12.59440106096502],[76.81212110194662,12.594313348931994],[76.81195422761752,12.594084355719435],[76.8119591563984,12.593803403793283],[76.81213386395096,12.593580041731819],[76.81241031504803,12.593501408022135],[76.81268060459071,12.59359821499909],[76.81283938072038,12.593832632947153],[76.81282468249516,12.594113270119996],[76.812642318742,12.594330679632906],[76.81239464862215,12.59440106096502]]]}"
000000000000000002b1,Mandya,0.7355073748667823,MM-MD-0843,0.5,0.5714479685565615,10.0,667.4320099949837,78.4851317329651,ESA_WorldCover_Cropland,0.2188413292169571,6.2,Mandya,23.26660381973702,Hadya,"{""type"":""Polygon"",""coordinates"":[[[76.81347263494217,12.590538307049794],[76.81319909063699,12.590450602493696],[76.81303221775387,12.590221533546977],[76.81303714649202,12.589940590233766],[76.81321185253076,12.589717317775246],[76.8134883012323,12.589638681688356],[76.81375858843278,12.589735480963336],[76.81391736318649,12.589969888889769],[76.81390266508865,12.59025051762963],[76.81372030291583,12.5904679235857],[76.81347263494217,12.590538307049794]]]}"
00000000000000000261,Mandya,0.7355073748651642,MM-MD-0019,0.55,0.6399791964575952,10.0,667.4320099949837,78.4851317329651,ESA_WorldCover_Cropland,0.2188413292169571,6.265877097293653,Mandya,23.26660381973702,Hadya,"{""type"":""Polygon"",""coordinates"":[[[76.82021001376347,12.581016192125443],[76.8199364842799,12.580928424111542],[76.81976962043834,12.58069946555023],[76.81977454890944,12.580418453942519],[76.81994924548222,12.580195184889513],[76.82022567920474,12.580116536857469],[76.82049595175957,12.580213313492003],[76.82065471790979,12.580447696913524],[76.82064002060838,12.58072830884176],[76.82045766831716,12.580945712231463],[76.82021001376347,12.581016192125443]]]}"
0000000000000000026d,Mandya,0.7355073748662359,MM-MD-0128,0.55,0.5995174875495966,10.0,667.4320099949837,78.4851317329651,ESA_WorldCover_Cropland,0.2188413292169571,6.200228559555342,Mandya,23.26660381973702,Hadya,"{""type"":""Polygon"",""coordinates"":[[[76.82021001376347,12.58047716461081],[76.8199364842799,12.580389483222351],[76.81976962043834,12.580160440333751],[76.81977454890944,12.579879515793406],[76.81994924548222,12.579656161786998],[76.82022567920474,12.579577599371186],[76.82049595175957,12.579674289343101],[76.82065471790979,12.57990875707978],[76.82064002060838,12.580189367682344],[76.82045766831716,12.580406770344872],[76.82021001376347,12.58047716461081]]]}"
00000000000000000271,Mandya,0.7355073748658426,MM-MD-0175,0.55,0.48573227286226667,10.0,667.4320099949837,78.4851317329651,ESA_WorldCover_Cropland,0.2188413292169571,6.2,Mandya,23.26660381973702,Hadya,"{""type"":""Polygon"",""coordinates"":[[[76.81508959690596,12.579039865584852],[76.81481605615687,12.578952181794666],[76.81464927345507,12.578723147004867],[76.81465411411712,12.57844222646288],[76.81482881788473,12.578218882235005],[76.81510526299245,12.578140241460147],[76.81537554667906,12.578237019227869],[76.81553431936861,12.578471397220465],[76.81551962146185,12.578752084993623],[76.81533726165985,12.578969477913885],[76.81508959690596,12.579039865584852]]]}"
00000000000000000272,Mandya,0.7355073748669894,MM-MD-0183,0.55,0.5626630375783481,10.0,667.4320099949837,78.4851317329651,ESA_WorldCover_Cropland,0.2188413292169571,6.1658788697278135,Mandya,23.26660381973702,Hadya,"{""type"":""Polygon"",""coordinates"":[[[76.81589807000455,12.576794060512576],[76.8156245310337,12.576706381241713],[76.81545774941614,12.576477352270016],[76.8154625900467,12.576196436575438],[76.81563738068996,12.575973098715556],[76.81591373598916,12.575894451909583],[76.81618401791863,12.575991225034883],[76.81634278957593,12.576225597203521],[76.81632809176473,12.576506280241025],[76.81614573314832,12.576723671362391],[76.81589807000455,12.576794060512576]]]}"
00000000000000000277,Mandya,0.7355073748671104,MM-MD-0216,0.55,0.6947790827360396,10.0,667.4320099949837,78.4851317329651,ESA_WorldCover_Cropland,0.2188413292169571,6.2,Mandya,23.26660381973702,Hadya,"{""type"":""Polygon"",""coordinates"":[[[76.82119816480989,12.580207721223227],[76.8209246375012,12.58011995549071],[76.82075777498632,12.579890913301622],[76.82076270341823,12.579609988508375],[76.82093739860201,12.579386633395774],[76.82121383012658,12.579308069451447],[76.82148410053237,12.579404843791474],[76.82164286542016,12.579639225153361],[76.82162816823562,12.57991983606027],[76.82144572938716,12.580137235484182],[76.82119816480989,12.580207721223227]]]}"
0000000000000000027f,Mandya,0.735507374867064,MM-MD-0342,0.55,0.5793886893760509,10.0,667.4320099949837,78.4851317329651,ESA_WorldCover_Cropland,0.2188413292169571,6.288914861565639,Mandya,23.26660381973702,Hadya,"{""type"":""Polygon"",""coordinates"":[[[76.81994044465318,12.581195821024991],[76.81966700258485,12.581108056838811],[76.81950013838149,12.58087909781196],[76.81950506686329,12.580598171731358],[76.81967976381482,12.580374817105747],[76.81995619813671,12.580296169511493],[76.82022647127755,12.58039294670052],[76.82038523777203,12.580627416300215],[76.82037054043876,12.580908028406682],[76.82018809974403,12.581125427246839],[76.81994044465318,12.581195821024991]]]}"
00000000000000000287,Mandya,0.7355073748656337,MM-MD-0431,0.55,0.7105939184236082,10.0,667.4320099949837,78.4851317329651,ESA_WorldCover_Cropland,0.2188413292169571,6.2,Mandya,23.26660381973702,Hadya,"{""type"":""Polygon"",""coordinates"":[[[76.82137778778903,12.580567013131056],[76.8211042608757,12.580479246965558],[76.82093739860201,12.58025028956927],[76.82094232702681,12.579969363711383],[76.82111702195809,12.579746007814721],[76.82139345308309,12.57966735795048],[76.82166372309821,12.579764132756528],[76.82182248775649,12.579998515065972],[76.82180787860018,12.58027921713632],[76.82162544001557,12.580496617318952],[76.82137778778903,12.580567013131056]]]}"
00000000000000000291,Mandya,0.7355073748672664,MM-MD-0536,0.55,0.5956971259097282,10.0,667.4320099949837,78.4851317329651,ESA_WorldCover_Cropland,0.2188413292169571,6.152921926133701,Mandya,23.26660381973702,Hadya,"{""type"":""Polygon"",""coordinates"":[[[76.81446075152498,12.576704242243753],[76.81418729740518,12.576616480437963],[76.81402042584777,12.576387533034174],[76.81402535454677,12.57610653757375],[76.81420005919756,12.575883283347407],[76.81447641769066,12.575804638669336],[76.81474670274392,12.575901412923443],[76.81490547623628,12.576135784781883],[76.81489077825519,12.576416466190269],[76.81470841753112,12.576633855000114],[76.81446075152498,12.576704242243753]]]}"
00000000000000000298,Mandya,0.7355073748670283,MM-MD-0632,0.55,0.5747919701028055,10.0,667.4320099949837,78.4851317329651,ESA_WorldCover_Cropland,0.2188413292169571,6.2,Mandya,23.26660381973702,Hadya,"{""type"":""Polygon"",""coordinates"":[[[76.81562857955569,12.578500863769017],[76.81535503999207,12.578413181387315],[76.81518825801308,12.578184147994058],[76.81519309865415,12.57790322829236],[76.81536780166464,12.577679884020588],[76.81564424557426,12.577601242334634],[76.81591452808946,12.577698018679598],[76.81607330009085,12.57793239529261],[76.8160586022478,12.578213082267233],[76.81587624323618,12.578430475281552],[76.81562857955569,12.578500863769017]]]}"
000000000000000002ae,Mandya,0.735507374867911,MM-MD-0822,0.55,0.677987022788756,10.0,667.4320099949837,78.4851317329651,ESA_WorldCover_Cropland,0.2188413292169571,6.200228559555342,Mandya,23.26660381973702,Hadya,"{""type"":""Polygon"",""coordinates"":[[[76.82065911829909,12.580477147544327],[76.82038558980395,12.580389466577627],[76.82021881457341,12.580160428070792],[76.82022365501862,12.579879498728916],[76.8203984389681,12.579656148425714],[76.82067478368374,12.579577580958565],[76.82094514326946,12.579674360631687],[76.82110390884581,12.579908742669279],[76.82108921159755,12.580189353711562],[76.82090677195782,12.580406752677648],[76.82065911829909,12.580477147544327]]]}"
000000000000000002bb,Mandya,0.7355073748655528,MM-MD-0937,0.55,0.6984155928777365,10.0,667.4320099949837,78.4851317329651,ESA_WorldCover_Cropland,0.2188413292169571,6.2,Mandya,23.26660381973702,Hadya,"{""type"":""Polygon"",""coordinates"":[[[76.82092859784296,12.580387351304363],[76.82065515794872,12.58029958939895],[76.82048829507202,12.580070632466995],[76.82049322351463,12.57978970747775],[76.82066791907722,12.579566352515174],[76.82094426319364,12.579487698905648],[76.82121462219311,12.579584478180722],[76.82137338742518,12.579818859997642],[76.82135869020878,12.580099556805667],[76.82117625096468,12.580316956061328],[76.82092859784296,12.580387351304363]]]}"
00000000000000000263,Mandya,0.7355073748675551,MM-MD-0051,0.6000000000000001,0.6190448832743044,10.0,667.4320099949837,78.4851317329651,ESA_WorldCover_Cropland,0.2188413292169571,6.013313594099009,Mandya,23.26660381973702,Hadya,"{""type"":""Polygon"",""coordinates"":[[[76.81284378138626,12.572212682023721],[76.8125703237118,12.572124926226246],[76.81240344998525,12.571895904743318],[76.81240837874832,12.571615007727392],[76.81258308567006,12.571391676639285],[76.81285944775559,12.571313033491705],[76.81312973632245,12.571409801350933],[76.81328851187885,12.571644247101418],[76.8132738137067,12.571924830151685],[76.81309145061195,12.572142210432776],[76.81284378138626,12.572212682023721]]]}"
00000000000000000269,Mandya,0.735507374866562,MM-MD-0093,0.6000000000000001,0.3878510948870363,10.0,667.4320099949837,78.4851317329651,ESA_WorldCover_Cropland,0.2188413292169571,6.0,Mandya,23.26660381973702,Hadya,"{""type"":""Polygon"",""coordinates"":[[[76.81383190296452,12.571404208297423],[76.81355844746221,12.571316454781034],[76.81339157506116,12.571087435394519],[76.81339650378507,12.570806539471521],[76.81357120931911,12.570583208047813],[76.81384765722201,12.57050456764711],[76.81411785562922,12.570601328831119],[76.81427662992434,12.570835772520443],[76.81426193186894,12.571116354547874],[76.81407957022284,12.571333735242508],[76.81383190296452,12.571404208297423]]]}"
0000000000000000026c,Mandya,0.7355073748656943,MM-MD-0125,0.6000000000000001,0.3803276595447126,10.0,667.4320099949837,78.4851317329651,ESA_WorldCover_Cropland,0.2188413292169571,6.125889564178481,Mandya,23.26660381973702,Hadya,"{""type"":""Polygon"",""coordinates"":[[[76.81464038423884,12.570685533630089],[76.81436693051397,12.570597782075827],[76.81420005919756,12.57036885026649],[76.81420498788944,12.570087869667129],[76.81437969228791,12.569864538050775],[76.81465613839391,12.569785896301987],[76.81492633504477,12.569882655509074],[76.81508510830781,12.570117097362363],[76.8150704983597,12.57039768279175],[76.81488804988726,12.570615145081383],[76.81464038423884,12.570685533630089]]]}"
0000000000000000026f,Mandya,0.7355073748655055,MM-MD-0149,0.6000000000000001,0.25994673726064504,10.0,667.4320099949837,78.4851317329651,ESA_WorldCover_Cropland,0.2188413292169571,6.042545454545454,Mandya,23.26660381973702,Hadya,"{""type"":""Polygon"",""coordinates"":[[[76.81437089106464,12.571583863629996],[76.81409743674728,12.571496110317911],[76.81393056506931,12.571267090466053],[76.81393549377187,12.570986193589542],[76.81411019854889,12.570762861095854],[76.81438664525386,12.57068421992593],[76.8146568424902,12.570780980941915],[76.81481561609726,12.571015425129609],[76.8148010061175,12.571296012507531],[76.81461855724972,12.57151338988585],[76.81437089106464,12.571583863629996]]]}"
00000000000000000276,Mandya,0.7355073748661902,MM-MD-0210,0.6000000000000001,0.2660924169839138,10.0,667.4320099949837,78.4851317329651,ESA_WorldCover_Cropland,0.2188413292169571,6.021120980728274,Mandya,23.26660381973702,Hadya,"{""type"":""Polygon"",""coordinates"":[[[76.81428111855169,12.571583852673486],[76.81400757602447,12.571496094896656],[76.81384079223855,12.571267165139526],[76.81384563293207,12.570986178252483],[76.81402033783529,12.5707628458944],[76.81429678474,12.57068420485861],[76.81456707018361,12.570780970335008],[76.81472584390531,12.571015414517905],[76.81471114590299,12.571295997427649],[76.81452869690341,12.571513460383539],[76.81428111855169,12.571583852673486]]]}"
00000000000000000279,Mandya,0.735507374866861,MM-MD-0261,0.6000000000000001,0.6502072950916742,10.0,667.4320099949837,78.4851317329651,ESA_WorldCover_Cropland,0.2188413292169571,6.093812987012993,Mandya,23.26660381973702,Hadya,"{""type"":""Polygon"",""coordinates"":[[[76.81329291252887,12.57014653309332],[76.81301945584167,12.570058781179046],[76.81285258271758,12.56982985076544],[76.81285751146285,12.569548872775222],[76.81303221775387,12.569325543962297],[76.81330866685462,12.56924690411881],[76.81357886643264,12.569343663588903],[76.81373764141576,12.5695781039611],[76.81372294329667,12.569858682363567],[76.81354058086036,12.570076146251004],[76.81329291252887,12.57014653309332]]]}"
0000000000000000027b,Mandya,0.7355073748676071,MM-MD-0300,0.6000000000000001,0.6284698087653694,10.0,667.4320099949837,78.4851317329651,ESA_WorldCover_Cropland,0.2188413292169571,6.100675289595354,Mandya,23.26660381973702,Hadya,"{""type"":""Polygon"",""coordinates"":[[[76.81499973689999,12.574548272992942],[76.81472628396523,12.57446060102099],[76.81455941313094,12.57423157348607],[76.81456434180859,12.573950582903143],[76.8147390457023,12.57372733094129],[76.81501540299779,12.573648685034867],[76.8152856868797,12.57374545504386],[76.81544445968396,12.573979821297716],[76.81542976176658,12.57426049792623],[76.81524740183282,12.574477884646749],[76.81499973689999,12.574548272992942]]]}"
0000000000000000027d,Mandya,0.7355073748651906,MM-MD-0320,0.6000000000000001,0.5735790355400245,10.0,667.4320099949837,78.4851317329651,ESA_WorldCover_Cropland,0.2188413292169571,6.118949664952479,Mandya,23.26660381973702,Hadya,"{""type"":""Polygon"",""coordinates"":[[[76.81203528843508,12.570685557339175],[76.81176182898352,12.570597803342684],[76.81159495417256,12.570368785818117],[76.81159988296766,12.57008789337287],[76.81177459102473,12.569864565687055],[76.81205095490623,12.569785923446029],[76.81232124522965,12.569882689361574],[76.81248002181795,12.570117131076184],[76.81246532355027,12.570397709574225],[76.81228295927033,12.570615086560537],[76.81203528843508,12.570685557339175]]]}"
0000000000000000027e,Mandya,0.735507374865102,MM-MD-0329,0.6000000000000001,0.46190581693235916,10.0,667.4320099949837,78.4851317329651,ESA_WorldCover_Cropland,0.2188413292169571,6.184634564438206,Mandya,23.26660381973702,Hadya,"{""type"":""Polygon"",""coordinates"":[[[76.81490987682908,12.572122835776215],[76.81463642369673,12.572035082066446],[76.8144695527419,12.57180614653265],[76.81447448142309,12.571525162090746],[76.81464918544303,12.571301828013603],[76.81492563095003,12.571223186145106],[76.81519591502705,12.5713199520003],[76.81535459993438,12.571554393245627],[76.81533999001793,12.57183498247845],[76.81515754194086,12.57205244712121],[76.81490987682908,12.572122835776215]]]}"
00000000000000000280,Mandya,0.7355073748648656,MM-MD-0361,0.6000000000000001,0.5450696212822952,10.0,667.4320099949837,78.4851317329651,ESA_WorldCover_Cropland,0.2188413292169571,6.134119358022135,Mandya,23.26660381973702,Hadya,"{""type"":""Polygon"",""coordinates"":[[[76.8116760152242,12.570595760241158],[76.81140246696866,12.570508001677092],[76.81123567969018,12.570278988766404],[76.81124052048504,12.569998006788397],[76.81141522904672,12.569774679773287],[76.81169168174057,12.569696128144138],[76.8119619728445,12.569792894224017],[76.81212066187749,12.570027245591103],[76.81210605158118,12.570307913609648],[76.81192359876067,12.57052528554614],[76.8116760152242,12.570595760241158]]]}"
00000000000000000284,Mandya,0.7355073748656904,MM-MD-0417,0.6000000000000001,0.581955664595256,10.0,667.4320099949837,78.4851317329651,ESA_WorldCover_Cropland,0.2188413292169571,6.03411593600665,Mandya,23.26660381973702,Hadya,"{""type"":""Polygon"",""coordinates"":[[[76.81329291252887,12.570595756617347],[76.81301945584167,12.570508003950312],[76.81285258271758,12.570278986659288],[76.81285751146287,12.569998007547103],[76.81303221775387,12.569774678092202],[76.81330866685462,12.569696124049845],[76.81357886643264,12.56979288430417],[76.81373764141576,12.570027240137811],[76.81372294329667,12.570307905359737],[76.81354058086036,12.570525284140947],[76.81329291252887,12.570595756617347]]]}"
00000000000000000289,Mandya,0.7355073748654917,MM-MD-0463,0.6000000000000001,0.6111400725243161,10.0,667.4320099949837,78.4851317329651,ESA_WorldCover_Cropland,0.2188413292169571,6.075416904774277,Mandya,23.26660381973702,Hadya,"{""type"":""Polygon"",""coordinates"":[[[76.81248442249654,12.57059571484403],[76.81221096403218,12.570507961419146],[76.81204417783749,12.570278948508694],[76.81204901860092,12.56999805148605],[76.81222372602731,12.569774723250955],[76.81250017692469,12.569696084702612],[76.81277037825876,12.569792845679231],[76.81292915427383,12.570027287182866],[76.81291445605923,12.570307865899608],[76.81273209243767,12.570525243448893],[76.81248442249654,12.57059571484403]]]}"
0000000000000000028b,Mandya,0.7355073748676174,MM-MD-0490,0.6000000000000001,0.5466260666114874,10.0,667.4320099949837,78.4851317329651,ESA_WorldCover_Cropland,0.2188413292169571,6.292910195813646,Mandya,23.26660381973702,Hadya,"{""type"":""Polygon"",""coordinates"":[[[76.81473024450446,12.568080474384363],[76.81445679097716,12.567992727279545],[76.81428991978132,12.567763716510841],[76.81429484846964,12.567482742335732],[76.8144695527419,12.567259414308223],[76.81474591063619,12.567180767534643],[76.8150161951038,12.567277612203924],[76.81517496825211,12.567511961538232],[76.81516027030288,12.567792621971405],[76.81497790997395,12.568009999543426],[76.81473024450446,12.568080474384363]]]}"
0000000000000000028c,Mandya,0.7355073748657505,MM-MD-0501,0.6000000000000001,0.6131735214881522,10.0,667.4320099949837,78.4851317329651,ESA_WorldCover_Cropland,0.2188413292169571,6.08943950963587,Mandya,23.26660381973702,Hadya,"{""type"":""Polygon"",""coordinates"":[[[76.81212515058262,12.57095505606035],[76.81185160331455,12.570867297315283],[76.81168481663813,12.570638283473293],[76.81168974542967,12.57035739027087],[76.81186445336054,12.570134062064309],[76.81214081704245,12.570055419742115],[76.81241110717065,12.570152186047913],[76.81256988364424,12.57038662847199],[76.81255518538718,12.570667207721701],[76.81237282123898,12.570884585209004],[76.81212515058262,12.57095505606035]]]}"
00000000000000000292,Mandya,0.7355073748666012,MM-MD-0539,0.6000000000000001,0.5442183710180495,10.0,667.4320099949837,78.4851317329651,ESA_WorldCover_Cropland,0.2188413292169571,6.1625785673471505,Mandya,23.26660381973702,Hadya,"{""type"":""Polygon"",""coordinates"":[[[76.81446075152498,12.572931320227053],[76.81418729740518,12.572843564741648],[76.81402042584776,12.572614627112412],[76.81402535454677,12.572333641072218],[76.81420005919756,12.572110306517445],[76.81447641769066,12.572031746812735],[76.81474670274392,12.57212851448109],[76.81490547623628,12.57236287648114],[76.81489077825519,12.572643462884432],[76.81470841753112,12.572860932315592],[76.81446075152498,12.572931320227053]]]}"
0000000000000000029a,Mandya,0.7355073748656629,MM-MD-0647,0.6000000000000001,0.31467853126172396,10.0,667.4320099949837,78.4851317329651,ESA_WorldCover_Cropland,0.2188413292169571,6.0,Mandya,23.26660381973702,Hadya,"{""type"":""Polygon"",""coordinates"":[[[76.81401162459908,12.571224496416152],[76.81373808147919,12.571136824702831],[76.81357129733192,12.570907810162659],[76.81357613803591,12.570626824425752],[76.81375084331765,12.57040349298786],[76.81402729082131,12.57032493799717],[76.81429757685058,12.570421703087234],[76.81445635091629,12.57065606060261],[76.81444165288214,12.57093672807763],[76.81425920348723,12.57115410442304],[76.81401162459908,12.571224496416152]]]}"
0000000000000000029b,Mandya,0.7355073748658019,MM-MD-0656,0.6000000000000001,0.5284541906974144,10.0,667.4320099949837,78.4851317329651,ESA_WorldCover_Cropland,0.2188413292169571,6.2,Mandya,23.26660381973702,Hadya,"{""type"":""Polygon"",""coordinates"":[[[76.81410139730653,12.57329066732674],[76.8138279423967,12.573202910902333],[76.81366107035718,12.572973886626187],[76.81366599907041,12.572692985740764],[76.81384070422594,12.572469651214773],[76.8141171515299,12.572391010782894],[76.81438734935165,12.57248777501887],[76.81454612330276,12.572722223654292],[76.81453151329134,12.573002814971188],[76.81434906402825,12.5732201942436],[76.81410139730653,12.57329066732674]]]}"
000000000000000002a0,Mandya,0.7355073748672791,MM-MD-0694,0.6000000000000001,0.5965290818771652,10.0,667.4320099949837,78.4851317329651,ESA_WorldCover_Cropland,0.2188413292169571,6.047075628506129,Mandya,23.26660381973702,Hadya,"{""type"":""Polygon"",""coordinates"":[[[76.81311327786904,12.570505902345849],[76.81283982078696,12.570418149660982],[76.81267294742192,12.570189132602795],[76.8126778761743,12.569908239596206],[76.81285258271758,12.569684910540646],[76.81312894420444,12.569606266655645],[76.81339923218573,12.569703031293919],[76.81355800739817,12.569937386883163],[76.81354330925785,12.570218051707753],[76.81336094655818,12.570435430093868],[76.81311327786904,12.570505902345849]]]}"
000000000000000002a6,Mandya,0.7355073748653542,MM-MD-0749,0.6000000000000001,0.46232951910302894,10.0,667.4320099949837,78.4851317329651,ESA_WorldCover_Cropland,0.2188413292169571,6.2,Mandya,23.26660381973702,Hadya,"{""type"":""Polygon"",""coordinates"":[[[76.81562857955569,12.570865254156857],[76.81535503999207,12.570777498848042],[76.81518825801308,12.57054848523977],[76.81519309865415,12.570267498886002],[76.81536788967617,12.570044169901745],[76.81564424557426,12.569965608047463],[76.81591452808946,12.570062371064765],[76.81607330009085,12.570296727726452],[76.8160586022478,12.570577395900381],[76.81587624323618,12.570794778604268],[76.81562857955569,12.570865254156857]]]}"
000000000000000002a8,Mandya,0.7355073748660753,MM-MD-0758,0.6000000000000001,0.4123957685797898,10.0,667.4320099949837,78.4851317329651,ESA_WorldCover_Cropland,0.2188413292169571,6.011084562642843,Mandya,23.26660381973702,Hadya,"{""type"":""Polygon"",""coordinates"":[[[76.81374213006255,12.570775399279231],[76.81346858635001,12.570687642351771],[76.81330180184142,12.570458628975842],[76.8133066425559,12.57017773032669],[76.81348134821614,12.56995439993727],[76.81375779631874,12.56987575954705],[76.81402808293363,12.569972524093764],[76.81418685734336,12.570206880420777],[76.81417215927735,12.570487546525328],[76.81398970948712,12.570704921853338],[76.81374213006255,12.570775399279231]]]}"
000000000000000002a9,Mandya,0.7355073748666706,MM-MD-0759,0.6000000000000001,0.5930590338110938,10.0,667.4320099949837,78.4851317329651,ESA_WorldCover_Cropland,0.2188413292169571,6.2,Mandya,23.26660381973702,Hadya,"{""type"":""Polygon"",""coordinates"":[[[76.81113701544817,12.56852958148901],[76.81086346600766,12.568441825882973],[76.8106966780067,12.568212818328853],[76.81070160683737,12.567931932109778],[76.81087631615571,12.567708608861132],[76.81115268203241,12.567629967537108],[76.81142297430726,12.56772673049052],[76.81158166402768,12.567961162138772],[76.8115670536681,12.56824173882742],[76.81138460005717,12.568459192862711],[76.81113701544817,12.56852958148901]]]}"
000000000000000002aa,Mandya,0.7355073748666994,MM-MD-0766,0.6000000000000001,0.45525169157227996,10.0,667.4320099949837,78.4851317329651,ESA_WorldCover_Cropland,0.2188413292169571,6.2,Mandya,23.26660381973702,Hadya,"{""type"":""Polygon"",""coordinates"":[[[76.81526922871156,12.569248212146526],[76.81499577636934,12.569160463590109],[76.81482890589663,12.568931535506591],[76.8148338345636,12.568650557908626],[76.81500853807877,12.568427227398242],[76.8152848947754,12.568348580049411],[76.81555517807162,12.568445340564693],[76.81571395053182,12.568679778693136],[76.81569925264628,12.568960442531683],[76.8155168931077,12.569177822503168],[76.81526922871156,12.569248212146526]]]}"
000000000000000002ac,Mandya,0.7355073748669377,MM-MD-0775,0.6000000000000001,0.4455280726015131,10.0,667.4320099949837,78.4851317329651,ESA_WorldCover_Cropland,0.2188413292169571,6.19381330839956,Mandya,23.26660381973702,Hadya,"{""type"":""Polygon"",""coordinates"":[[[76.81616755986938,12.572212686774373],[76.81589402149135,12.572124929713206],[76.8157272402352,12.571895912612845],[76.81573208085528,12.571615008103302],[76.81590687111974,12.571391676380221],[76.81618322582004,12.571313028272314],[76.81645350716376,12.571409793160038],[76.81661227847695,12.571644239087092],[76.81659758069762,12.571924825392598],[76.81641522247642,12.572142210737987],[76.81616755986938,12.572212686774373]]]}"
000000000000000002ad,Mandya,0.7355073748648319,MM-MD-0780,0.6000000000000001,0.28488068020254437,10.0,667.4320099949837,78.4851317329651,ESA_WorldCover_Cropland,0.2188413292169571,6.002550649350651,Mandya,23.26660381973702,Hadya,"{""type"":""Polygon"",""coordinates"":[[[76.81410139730653,12.570865194015461],[76.8138279423967,12.570777441654876],[76.81366107035718,12.570548509379416],[76.81366599907041,12.570267528836343],[76.81384070422594,12.570044197776385],[76.8141171515299,12.569965556867427],[76.81438734935165,12.570062316869722],[76.81454612330276,12.570296759164085],[76.81453142527923,12.570577340128182],[76.81434906402825,12.570794806219178],[76.81410139730653,12.570865194015461]]]}"
000000000000000002b3,Mandya,0.7355073748664863,MM-MD-0853,0.6000000000000001,0.5804865009728443,10.0,667.4320099949837,78.4851317329651,ESA_WorldCover_Cropland,0.2188413292169571,6.117576481587291,Mandya,23.26660381973702,Hadya,"{""type"":""Polygon"",""coordinates"":[[[76.81482010470516,12.573290699109029],[76.81454656336332,12.573202938977555],[76.81437978030016,12.572973919082854],[76.81438462097267,12.572693013143244],[76.81455932511885,12.57246967753291],[76.81483577082557,12.572391036028243],[76.81510605509789,12.572487804002515],[76.81526482813148,12.572722166960483],[76.81525013019287,12.573002840316136],[76.81506776999571,12.573220225064578],[76.81482010470516,12.573290699109029]]]}"
000000000000000002b4,Mandya,0.73550737486586,MM-MD-0872,0.6000000000000001,0.5909074697729573,10.0,667.4320099949837,78.4851317329651,ESA_WorldCover_Cropland,0.2188413292169571,6.097262479871183,Mandya,23.26660381973702,Hadya,"{""type"":""Polygon"",""coordinates"":[[[76.81203528843508,12.57095504000477],[76.81176182898352,12.570867285556696],[76.81159495417256,12.570638267333488],[76.81159988296766,12.570357374215298],[76.81177459102473,12.57013404614435],[76.81205095490623,12.570055403956262],[76.81232124522965,12.57015217034236],[76.81248002181795,12.570386612761604],[76.81246532355027,12.570667191923253],[76.81228295927033,12.570884569273609],[76.81203528843508,12.57095504000477]]]}"
000000000000000002b6,Mandya,0.7355073748662265,MM-MD-0906,0.6000000000000001,0.4230907770502315,10.0,667.4320099949837,78.4851317329651,ESA_WorldCover_Cropland,0.2188413292169571,6.131255519193805,Mandya,23.26660381973702,Hadya,"{""type"":""Polygon"",""coordinates"":[[[76.81464038423884,12.57059570545721],[76.81436693051397,12.570507954053458],[76.81420005919756,12.57027893676342],[76.81420498788944,12.569998042101952],[76.81437969228791,12.569774710613995],[76.81465613839391,12.569696068847549],[76.81492633504476,12.569792827897833],[76.81508510830781,12.570027269516252],[76.8150704983597,12.570307854724403],[76.81488804988726,12.57052531689263],[76.81464038423884,12.57059570545721]]]}"
000000000000000002b7,Mandya,0.7355073748663954,MM-MD-0913,0.6000000000000001,0.6750758988154247,10.0,667.4320099949837,78.4851317329651,ESA_WorldCover_Cropland,0.2188413292169571,6.0787231832112685,Mandya,23.26660381973702,Hadya,"{""type"":""Polygon"",""coordinates"":[[[76.81221501266526,12.571583867861088],[76.81194146559476,12.571496108146386],[76.8117746790388,12.571267092674479],[76.8117795198127,12.570986193436426],[76.81195422761753,12.570762864195782],[76.81223067911375,12.570684226244166],[76.81250096904672,12.57078099356759],[76.81265965739219,12.57101543325963],[76.8126450471592,12.571296018526692],[76.81246259512913,12.571513392619154],[76.81221501266526,12.571583867861088]]]}"
000000000000000002b9,Mandya,0.735507374867199,MM-MD-0933,0.6000000000000001,0.41275464383852994,10.0,667.4320099949837,78.4851317329651,ESA_WorldCover_Cropland,0.2188413292169571,6.1990598379389095,Mandya,23.26660381973702,Hadya,"{""type"":""Polygon"",""coordinates"":[[[76.81499973689999,12.569248259253914],[76.81472628396523,12.569160510444814],[76.81455941313094,12.568931496648363],[76.81456434180859,12.568650519303011],[76.8147390457023,12.568427189199243],[76.81501540299777,12.56834862796476],[76.8152856868797,12.568445388720988],[76.81544445968396,12.568679826835199],[76.81542976176658,12.568960404697036],[76.81524740183282,12.569177784257906],[76.81499973689999,12.569248259253914]]]}"
00000000000000000266,Mandya,0.7355073748668159,MM-MD-0083,0.65,0.6142904438318002,10.0,667.4320099949837,78.4851317329651,ESA_WorldCover_Cropland,0.2188413292169571,6.4758194379512775,Mandya,23.26660381973702,Hadya,"{""type"":""Polygon"",""coordinates"":[[[76.82101845356357,12.576883916027816],[76.82074492585933,12.576796155692664],[76.82057815111101,12.57656721221268],[76.8205829915422,12.576286205780693],[76.82075777498632,12.576062945784816],[76.82103411890292,12.57598429135358],[76.82130438969958,12.576081060055738],[76.82146315481697,12.57631543272744],[76.82144854561841,12.576596125380405],[76.82126610650622,12.576813520045377],[76.82101845356357,12.576883916027816]]]}"
000000000000000002a2,Mandya,0.7355073748657103,MM-MD-0707,0.65,0.6363290362426383,10.0,667.4320099949837,78.4851317329651,ESA_WorldCover_Cropland,0.2188413292169571,6.233151524596119,Mandya,23.26660381973702,Hadya,"{""type"":""Polygon"",""coordinates"":[[[76.82254563884709,12.579039864552318],[76.8222721145045,12.57895210204015],[76.82210525379904,12.578723148599977],[76.82211018217752,12.578442225458376],[76.82228487546695,12.578218869980116],[76.82256130399391,12.578140218071873],[76.82283157146878,12.57823698916907],[76.82299033463482,12.578471453273627],[76.82297563760969,12.57875206262674],[76.82279320073968,12.578969462528537],[76.82254563884709,12.579039864552318]]]}"
000000000000000002b8,Mandya,0.73550737486597,MM-MD-0929,0.65,0.6256014879993168,10.0,667.4320099949837,78.4851317329651,ESA_WorldCover_Cropland,0.2188413292169571,6.301921978079055,Mandya,23.26660381973702,Hadya,"{""type"":""Polygon"",""coordinates"":[[[76.82245578423083,12.578860176053505],[76.82218225969042,12.578772499480118],[76.8220153988643,12.578543460782818],[76.82202032724635,12.578262538173638],[76.82219502066211,12.578039183087524],[76.82247144938897,12.577960616999837],[76.82274171705932,12.578057387864122],[76.82290048034017,12.578291765772722],[76.8228857833044,12.578572374595797],[76.82270343430879,12.57878977849786],[76.82245578423083,12.578860176053505]]]}"
00000000000000000201,Mandya,0.7355073748661234,MM-MD-0015,0.7000000000000001,0.6399829583152764,10.0,667.4320099949837,78.4851317329651,ESA_WorldCover_Cropland,0.2188413292169571,6.3,Mandya,23.26660381973702,Chikkathammanahalli,"{""type"":""Polygon"",""coordinates"":[[[76.82631850600164,12.553168392558385],[76.82604507797062,12.553080681298981],[76.82587822233307,12.552851623518876],[76.82588315056186,12.552570675780906],[76.82605783854548,12.552347351632795],[76.82633417067267,12.552268770375264],[76.82660442993861,12.55236557864499],[76.82676318828236,12.552599975290045],[76.82674849170363,12.55288052459227],[76.82656614837859,12.553097985328218],[76.82631850600164,12.553168392558385]]]}"
00000000000000000208,Mandya,0.7355073748660694,MM-MD-0135,0.7000000000000001,0.5991496607842531,10.0,667.4320099949837,78.4851317329651,ESA_WorldCover_Cropland,0.2188413292169571,6.3,Mandya,23.26660381973702,Chikkathammanahalli,"{""type"":""Polygon"",""coordinates"":[[[76.82757616158665,12.553797260538047],[76.82730264832176,12.553709459327639],[76.82713588237714,12.55348048998892],[76.82714072255283,12.553199535129966],[76.82731549677047,12.552976212554572],[76.82759182609904,12.552897629545498],[76.82786208262777,12.552994352087936],[76.82802083936353,12.553228750446474],[76.82800614293365,12.553509388235204],[76.82782380145545,12.5537267660337],[76.82757616158665,12.553797260538047]]]}"
0000000000000000020c,Mandya,0.7355073748666471,MM-MD-0196,0.7000000000000001,0.5679020484021695,10.0,667.4320099949837,78.4851317329651,ESA_WorldCover_Cropland,0.2188413292169571,6.3,Mandya,23.26660381973702,Chikkathammanahalli,"{""type"":""Polygon"",""coordinates"":[[[76.83368473148117,12.553437910247379],[76.83341123167695,12.553350115358027],[76.83324438594046,12.553121142584965],[76.83324931387682,12.552840187277631],[76.83342399149461,12.552616851643762],[76.83370039522262,12.552538263830785],[76.8339706384505,12.552635065999235],[76.83412938737273,12.552869463743159],[76.83411469166619,12.553150020916584],[76.83393235916223,12.553367493228706],[76.83368473148117,12.553437910247379]]]}"
0000000000000000020d,Mandya,0.7355073748673281,MM-MD-0211,0.7000000000000001,0.5543746292140915,10.0,667.4320099949837,78.4851317329651,ESA_WorldCover_Cropland,0.2188413292169571,6.3,Mandya,23.26660381973702,Chikkathammanahalli,"{""type"":""Polygon"",""coordinates"":[[[76.82703714275185,12.551820908619078],[76.82676371630312,12.551733200290814],[76.82659686163113,12.551504146009611],[76.82660178983141,12.551223200971544],[76.82677647680414,12.550999877672728],[76.82705280733222,12.550921295082277],[76.82732306503415,12.551018100356272],[76.8274818224591,12.551252493511774],[76.82746721396839,12.55153313026392],[76.82728478369565,12.551750500194133],[76.82703714275185,12.551820908619078]]]}"
0000000000000000020f,Mandya,0.7355073748649411,MM-MD-0224,0.7000000000000001,0.5963972935377223,10.0,667.4320099949837,78.4851317329651,ESA_WorldCover_Cropland,0.2188413292169571,6.3,Mandya,23.26660381973702,Chikkathammanahalli,"{""type"":""Polygon"",""coordinates"":[[[76.82559986509284,12.553527714658514],[76.82532634747515,12.55343999775378],[76.82515957887662,12.553211029114616],[76.82516450713393,12.552930081149999],[76.82533919612834,12.552706671866504],[76.82561552985452,12.552628091749739],[76.82588579068435,12.552724901288498],[76.8260445499468,12.552959298835788],[76.82602985328302,12.553239848321365],[76.82584750890278,12.553457308450746],[76.82559986509284,12.553527714658514]]]}"
00000000000000000215,Mandya,0.7355073748659886,MM-MD-0292,0.7000000000000001,0.581410253677377,10.0,667.4320099949837,78.4851317329651,ESA_WorldCover_Cropland,0.2188413292169571,6.39703392031582,Mandya,23.26660381973702,Chikkathammanahalli,"{""type"":""Polygon"",""coordinates"":[[[76.8246117490549,12.553348030307658],[76.82433822926126,12.553260312778916],[76.82417145933606,12.553031344606302],[76.82417629962728,12.552750393645976],[76.8243509900115,12.552527071812568],[76.82462741394119,12.552448411800956],[76.82489767692113,12.552545221907295],[76.82505643744663,12.552779618931169],[76.82504174066594,12.55306025270973],[76.82485930683019,12.55327762101745],[76.8246117490549,12.553348030307658]]]}"
0000000000000000021d,Mandya,0.735507374866077,MM-MD-0388,0.7000000000000001,0.5702399050789817,10.0,667.4320099949837,78.4851317329651,ESA_WorldCover_Cropland,0.2188413292169571,6.3,Mandya,23.26660381973702,Chikkathammanahalli,"{""type"":""Polygon"",""coordinates"":[[[76.83404402905286,12.552809090632195],[76.8337705300407,12.552721297133415],[76.83360377278599,12.55249233035954],[76.83360861270945,12.552211371922823],[76.83378328982141,12.551988036649522],[76.83405969274895,12.551909448178957],[76.83432993519418,12.55200624892845],[76.83448868365666,12.552240645045416],[76.83447407599067,12.55252120538531],[76.83429165601679,12.552738673024392],[76.83404402905286,12.552809090632195]]]}"
0000000000000000021e,Mandya,0.7355073748656307,MM-MD-0393,0.7000000000000001,0.6511502069621371,10.0,667.4320099949837,78.4851317329651,ESA_WorldCover_Cropland,0.2188413292169571,6.313572615832129,Mandya,23.26660381973702,Chikkathammanahalli,"{""type"":""Polygon"",""coordinates"":[[[76.82515069041204,12.55379722941963],[76.82487725981,12.553709516013138],[76.82471040260357,12.553480456600337],[76.82471533087872,12.553199508382006],[76.82489002050485,12.552976185092332],[76.82516635523038,12.552897605697368],[76.82543661703764,12.552994330404466],[76.82559537687425,12.553228728633067],[76.82558068015733,12.55350936404765],[76.82539833511761,12.553726823858776],[76.82515069041204,12.55379722941963]]]}"
00000000000000000220,Mandya,0.7355073748674043,MM-MD-0411,0.7000000000000001,0.5201163823577071,10.0,667.4320099949837,78.4851317329651,ESA_WorldCover_Cropland,0.2188413292169571,6.350376603812787,Mandya,23.26660381973702,Chikkathammanahalli,"{""type"":""Polygon"",""coordinates"":[[[76.8353915396743,12.553437933474788],[76.83511804363292,12.553350140183223],[76.83495120019187,12.553121167411161],[76.83495612806044,12.5528402105067],[76.83513080327504,12.552616872301465],[76.83540720320025,12.552538281945138],[76.83567744270994,12.552634996884782],[76.83583618944796,12.552869394719288],[76.8358214939436,12.55315003926814],[76.83563916394836,12.55336742847089],[76.8353915396743,12.553437933474788]]]}"
00000000000000000221,Mandya,0.7355073748663935,MM-MD-0413,0.7000000000000001,0.5724547511169683,10.0,667.4320099949837,78.4851317329651,ESA_WorldCover_Cropland,0.2188413292169571,6.3,Mandya,23.26660381973702,Chikkathammanahalli,"{""type"":""Polygon"",""coordinates"":[[[76.82739645956737,12.553797250843605],[76.82712303390983,12.553709453834806],[76.82695617972067,12.5534804801263],[76.82696110790668,12.553199529805264],[76.82713579437393,12.55297620313103],[76.82741221210541,12.552897624759174],[76.82768246902509,12.552994347461908],[76.82784122599053,12.553228745810825],[76.8278265295394,12.55350938342375],[76.82764409979455,12.55372675657926],[76.82739645956737,12.553797250843605]]]}"
0000000000000000022a,Mandya,0.7355073748657761,MM-MD-0495,0.7000000000000001,0.6245114699266395,10.0,667.4320099949837,78.4851317329651,ESA_WorldCover_Cropland,0.2188413292169571,6.350760999428601,Mandya,23.26660381973702,Chikkathammanahalli,"{""type"":""Polygon"",""coordinates"":[[[76.82497107288775,12.553437866445991],[76.82469755388536,12.553350149103096],[76.82453078444257,12.553121180697245],[76.82453562471979,12.552840229175729],[76.82471031459866,12.55261690667197],[76.82498673772872,12.55253824614216],[76.82525699992681,12.552635056084906],[76.82541575999302,12.55286945336326],[76.82540106325484,12.553150087715299],[76.82521862994689,12.55336745669176],[76.82497107288775,12.553437866445991]]]}"
0000000000000000022d,Mandya,0.7355073748656735,MM-MD-0508,0.7000000000000001,0.6039033181701738,10.0,667.4320099949837,78.4851317329651,ESA_WorldCover_Cropland,0.2188413292169571,6.3,Mandya,23.26660381973702,Chikkathammanahalli,"{""type"":""Polygon"",""coordinates"":[[[76.82658797326944,12.551371808565893],[76.82631454583169,12.551284014867747],[76.8261476905562,12.551055047455153],[76.82615261877432,12.55077410396182],[76.82632730637887,12.550550781983954],[76.82660372591003,12.550472118642565],[76.82687398458935,12.550568923532198],[76.8270326545852,12.55080331111853],[76.82701804604164,12.55108394632219],[76.826835615109,12.551301314959854],[76.82658797326944,12.551371808565893]]]}"
0000000000000000022e,Mandya,0.7355073748658226,MM-MD-0513,0.7000000000000001,0.5254403690666481,10.0,667.4320099949837,78.4851317329651,ESA_WorldCover_Cropland,0.2188413292169571,6.307569224375297,Mandya,23.26660381973702,Chikkathammanahalli,"{""type"":""Polygon"",""coordinates"":[[[76.8253303956811,12.552180276033821],[76.82505687746998,12.552092475433215],[76.82489010850963,12.551863510291678],[76.82489494877285,12.55158256158209],[76.82506963814637,12.551359240340085],[76.82534606047675,12.551280664732316],[76.82561632189297,12.551377386454643],[76.82577508149987,12.551611780459336],[76.82576038480421,12.551892412058795],[76.82557795202406,12.552109779877892],[76.8253303956811,12.552180276033821]]]}"
00000000000000000231,Mandya,0.7355073748657873,MM-MD-0557,0.7000000000000001,0.4774859852967012,10.0,667.4320099949837,78.4851317329651,ESA_WorldCover_Cropland,0.2188413292169571,6.360441558441552,Mandya,23.26660381973702,Chikkathammanahalli,"{""type"":""Polygon"",""coordinates"":[[[76.82479136709883,12.551910799772935],[76.82451793570576,12.551823003490028],[76.82435107801666,12.551594034677935],[76.82435600630605,12.55131309151758],[76.82453069643752,12.551089771474205],[76.82480703196245,12.551011106545587],[76.82507729455158,12.551107913979846],[76.8252360548475,12.551342307249984],[76.82522135808806,12.551622937656589],[76.82503901252082,12.551840308659939],[76.82479136709883,12.551910799772935]]]}"
00000000000000000234,Mandya,0.735507374866429,MM-MD-0563,0.7000000000000001,0.6945454954508027,10.0,667.4320099949837,78.4851317329651,ESA_WorldCover_Cropland,0.2188413292169571,6.30989610389611,Mandya,23.26660381973702,Chikkathammanahalli,"{""type"":""Polygon"",""coordinates"":[[[76.82479136709883,12.554066749168406],[76.82451793570576,12.553978949269949],[76.82435107801666,12.553749974861258],[76.82435600630605,12.55346902630489],[76.82453069643752,12.553245703170393],[76.82480703196245,12.553167124363378],[76.82507729455158,12.553263849861935],[76.8252360548475,12.553498248776885],[76.82522135808806,12.553778884504895],[76.82503901252082,12.553996258430482],[76.82479136709883,12.554066749168406]]]}"
00000000000000000238,Mandya,0.7355073748670556,MM-MD-0609,0.7000000000000001,0.675735854881674,10.0,667.4320099949837,78.4851317329651,ESA_WorldCover_Cropland,0.2188413292169571,6.3,Mandya,23.26660381973702,Chikkathammanahalli,"{""type"":""Polygon"",""coordinates"":[[[76.82667782489659,12.553437861664683],[76.8264043976567,12.553350150289951],[76.82623754250193,12.553121177513852],[76.82624247071647,12.552840228764836],[76.82641715819464,12.552616903688739],[76.8266934895223,12.552538236244908],[76.82696374800625,12.552635044664925],[76.8271225058906,12.552869442034716],[76.8271078093544,12.553150078057387],[76.82692546655697,12.553367454001759],[76.82667782489659,12.553437861664683]]]}"
0000000000000000023c,Mandya,0.7355073748661606,MM-MD-0653,0.7000000000000001,0.6251313765669942,10.0,667.4320099949837,78.4851317329651,ESA_WorldCover_Cropland,0.2188413292169571,6.3,Mandya,23.26660381973702,Chikkathammanahalli,"{""type"":""Polygon"",""coordinates"":[[[76.82551001268577,12.553078536390586],[76.82523658287475,12.552990824525061],[76.82506972615104,12.55276185268142],[76.8250746544119,12.55248090592512],[76.82524934353269,12.552257583124169],[76.82552567745877,12.55217891735106],[76.82579593848415,12.552275726185067],[76.82595469786145,12.552510122551535],[76.82594000118702,12.55279075654424],[76.82575765667488,12.55300813022433],[76.82551001268577,12.553078536390586]]]}"
00000000000000000240,Mandya,0.735507374866563,MM-MD-0677,0.7000000000000001,0.6692178601434198,10.0,667.4320099949837,78.4851317329651,ESA_WorldCover_Cropland,0.2188413292169571,6.30015584415585,Mandya,23.26660381973702,Chikkathammanahalli,"{""type"":""Polygon"",""coordinates"":[[[76.82515069041204,12.554156586490206],[76.82487725981,12.554068786777345],[76.82471040260357,12.553839812135546],[76.82471533087872,12.553558863017898],[76.82489002050485,12.553335539213057],[76.82516635523038,12.553256959888106],[76.82543661703764,12.553353685222877],[76.82559537687425,12.553588084392274],[76.82558068015733,12.55386872069374],[76.82539833511761,12.554086095287953],[76.82515069041204,12.554156586490206]]]}"
00000000000000000244,Mandya,0.7355073748657303,MM-MD-0712,0.7000000000000001,0.48477310050901584,10.0,667.4320099949837,78.4851317329651,ESA_WorldCover_Cropland,0.2188413292169571,6.310559941824232,Mandya,23.26660381973702,Chikkathammanahalli,"{""type"":""Polygon"",""coordinates"":[[[76.83503215800775,12.553078560601085],[76.834758661174,12.55299085328151],[76.8345919052475,12.552761800102596],[76.83459674513243,12.552480840067126],[76.83477150885088,12.552257592990586],[76.83504782157907,12.552178913028103],[76.83531814986911,12.552275717732927],[76.83547689706697,12.552510114607873],[76.83546220152003,12.552790757918485],[76.83527978299924,12.553008141720971],[76.83503215800775,12.553078560601085]]]}"
00000000000000000248,Mandya,0.7355073748649448,MM-MD-0738,0.7000000000000001,0.34592926611054714,10.0,667.4320099949837,78.4851317329651,ESA_WorldCover_Cropland,0.2188413292169571,6.39243195512154,Mandya,23.26660381973702,Chikkathammanahalli,"{""type"":""Polygon"",""coordinates"":[[[76.83566098724376,12.55289892637887],[76.8353874917965,12.55281113424312],[76.8352207367153,12.552582167236482],[76.8352255765757,12.552301207062534],[76.83540033940822,12.552077873590656],[76.83567665073568,12.551999278362006],[76.83594697765528,12.552096082191726],[76.83610572404832,12.552330478629871],[76.83609102857591,12.552611036406166],[76.8359086109799,12.552828506628016],[76.83566098724376,12.55289892637887]]]}"
00000000000000000251,Mandya,0.7355073748666812,MM-MD-0877,0.7000000000000001,0.47647670603201797,10.0,667.4320099949837,78.4851317329651,ESA_WorldCover_Cropland,0.2188413292169571,6.378312814918698,Mandya,23.26660381973702,Chikkathammanahalli,"{""type"":""Polygon"",""coordinates"":[[[76.824521895933,12.551910787849419],[76.82424837594152,12.551822986944117],[76.82408160589569,12.551594022502337],[76.82408644619042,12.551313075224144],[76.8242612247062,12.551089759957097],[76.82453756083062,12.551011095430052],[76.82480782400607,12.551107903104668],[76.82496658464642,12.551342296360302],[76.8249518878551,12.551622926503079],[76.82476954189225,12.551840297096321],[76.824521895933,12.551910787849419]]]}"
00000000000000000254,Mandya,0.7355073748654866,MM-MD-0890,0.7000000000000001,0.6774520951672985,10.0,667.4320099949837,78.4851317329651,ESA_WorldCover_Cropland,0.2188413292169571,6.1,Mandya,23.26660381973702,Chikkathammanahalli,"{""type"":""Polygon"",""coordinates"":[[[76.83251689718811,12.551102259694812],[76.83224339480971,12.551014553332179],[76.8320766355026,12.55078550528418],[76.83208147548565,12.550504552548926],[76.83225615474747,12.550281222024628],[76.83253256107699,12.550202635497943],[76.83280280684848,12.55029943462812],[76.83296155726494,12.550533826195132],[76.83294686142006,12.550814462166482],[76.83276452719991,12.55103184382876],[76.83251689718811,12.551102259694812]]]}"
00000000000000000259,Mandya,0.7355073748657651,MM-MD-0928,0.7000000000000001,0.6197146532923309,10.0,667.4320099949837,78.4851317329651,ESA_WorldCover_Cropland,0.2188413292169571,6.3,Mandya,23.26660381973702,Chikkathammanahalli,"{""type"":""Polygon"",""coordinates"":[[[76.82551001268577,12.554066701630756],[76.82523658287475,12.553978988108938],[76.82506972615104,12.553750013700306],[76.8250746544119,12.553469064470937],[76.82524934353269,12.55324574025328],[76.82552567745877,12.553167074671867],[76.82579593848415,12.55326388523262],[76.82595469786145,12.553498284186178],[76.82594000118702,12.553778920617761],[76.82575765667488,12.553996295637145],[76.82551001268577,12.554066701630756]]]}"
0000000000000000025e,Mandya,0.7355073748651878,MM-MD-0981,0.7000000000000001,0.6025850050261661,10.0,667.4320099949837,78.4851317329651,ESA_WorldCover_Cropland,0.2188413292169571,6.3,Mandya,23.26660381973702,Chikkathammanahalli,"{""type"":""Polygon"",""coordinates"":[[[76.82604903814915,12.552988746608296],[76.82577552152068,12.552901031027707],[76.82560875352527,12.552671978084156],[76.8256135937605,12.55239102667813],[76.82578828212324,12.552167703193838],[76.82606470285418,12.552089126672675],[76.82633496270655,12.552185849165891],[76.82649372139478,12.552420245325939],[76.82647902478415,12.55270087962444],[76.82629668106345,12.552918339706578],[76.82604903814915,12.552988746608296]]]}"
00000000000000000262,Mandya,0.7355073748654896,MM-MD-0044,0.7000000000000001,0.5450453837283198,10.0,667.4320099949837,78.4851317329651,ESA_WorldCover_Cropland,0.2188413292169571,6.12599480519481,Mandya,23.26660381973702,Hadya,"{""type"":""Polygon"",""coordinates"":[[[76.81850317290417,12.574458467676024],[76.8182296396646,12.574370709043306],[76.81806286154136,12.574141771842248],[76.81806770207052,12.57386077382138],[76.8182424890516,12.573637435365416],[76.81851883856056,12.5735588699297],[76.81878911482683,12.573655636649056],[76.81894788315732,12.573890002852577],[76.81893318565409,12.574170596973781],[76.8187508308587,12.574388074628816],[76.81850317290417,12.574458467676024]]]}"
0000000000000000026e,Mandya,0.735507374866063,MM-MD-0143,0.7000000000000001,0.5601446070857508,10.0,667.4320099949837,78.4851317329651,ESA_WorldCover_Cropland,0.2188413292169571,6.182421692379613,Mandya,23.26660381973702,Hadya,"{""type"":""Polygon"",""coordinates"":[[[76.81895237161605,12.573739791919696],[76.81867883936486,12.573652120629681],[76.81851197383497,12.573423095193787],[76.81851690235595,12.573142102926576],[76.81869160069628,12.572918846156885],[76.81896803721581,12.572840198571916],[76.81923831250539,12.572936963635339],[76.81939708026212,12.573171327984655],[76.81938238281201,12.573452006493946],[76.8191999406668,12.573669393765549],[76.81895237161605,12.573739791919696]]]}"
00000000000000000274,Mandya,0.7355073748664789,MM-MD-0202,0.7000000000000001,0.5423670960383129,10.0,667.4320099949837,78.4851317329651,ESA_WorldCover_Cropland,0.2188413292169571,6.110560490364143,Mandya,23.26660381973702,Hadya,"{""type"":""Polygon"",""coordinates"":[[[76.81841331536515,12.574188956451506],[76.81813986993741,12.574101202565851],[76.81797300368407,12.573872261682942],[76.8179779322264,12.573591268799024],[76.81815263132415,12.573367926483865],[76.81842898103285,12.573289361129154],[76.81869934550367,12.573386131837943],[76.81885802593975,12.573620492953122],[76.81884341643497,12.573901176420053],[76.8186609734987,12.574118563476848],[76.81841331536515,12.574188956451506]]]}"
0000000000000000027a,Mandya,0.735507374865188,MM-MD-0293,0.7000000000000001,0.5325506992516638,10.0,667.4320099949837,78.4851317329651,ESA_WorldCover_Cropland,0.2188413292169571,6.2,Mandya,23.26660381973702,Hadya,"{""type"":""Polygon"",""coordinates"":[[[76.81922185486047,12.573021175987812],[76.81894832320229,12.57293342043712],[76.81878145803414,12.57270439686405],[76.81878638654445,12.572423491855568],[76.81896108450603,12.572200149989461],[76.81923752042627,12.572121501861108],[76.8195077951299,12.572218265429253],[76.81966656254242,12.572452713631444],[76.81965186512417,12.572733304918097],[76.81946951138312,12.572950696008773],[76.81922185486047,12.573021175987812]]]}"
0000000000000000027c,Mandya,0.7355073748673261,MM-MD-0317,0.7000000000000001,0.5449356494590534,10.0,667.4320099949837,78.4851317329651,ESA_WorldCover_Cropland,0.2188413292169571,6.162871389985456,Mandya,23.26660381973702,Hadya,"{""type"":""Polygon"",""coordinates"":[[[76.81877265712244,12.57427884187768],[76.81849921248512,12.574191088178472],[76.81833234671412,12.573962061345698],[76.81833727524221,12.573681153618205],[76.81851197383497,12.573457810632496],[76.81878832274485,12.573379159042137],[76.8190585984252,12.57347592520688],[76.81921736641148,12.573710376672542],[76.81920266894012,12.573990970615437],[76.81902031454007,12.574208362720515],[76.81877265712244,12.57427884187768]]]}"
00000000000000000281,Mandya,0.7355073748657533,MM-MD-0374,0.7000000000000001,0.4967776052041975,10.0,667.4320099949837,78.4851317329651,ESA_WorldCover_Cropland,0.2188413292169571,6.123889668069198,Mandya,23.26660381973702,Hadya,"{""type"":""Polygon"",""coordinates"":[[[76.81832354577061,12.568799064494854],[76.81805001213579,12.56871131517576],[76.81788314576183,12.568482388259318],[76.81788807430772,12.568201408922016],[76.81806277353174,12.567978074446565],[76.81833921144963,12.567899426830554],[76.81860948810643,12.567996183831863],[76.81876825666636,12.56823062094825],[76.81875355914188,12.568511286671868],[76.81857111607374,12.568728666311076],[76.81832354577061,12.568799064494854]]]}"
00000000000000000283,Mandya,0.7355073748651518,MM-MD-0408,0.7000000000000001,0.48896751065207783,10.0,667.4320099949837,78.4851317329651,ESA_WorldCover_Cropland,0.2188413292169571,6.121272727272732,Mandya,23.26660381973702,Hadya,"{""type"":""Polygon"",""coordinates"":[[[76.81850317290417,12.573290652960784],[76.8182296396646,12.57320289628445],[76.81806286154136,12.572973962108469],[76.81806770207052,12.57269296700408],[76.8182424890516,12.572469630216371],[76.81851883856056,12.572391064550729],[76.81878911482683,12.572487829231935],[76.81894788315732,12.572722192384033],[76.81893318565409,12.573002869347372],[76.8187508308587,12.573220259707313],[76.81850317290417,12.573290652960784]]]}"
00000000000000000285,Mandya,0.7355073748665963,MM-MD-0421,0.7000000000000001,0.4084160929839766,10.0,667.4320099949837,78.4851317329651,ESA_WorldCover_Cropland,0.2188413292169571,6.1,Mandya,23.26660381973702,Hadya,"{""type"":""Polygon"",""coordinates"":[[[76.81787434478652,12.572931323034204],[76.81760089817328,12.572843570749644],[76.81743403119653,12.572614633124317],[76.81743895976022,12.5723336438858],[76.81761365961535,12.572110304180795],[76.81789001052212,12.572031739382654],[76.81816028815557,12.572128503998947],[76.81831905728919,12.572362866178981],[76.8183043597116,12.572643541641543],[76.81812200399378,12.572860930558107],[76.81787434478652,12.572931323034204]]]}"
00000000000000000288,Mandya,0.7355073748656726,MM-MD-0457,0.7000000000000001,0.5569732363877419,10.0,667.4320099949837,78.4851317329651,ESA_WorldCover_Cropland,0.2188413292169571,6.542545454545455,Mandya,23.26660381973702,Hadya,"{""type"":""Polygon"",""coordinates"":[[[76.81850317290417,12.56736176424615],[76.8182297276741,12.5672740218817],[76.81806286154136,12.567045012978845],[76.81806779008014,12.566764122776606],[76.8182424890516,12.56654079008559],[76.81851883856056,12.566462137542418],[76.81878911482683,12.566558891873887],[76.81894788315732,12.566793325241187],[76.81893318565409,12.56707398759916],[76.8187508308587,12.567291369946908],[76.81850317290417,12.56736176424615]]]}"
00000000000000000293,Mandya,0.7355073748661649,MM-MD-0554,0.7000000000000001,0.5520640568534751,10.0,667.4320099949837,78.4851317329651,ESA_WorldCover_Cropland,0.2188413292169571,6.1,Mandya,23.26660381973702,Hadya,"{""type"":""Polygon"",""coordinates"":[[[76.81760485862095,12.568978709750862],[76.817331411415,12.56889104954861],[76.81716454407656,12.568662036452501],[76.81716947265096,12.568381057339554],[76.81734417288472,12.568157723691161],[76.81762052439052,12.568079158517442],[76.81789080260982,12.568175916474855],[76.81804957208762,12.568410268309885],[76.81803487447819,12.568690933772235],[76.81785251836506,12.568908316937476],[76.81760485862095,12.568978709750862]]]}"
00000000000000000294,Mandya,0.7355073748664498,MM-MD-0565,0.7000000000000001,0.49514041431668615,10.0,667.4320099949837,78.4851317329651,ESA_WorldCover_Cropland,0.2188413292169571,6.5,Mandya,23.26660381973702,Hadya,"{""type"":""Polygon"",""coordinates"":[[[76.81814383036792,12.567271977831412],[76.81787038434742,12.567184235280626],[76.81770351773237,12.566955226610352],[76.81770844628538,12.566674251257224],[76.81788314576183,12.566450919236749],[76.81815949606958,12.566372352923675],[76.81842977311712,12.566469107419497],[76.81858854190656,12.56670345482088],[76.81857384436084,12.56698411660545],[76.81839148903833,12.567201498284359],[76.81814383036792,12.567271977831412]]]}"
00000000000000000296,Mandya,0.7355073748660124,MM-MD-0611,0.7000000000000001,0.5718685725430809,10.0,667.4320099949837,78.4851317329651,ESA_WorldCover_Cropland,0.2188413292169571,6.2,Mandya,23.26660381973702,Hadya,"{""type"":""Polygon"",""coordinates"":[[[76.82038963817087,12.574009317059119],[76.82011610908263,12.573921560948653],[76.8199493334905,12.573692539195145],[76.81995417394619,12.573411626247307],[76.82012895827464,12.573188285586317],[76.8204053035895,12.573109717247396],[76.8206755757537,12.573206481495985],[76.82083434167444,12.573440846625001],[76.82081964439428,12.573721441487502],[76.82063729236661,12.573938921410038],[76.82038963817087,12.574009317059119]]]}"
00000000000000000297,Mandya,0.7355073748655409,MM-MD-0623,0.7000000000000001,0.496495363423266,10.0,667.4320099949837,78.4851317329651,ESA_WorldCover_Cropland,0.2188413292169571,6.2,Mandya,23.26660381973702,Hadya,"{""type"":""Polygon"",""coordinates"":[[[76.81967096296671,12.572931318489395],[76.81939752030551,12.572843567889523],[76.81923065574038,12.572614630266479],[76.81923558423286,12.57233363934498],[76.81941028156315,12.572110296929656],[76.8196866284759,12.57203172945094],[76.81995699021124,12.572128496839388],[76.8201156690418,12.572362854735365],[76.82010105968483,12.57264353633611],[76.81991861859451,12.572860923611024],[76.81967096296671,12.572931318489395]]]}"
0000000000000000029e,Mandya,0.73550737486618,MM-MD-0676,0.7000000000000001,0.46706126157200695,10.0,667.4320099949837,78.4851317329651,ESA_WorldCover_Cropland,0.2188413292169571,6.1,Mandya,23.26660381973702,Hadya,"{""type"":""Polygon"",""coordinates"":[[[76.81796420271512,12.573380493152273],[76.81769066828964,12.573292735819818],[76.81752388944336,12.573063715694058],[76.81752872999353,12.572782806586558],[76.81770342972248,12.572559466104273],[76.81797986843942,12.572480905640033],[76.81825014587749,12.572577670959962],[76.81840891489635,12.572812034318465],[76.81839421732938,12.573092625258344],[76.81821186174336,12.573310100635359],[76.81796420271512,12.573380493152273]]]}"
0000000000000000029f,Mandya,0.7355073748665086,MM-MD-0690,0.7000000000000001,0.5637344453749011,10.0,667.4320099949837,78.4851317329651,ESA_WorldCover_Cropland,0.2188413292169571,6.1924315619967745,Mandya,23.26660381973702,Hadya,"{""type"":""Polygon"",""coordinates"":[[[76.81904214075648,12.571314365275054],[76.81876869671196,12.571226616793986],[76.81860183130269,12.570997597644482],[76.8186067598201,12.570716697065706],[76.81878145803414,12.570493357910038],[76.81905780634493,12.570414705336484],[76.81932808143934,12.570511466086263],[76.8194868490814,12.57074590981723],[76.81947223965052,12.571026501103876],[76.8192897976372,12.57124397095214],[76.81904214075648,12.571314365275054]]]}"
000000000000000002a1,Mandya,0.7355073748661709,MM-MD-0701,0.7000000000000001,0.542947038901649,10.0,667.4320099949837,78.4851317329651,ESA_WorldCover_Cropland,0.2188413292169571,6.118362682458061,Mandya,23.26660381973702,Hadya,"{""type"":""Polygon"",""coordinates"":[[[76.81841331536515,12.574727950515367],[76.8181398699374,12.574640195726959],[76.81797300368407,12.574411253447746],[76.8179779322264,12.574130259218025],[76.81815263132415,12.573906916132788],[76.81842898103285,12.573828350884222],[76.81869934550367,12.573925122533849],[76.81885802593975,12.574159485057141],[76.81884341643497,12.574440169851398],[76.8186609734987,12.574657557635932],[76.81841331536515,12.574727950515367]]]}"
000000000000000002a3,Mandya,0.7355073748666221,MM-MD-0718,0.7000000000000001,0.608020023905,10.0,667.4320099949837,78.4851317329651,ESA_WorldCover_Cropland,0.2188413292169571,6.110201007635181,Mandya,23.26660381973702,Hadya,"{""type"":""Polygon"",""coordinates"":[[[76.81733537187125,12.56879910480382],[76.81706183606228,12.568711354558042],[76.81689505637249,12.568482346306155],[76.81689989694712,12.5682013635162],[76.81707468557,12.567978034909673],[76.8173510376748,12.567899470102619],[76.81762131647994,12.567996227987175],[76.8177800863019,12.568230665051148],[76.8177653886606,12.568511244093887],[76.81758303215219,12.568728626605754],[76.81733537187125,12.56879910480382]]]}"
000000000000000002af,Mandya,0.7355073748671712,MM-MD-0827,0.7000000000000001,0.5496851959538355,10.0,667.4320099949837,78.4851317329651,ESA_WorldCover_Cropland,0.2188413292169571,6.1924315619967745,Mandya,23.26660381973702,Hadya,"{""type"":""Polygon"",""coordinates"":[[[76.81904214075648,12.573200811226613],[76.81876869671196,12.573113059585705],[76.81860183130269,12.572884121263634],[76.8186067598201,12.572603130258164],[76.81878145803414,12.572379788406318],[76.81905780634493,12.57230122191883],[76.81932816944806,12.572397990340194],[76.8194868490814,12.572632348906996],[76.81947223965052,12.572913030555913],[76.8192897976372,12.573130417236607],[76.81904214075648,12.573200811226613]]]}"
000000000000000002b2,Mandya,0.73550737486545,MM-MD-0848,0.7000000000000001,0.5612353620567568,10.0,667.4320099949837,78.4851317329651,ESA_WorldCover_Cropland,0.2188413292169571,6.1,Mandya,23.26660381973702,Hadya,"{""type"":""Polygon"",""coordinates"":[[[76.81787434478652,12.570865230058418],[76.81760089817328,12.570777481234893],[76.81743403119653,12.57054846324858],[76.81743895976022,12.570267564884961],[76.81761365961535,12.570044228132934],[76.81789001052212,12.569965577213901],[76.81816028815557,12.570062338223638],[76.81831905728919,12.57029678071852],[76.8183043597116,12.570577365377444],[76.81812200399378,12.570794751502573],[76.81787434478652,12.570865230058418]]]}"
000000000000000002b5,Mandya,0.7355073748668473,MM-MD-0875,0.7000000000000001,0.5905879860719238,10.0,667.4320099949837,78.4851317329651,ESA_WorldCover_Cropland,0.2188413292169571,6.170967741935482,Mandya,23.26660381973702,Hadya,"{""type"":""Polygon"",""coordinates"":[[[76.81886251440172,12.571314342856352],[76.81858898195281,12.571226589828148],[76.81842220431167,12.570997660772544],[76.81842704482683,12.570716670268135],[76.81860174329344,12.570493331383604],[76.8188781800128,12.570414769171512],[76.81914845549777,12.570511530081982],[76.8193072233693,12.570745888088315],[76.81929252590854,12.571026560536168],[76.8191101716403,12.571243948773592],[76.81886251440172,12.571314342856352]]]}"
000000000000000002bc,Mandya,0.7355073748660721,MM-MD-0969,0.7000000000000001,0.5744532964619804,10.0,667.4320099949837,78.4851317329651,ESA_WorldCover_Cropland,0.2188413292169571,6.1,Mandya,23.26660381973702,Hadya,"{""type"":""Polygon"",""coordinates"":[[[76.81751500043262,12.569427921481807],[76.81724155302904,12.569340174729387],[76.81707468557,12.569111160468818],[76.81707961414794,12.56883018031798],[76.81725431450799,12.568606931876033],[76.81753066621353,12.568528281211586],[76.81780094462817,12.568625040033409],[76.81795971422072,12.568859478751204],[76.81794510461036,12.569140063896933],[76.81776266035573,12.569357443153992],[76.81751500043262,12.569427921481807]]]}"
000000000000000002bd,Mandya,0.7355073748662545,MM-MD-0980,0.7000000000000001,0.47605620925828196,10.0,667.4320099949837,78.4851317329651,ESA_WorldCover_Cropland,0.2188413292169571,6.1,Mandya,23.26660381973702,Hadya,"{""type"":""Polygon"",""coordinates"":[[[76.81751500043262,12.570326205481404],[76.81724155302904,12.570238457224029],[76.81707468557,12.570009440634717],[76.81707961414794,12.569728543953696],[76.81725431450799,12.569505208514295],[76.81753066621353,12.569426558025832],[76.81780094462817,12.569523318415833],[76.81795971422072,12.569757759482359],[76.81794510461036,12.570038432555027],[76.81776266035573,12.570255813025867],[76.81751500043262,12.570326205481404]]]}"
00000000000000000211,Mandya,0.7355073748665489,MM-MD-0240,0.75,0.6527852860868489,10.0,667.4320099949837,78.4851317329651,ESA_WorldCover_Cropland,0.2188413292169571,6.4,Mandya,23.26660381973702,Chikkathammanahalli,"{""type"":""Polygon"",""coordinates"":[[[76.82272525987835,12.553258190063875],[76.8224518239377,12.553170475290749],[76.82228496347359,12.552941502980403],[76.82228989184493,12.55266055838217],[76.8224645848817,12.55243723952075],[76.82274092500252,12.55235857793282],[76.8230111920867,12.552455389565187],[76.82316995502319,12.552689786252545],[76.8231552580193,12.55297041796251],[76.82297290941919,12.553187787647753],[76.82272525987835,12.553258190063875]]]}"
00000000000000000218,Mandya,0.7355073748661516,MM-MD-0331,0.75,0.4966431746821807,10.0,667.4320099949837,78.4851317329651,ESA_WorldCover_Cropland,0.2188413292169571,6.365875324675317,Mandya,23.26660381973702,Chikkathammanahalli,"{""type"":""Polygon"",""coordinates"":[[[76.83170844423886,12.553887052624248],[76.83143494007867,12.553799340837413],[76.83126809168493,12.553570281191956],[76.83127301969976,12.55328932661005],[76.83144770009955,12.553065993309657],[76.83172410822979,12.552987408529102],[76.83199435576192,12.553084213245455],[76.83215310721268,12.553318612059858],[76.83213841127206,12.553599254114172],[76.83195607586397,12.553816638322452],[76.83170844423886,12.553887052624248]]]}"
0000000000000000022f,Mandya,0.7355073748661025,MM-MD-0525,0.75,0.594163128897698,10.0,667.4320099949837,78.4851317329651,ESA_WorldCover_Cropland,0.2188413292169571,6.5317506493506565,Mandya,23.26660381973702,Chikkathammanahalli,"{""type"":""Polygon"",""coordinates"":[[[76.82991182416237,12.553887085014944],[76.82963831604309,12.553799285840451],[76.82947146523423,12.553570311899724],[76.8294763933204,12.5532893589993],[76.82965107624868,12.55306602840597],[76.82992748838004,12.55298744630292],[76.83019773982423,12.553084166917607],[76.8303564935731,12.55331856563607],[76.83034179741975,12.55359920593226],[76.83015937137108,12.55381658303803],[76.82991182416237,12.553887085014944]]]}"
00000000000000000230,Mandya,0.7355073748646538,MM-MD-0550,0.75,0.5630611517084773,10.0,667.4320099949837,78.4851317329651,ESA_WorldCover_Cropland,0.2188413292169571,6.30583896103895,Mandya,23.26660381973702,Chikkathammanahalli,"{""type"":""Polygon"",""coordinates"":[[[76.830720288815,12.551731122403908],[76.83044678247718,12.551643327601456],[76.83027993275503,12.551414359257095],[76.83028486080912,12.551133410996092],[76.83045954259966,12.550910082276461],[76.83073595293065,12.550831498549062],[76.83100620261455,12.550928214677251],[76.83116495532936,12.551162607794595],[76.83115025927171,12.551443243560325],[76.83096792241182,12.551660623341943],[76.830720288815,12.551731122403908]]]}"
00000000000000000235,Mandya,0.7355073748656961,MM-MD-0591,0.75,0.5860373881820614,10.0,667.4320099949837,78.4851317329651,ESA_WorldCover_Cropland,0.2188413292169571,6.556627882817375,Mandya,23.26660381973702,Chikkathammanahalli,"{""type"":""Polygon"",""coordinates"":[[[76.83045074251532,12.553976918382867],[76.83017732358459,12.55388912393099],[76.83001047350022,12.553660149757343],[76.830015401565,12.553379196127585],[76.83019008373476,12.553155864593249],[76.830466406665,12.553077277336044],[76.83073674493646,12.55317400199488],[76.83089549799591,12.55340840097727],[76.83088080190636,12.553689042022624],[76.83069837664993,12.553906420070518],[76.83045074251532,12.553976918382867]]]}"
00000000000000000236,Mandya,0.7355073748663251,MM-MD-0603,0.75,0.5590280016869469,10.0,667.4320099949837,78.4851317329651,ESA_WorldCover_Cropland,0.2188413292169571,6.2,Mandya,23.26660381973702,Chikkathammanahalli,"{""type"":""Polygon"",""coordinates"":[[[76.83009143453964,12.551102299000686],[76.82981792681612,12.55101450466418],[76.8296511642501,12.550785542319923],[76.82965600432772,12.550504591853722],[76.82983077500454,12.550281269351247],[76.83010709873464,12.550202682070907],[76.83037734978778,12.55029939766203],[76.83053610330694,12.550533789099283],[76.83052140717483,12.550814422697298],[76.83033906939107,12.551031800669397],[76.83009143453964,12.551102299000686]]]}"
0000000000000000023f,Mandya,0.735507374867635,MM-MD-0666,0.75,0.567423269232206,10.0,667.4320099949837,78.4851317329651,ESA_WorldCover_Cropland,0.2188413292169571,6.354304119694527,Mandya,23.26660381973702,Chikkathammanahalli,"{""type"":""Polygon"",""coordinates"":[[[76.83116944334661,12.552629399554414],[76.83089593799858,12.552541689370633],[76.83072908888022,12.552312632990219],[76.83073401691647,12.552031682060377],[76.83090869807486,12.551808351375646],[76.83118510740557,12.551729767153658],[76.83145535611145,12.551826570153867],[76.8316141082517,12.55206096564721],[76.83159941224726,12.552341604070019],[76.83141707604723,12.552558985753148],[76.83116944334661,12.552629399554414]]]}"
00000000000000000242,Mandya,0.7355073748666345,MM-MD-0695,0.75,0.4765963339639513,10.0,667.4320099949837,78.4851317329651,ESA_WorldCover_Cropland,0.2188413292169571,6.3400135057919025,Mandya,23.26660381973702,Chikkathammanahalli,"{""type"":""Polygon"",""coordinates"":[[[76.83206774753324,12.55370742124683],[76.83179424416493,12.553619624391875],[76.83162739625423,12.553390650918464],[76.83163232425483,12.553109696449843],[76.83180700414886,12.552886362865667],[76.83208341147882,12.552807777514715],[76.83235365822848,12.552904495891454],[76.83251240921958,12.553138894254559],[76.8324977133215,12.553419536216877],[76.83231537844136,12.553636920728213],[76.83206774753324,12.55370742124683]]]}"
00000000000000000249,Mandya,0.7355073748668877,MM-MD-0746,0.75,0.633684816649221,10.0,667.4320099949837,78.4851317329651,ESA_WorldCover_Cropland,0.2188413292169571,6.393803241221687,Mandya,23.26660381973702,Chikkathammanahalli,"{""type"":""Polygon"",""coordinates"":[[[76.82281511429974,12.55343791565438],[76.8225415905504,12.553350196292614],[76.82237481821339,12.55312114218456],[76.8223796585746,12.552840192681233],[76.82255435148517,12.55261687342699],[76.82283077941258,12.552538301813527],[76.82310104630128,12.552635027977393],[76.82325980912294,12.55286942513992],[76.8232451121297,12.553150057381234],[76.8230626756554,12.553367423075443],[76.82281511429974,12.55343791565438]]]}"
0000000000000000024f,Mandya,0.7355073748662282,MM-MD-0871,0.75,0.6538949075473359,10.0,667.4320099949837,78.4851317329651,ESA_WorldCover_Cropland,0.2188413292169571,6.4,Mandya,23.26660381973702,Chikkathammanahalli,"{""type"":""Polygon"",""coordinates"":[[[76.82982197487563,12.552809085281549],[76.82954846655838,12.552721373534899],[76.82938161562875,12.552492316687797],[76.82938654371848,12.552211366569432],[76.8295612267732,12.551988037657287],[76.82983763910464,12.55190945547827],[76.83010789074444,12.55200617429063],[76.83026664460824,12.552240655886349],[76.83025194844423,12.552521207729813],[76.83006961026466,12.552738673310673],[76.82982197487563,12.552809085281549]]]}"
00000000000000000250,Mandya,0.7355073748670927,MM-MD-0876,0.75,0.5652117338219746,10.0,667.4320099949837,78.4851317329651,ESA_WorldCover_Cropland,0.2188413292169571,6.254379220779212,Mandya,23.26660381973702,Chikkathammanahalli,"{""type"":""Polygon"",""coordinates"":[[[76.830720288815,12.551551401523117],[76.83044678247718,12.551463692725637],[76.83027993275503,12.551234724847582],[76.83028486080912,12.550953777036245],[76.83045954259966,12.550730448574285],[76.83073595293065,12.550651779108897],[76.83100620261455,12.55074858062642],[76.83116495532936,12.550982973273433],[76.83115025927171,12.551263608595713],[76.83096792241182,12.55148098813374],[76.830720288815,12.551551401523117]]]}"
00000000000000000206,Mandya,0.7355073748665031,MM-MD-0113,0.8,0.6658222317635436,10.0,667.4320099949837,78.4851317329651,ESA_WorldCover_Cropland,0.2188413292169571,6.4511922697282875,Mandya,23.26660381973702,Chikkathammanahalli,"{""type"":""Polygon"",""coordinates"":[[[76.83116944334661,12.555863341510262],[76.83089593799858,12.555775625906742],[76.83072908888022,12.555546646837795],[76.83073401691647,12.555265687814838],[76.83090869807486,12.555042352493064],[76.83118510740557,12.554963683194055],[76.83145535611145,12.555060491843527],[76.8316141082517,12.555294895802074],[76.83159941224726,12.555575542205949],[76.83141707604723,12.555792928272732],[76.83116944334661,12.555863341510262]]]}"
00000000000000000212,Mandya,0.7355073748668114,MM-MD-0274,0.8,0.7258240933192184,10.0,667.4320099949837,78.4851317329651,ESA_WorldCover_Cropland,0.2188413292169571,6.568694477635202,Mandya,23.26660381973702,Chikkathammanahalli,"{""type"":""Polygon"",""coordinates"":[[[76.83018128363133,12.5555938421996],[76.8299077761058,12.55550612612218],[76.82974101366047,12.555277152121354],[76.82974585373461,12.554996190328247],[76.82992053628368,12.554772856881836],[76.830196947815,12.554694189003628],[76.83046719867251,12.554790998064199],[76.83062595207673,12.555025401264789],[76.83061125595528,12.555306046036751],[76.83042891830351,12.555523430234633],[76.83018128363133,12.5555938421996]]]}"
00000000000000000227,Mandya,0.7355073748673382,MM-MD-0447,0.8,0.6799785352645968,10.0,667.4320099949837,78.4851317329651,ESA_WorldCover_Cropland,0.2188413292169571,6.557462725336384,Mandya,23.26660381973702,Chikkathammanahalli,"{""type"":""Polygon"",""coordinates"":[[[76.83098974652884,12.555324322687179],[76.8307162407848,12.555236607818628],[76.83054947942566,12.55500763451725],[76.83055431946826,12.554726672642214],[76.83072908888022,12.554503342732637],[76.83100541061049,12.55442475493425],[76.83127565970764,12.554521477096536],[76.83143441207778,12.554755879634746],[76.83141980405219,12.555036528901375],[76.831237379588,12.555253909595598],[76.83098974652884,12.555324322687179]]]}"
00000000000000000229,Mandya,0.7355073748661239,MM-MD-0486,0.8,0.66865381206947,10.0,667.4320099949837,78.4851317329651,ESA_WorldCover_Cropland,0.2188413292169571,6.4,Mandya,23.26660381973702,Chikkathammanahalli,"{""type"":""Polygon"",""coordinates"":[[[76.83206774753324,12.555593821171692],[76.83179424416493,12.555506106861177],[76.83162739625423,12.555277128492152],[76.83163232425483,12.554996169302829],[76.83180700414886,12.554772833013837],[76.83208341147882,12.554694248029977],[76.83235365822848,12.55479096970048],[76.83251240921958,12.555025373001406],[76.8324977133215,12.555306019619184],[76.83231537844136,12.55552340668761],[76.83206774753324,12.555593821171692]]]}"
0000000000000000023e,Mandya,0.7355073748671368,MM-MD-0660,0.8,0.6768008791363599,10.0,667.4320099949837,78.4851317329651,ESA_WorldCover_Cropland,0.2188413292169571,6.4,Mandya,23.26660381973702,Chikkathammanahalli,"{""type"":""Polygon"",""coordinates"":[[[76.83269659179454,12.556941340430994],[76.83242308981221,12.556853624451586],[76.83225624274702,12.556624556878504],[76.83226117072263,12.556343679437353],[76.83243584973148,12.556120340269205],[76.83271225566074,12.556041668902685],[76.83298250104086,12.556138478072015],[76.83314125122743,12.556372884932907],[76.83312655540382,12.556653449782408],[76.83294422144775,12.556870925342116],[76.83269659179454,12.556941340430994]]]}"
00000000000000000253,Mandya,0.735507374866267,MM-MD-0885,0.8,0.6902658941890263,10.0,667.4320099949837,78.4851317329651,ESA_WorldCover_Cropland,0.2188413292169571,6.4,Mandya,23.26660381973702,Chikkathammanahalli,"{""type"":""Polygon"",""coordinates"":[[[76.83260674452386,12.557031159180974],[76.8323332423435,12.556943442966915],[76.8321663951575,12.556714375160684],[76.83217132313668,12.556433497578954],[76.832346002272,12.556210158417457],[76.83262240840139,12.556131487202295],[76.8328926539772,12.556228296608687],[76.8330514042787,12.556462703699852],[76.83303670844447,12.556743354391378],[76.83285437435636,12.556960744227746],[76.83260674452386,12.557031159180974]]]}"
00000000000000000257,Mandya,0.7355073748668371,MM-MD-0905,0.8,0.6335629640926063,10.0,667.4320099949837,78.4851317329651,ESA_WorldCover_Cropland,0.2188413292169571,6.48258701298701,Mandya,23.26660381973702,Chikkathammanahalli,"{""type"":""Polygon"",""coordinates"":[[[76.83125929165793,12.55514469290882],[76.8309857865079,12.555056978593742],[76.83081893751032,12.554827915683422],[76.830823865543,12.554547044080817],[76.83099854657495,12.554323709653877],[76.83127495570554,12.554245040081543],[76.83154520421577,12.554341847395543],[76.8317039562411,12.554576249477945],[76.83168926024729,12.554856894196423],[76.83150683617917,12.555074275057367],[76.83125929165793,12.55514469290882]]]}"
00000000000000000258,Mandya,0.7355073748669981,MM-MD-0909,0.8,0.7058247317745818,10.0,667.4320099949837,78.4851317329651,ESA_WorldCover_Cropland,0.2188413292169571,6.6,Mandya,23.26660381973702,Chikkathammanahalli,"{""type"":""Polygon"",""coordinates"":[[[76.83054059134693,12.555144666309767],[76.83026708461313,12.555056951321626],[76.83010032265052,12.554827978486331],[76.83010516271065,12.554547017481113],[76.83027993275503,12.554323688506011],[76.83055625548526,12.554245101341957],[76.83082650556042,12.55434182359149],[76.83098525850508,12.554576225635548],[76.83097065042665,12.55485687401947],[76.83078822530227,12.555074253786625],[76.83054059134693,12.555144666309767]]]}"
00000000000000000204,Mandya,0.7355073748665608,MM-MD-0074,0.8500000000000001,0.6616892726339711,10.0,667.4320099949837,78.4851317329651,ESA_WorldCover_Cropland,0.2188413292169571,6.2,Mandya,23.26660381973702,Chikkathammanahalli,"{""type"":""Polygon"",""coordinates"":[[[76.83593052222486,12.557480279009862],[76.8356570273719,12.557392565156968],[76.83549018465578,12.557163581896384],[76.83549511250295,12.556882614372887],[76.83566978695856,12.556659269559601],[76.83594618568274,12.55658067918563],[76.83621642401813,12.556677486409734],[76.83637517006632,12.556911894852442],[76.83636047462583,12.557192464194081],[76.8361781454229,12.557409859696365],[76.83593052222486,12.557480279009862]]]}"
0000000000000000020a,Mandya,0.7355073748659748,MM-MD-0174,0.8500000000000001,0.6597888860481351,10.0,667.4320099949837,78.4851317329651,ESA_WorldCover_Cropland,0.2188413292169571,6.2,Mandya,23.26660381973702,Chikkathammanahalli,"{""type"":""Polygon"",""coordinates"":[[[76.83637965789511,12.555593828593155],[76.8361061640325,12.555506118321242],[76.83593932192055,12.555277139955326],[76.83594424974984,12.554996176731231],[76.83611892357297,12.554772833945687],[76.83639532129627,12.55469424253568],[76.83666555865305,12.55479096035691],[76.83682430412635,12.555025363886676],[76.83680969673541,12.55530601908934],[76.83662728019644,12.55552340835155],[76.83637965789511,12.555593828593155]]]}"
00000000000000000216,Mandya,0.7355073748660497,MM-MD-0306,0.8500000000000001,0.6750494488193721,10.0,667.4320099949837,78.4851317329651,ESA_WorldCover_Cropland,0.2188413292169571,6.2,Mandya,23.26660381973702,Chikkathammanahalli,"{""type"":""Polygon"",""coordinates"":[[[76.83611012389002,12.556402312768578],[76.83583671743011,12.556314605257134],[76.83566987495571,12.556085624793322],[76.83567471479859,12.555804655431212],[76.83584947699829,12.555581316259726],[76.83612587532205,12.55550272540838],[76.83639611326593,12.555599444881361],[76.83655485908412,12.555833850512622],[76.83654016366492,12.556114503079941],[76.83635774672949,12.556331893027567],[76.83611012389002,12.556402312768578]]]}"
00000000000000000217,Mandya,0.7355073748664382,MM-MD-0307,0.8500000000000001,0.6510631969385842,10.0,667.4320099949837,78.4851317329651,ESA_WorldCover_Cropland,0.2188413292169571,6.3,Mandya,23.26660381973702,Chikkathammanahalli,"{""type"":""Polygon"",""coordinates"":[[[76.8339541827579,12.555234497960315],[76.83368068354767,12.555146786018723],[76.8335139261722,12.554917812951137],[76.83351876609919,12.554636848527759],[76.83369353133617,12.55441351427916],[76.83396984646534,12.554334922046365],[76.83424017710443,12.55443164577293],[76.83439892568177,12.554666048233676],[76.83438423000715,12.55494669581048],[76.83420180990115,12.555164080894691],[76.8339541827579,12.555234497960315]]]}"
0000000000000000021f,Mandya,0.7355073748663126,MM-MD-0410,0.8500000000000001,0.589870221914426,10.0,667.4320099949837,78.4851317329651,ESA_WorldCover_Cropland,0.2188413292169571,6.2825870129870065,Mandya,23.26660381973702,Chikkathammanahalli,"{""type"":""Polygon"",""coordinates"":[[[76.8353915396743,12.557120973485882],[76.83511804363292,12.557033259730003],[76.83495120019187,12.556804277401083],[76.83495612806044,12.556523311280722],[76.83513080327504,12.556299967794516],[76.83540720320025,12.556221378153985],[76.83567744270994,12.556318099522997],[76.83583618944796,12.556552506996779],[76.8358214939436,12.5568331606342],[76.83563916394836,12.55705055482954],[76.8353915396743,12.557120973485882]]]}"
00000000000000000228,Mandya,0.7355073748661791,MM-MD-0472,0.8500000000000001,0.6409581967675969,10.0,667.4320099949837,78.4851317329651,ESA_WorldCover_Cropland,0.2188413292169571,6.2,Mandya,23.26660381973702,Chikkathammanahalli,"{""type"":""Polygon"",""coordinates"":[[[76.8365593469064,12.557120996096316],[76.83628585344005,12.557033283434354],[76.83611901156979,12.556804215397138],[76.83612393939197,12.556523333893397],[76.83629861296201,12.556299988647725],[76.83657501028488,12.556221397266699],[76.83684524725014,12.55631811759306],[76.83700399249344,12.556552525128685],[76.83698929712745,12.556833179908448],[76.83680696884898,12.557050575880572],[76.8365593469064,12.557120996096316]]]}"
0000000000000000022b,Mandya,0.7355073748664056,MM-MD-0502,0.8500000000000001,0.6313361427489521,10.0,667.4320099949837,78.4851317329651,ESA_WorldCover_Cropland,0.2188413292169571,6.2,Mandya,23.26660381973702,Chikkathammanahalli,"{""type"":""Polygon"",""coordinates"":[[[76.83628981329183,12.556043025374406],[76.83601631923112,12.555955228557208],[76.83584947699829,12.555726249025955],[76.83585440483118,12.555445284762216],[76.83602907878081,12.555222027176152],[76.83630547670434,12.55514335027926],[76.83657580225339,12.555240159039567],[76.83673454784157,12.55547456374013],[76.83671985244368,12.555755215596712],[76.83653743577254,12.55597260533093],[76.83628981329183,12.556043025374406]]]}"
0000000000000000022c,Mandya,0.735507374865879,MM-MD-0504,0.8500000000000001,0.6557392975778438,10.0,667.4320099949837,78.4851317329651,ESA_WorldCover_Cropland,0.2188413292169571,6.2,Mandya,23.26660381973702,Chikkathammanahalli,"{""type"":""Polygon"",""coordinates"":[[[76.83637965789511,12.556851521035696],[76.8361061640325,12.556763722947588],[76.83593932192055,12.556534741318812],[76.83594424974984,12.556253774948269],[76.83611892357298,12.556030516068416],[76.83639532129627,12.555951839194115],[76.83666555865305,12.556048644919276],[76.83682430412635,12.556283051740264],[76.83680969673541,12.556563624337237],[76.83662728019644,12.55678110101298],[76.83637965789511,12.556851521035696]]]}"
00000000000000000232,Mandya,0.7355073748657928,MM-MD-0558,0.8500000000000001,0.6376652029702258,10.0,667.4320099949837,78.4851317329651,ESA_WorldCover_Cropland,0.2188413292169571,6.2,Mandya,23.26660381973702,Chikkathammanahalli,"{""type"":""Polygon"",""coordinates"":[[[76.83691863615172,12.557210823994795],[76.83664514347767,12.557123111518935],[76.83647830209074,12.556894043248844],[76.83648322989863,12.556613161184417],[76.83665790296267,12.556389815268684],[76.83693429948481,12.556311223369644],[76.83720462366323,12.55640794789887],[76.8373633684465,12.556642355688552],[76.83734867312312,12.556923011041444],[76.83716625737692,12.55714040331493],[76.83691863615172,12.557210823994795]]]}"
0000000000000000023a,Mandya,0.7355073748657531,MM-MD-0630,0.8500000000000001,0.6196863830126134,10.0,667.4320099949837,78.4851317329651,ESA_WorldCover_Cropland,0.2188413292169571,6.2,Mandya,23.26660381973702,Chikkathammanahalli,"{""type"":""Polygon"",""coordinates"":[[[76.83691863615172,12.557300647914047],[76.83664514347767,12.557212935287717],[76.83647830209074,12.556983952494052],[76.83648322989863,12.556702984495471],[76.83665790296267,12.556479638450977],[76.83693429948481,12.556401046569393],[76.83720462366323,12.556497771255419],[76.8373633684465,12.556732179280136],[76.83734867312312,12.557012834854632],[76.83716625737692,12.557230227249812],[76.83691863615172,12.557300647914047]]]}"
0000000000000000024b,Mandya,0.7355073748657808,MM-MD-0795,0.8500000000000001,0.5919243085383687,10.0,667.4320099949837,78.4851317329651,ESA_WorldCover_Cropland,0.2188413292169571,6.300228571428578,Mandya,23.26660381973702,Chikkathammanahalli,"{""type"":""Polygon"",""coordinates"":[[[76.83440332558402,12.555414149758601],[76.83412991536215,12.55532644230436],[76.83396307059215,12.555097464403113],[76.8339679105016,12.55481649911005],[76.83414267510591,12.554593163927068],[76.83441898923473,12.55451457105996],[76.83468931889513,12.554611294699095],[76.83484806689772,12.554845697653864],[76.83483337127629,12.555126346113362],[76.83465095183075,12.555343732124548],[76.83440332558402,12.555414149758601]]]}"
0000000000000000024d,Mandya,0.7355073748664873,MM-MD-0828,0.8500000000000001,0.6579269639523466,10.0,667.4320099949837,78.4851317329651,ESA_WorldCover_Cropland,0.2188413292169571,6.2,Mandya,23.26660381973702,Chikkathammanahalli,"{""type"":""Polygon"",""coordinates"":[[[76.83619996862346,12.556312491911415],[76.83592647436464,12.556224780267229],[76.83575972000806,12.55599580440384],[76.83576455984742,12.555714835182455],[76.83593932192055,12.555491496004324],[76.83621563204731,12.555412900634684],[76.8364859577922,12.555509624237613],[76.8366447034954,12.555744029638582],[76.83663000808684,12.556024682072163],[76.83644759128356,12.556242072034804],[76.83619996862346,12.556312491911415]]]}"
0000000000000000025a,Mandya,0.7355073748673521,MM-MD-0941,0.8500000000000001,0.6476430641733065,10.0,667.4320099949837,78.4851317329651,ESA_WorldCover_Cropland,0.2188413292169571,6.2,Mandya,23.26660381973702,Chikkathammanahalli,"{""type"":""Polygon"",""coordinates"":[[[76.8364695024333,12.557031170257979],[76.83619600876881,12.556943457662328],[76.8360291667777,12.55671438985816],[76.83603409460345,12.556433508663094],[76.83620876830004,12.556210163681541],[76.8364851658231,12.556131486708095],[76.83675540298414,12.556228292666761],[76.83691414834244,12.556462699962594],[76.83689945296581,12.556743354432863],[76.83671712455525,12.556960750146565],[76.8364695024333,12.557031170257979]]]}"
0000000000000000025d,Mandya,0.7355073748666958,MM-MD-0972,0.8500000000000001,0.5847256871693841,10.0,667.4320099949837,78.4851317329651,ESA_WorldCover_Cropland,0.2188413292169571,6.333880519480513,Mandya,23.26660381973702,Chikkathammanahalli,"{""type"":""Polygon"",""coordinates"":[[[76.83521184897117,12.557480347659709],[76.83493835253363,12.557392547424056],[76.83477150885088,12.557163564162874],[76.83477643672657,12.556882597311834],[76.8349511121942,12.556659253581367],[76.83522751251981,12.556580664278535],[76.83549775242098,12.556677472144107],[76.83565649938897,12.556911880548748],[76.83564189186049,12.557192453555286],[76.83545947360395,12.557409843596364],[76.83521184897117,12.557480347659709]]]}"
000000000000000000d4,Mandya,0.7355073748668004,MM-MD-0030,0.7028420013508593,0.49424657098000363,10.0,551.5740271359682,76.20049410213744,ESA_WorldCover_Cropland,0.21945326030254364,6.7,Maddur,24.173760171861204,Ankegowdanadoddi,"{""type"":""Polygon"",""coordinates"":[[[77.11054544366864,12.525500248543729],[77.11027203756531,12.525412562177697],[77.11010521914821,12.52518356070909],[77.11011013590489,12.524902590495682],[77.11028476843497,12.524679240854253],[77.11056115967168,12.524600695689399],[77.1108314043621,12.524697403677674],[77.11099014429887,12.524931844294404],[77.11097539413663,12.525212424768405],[77.11079303632592,12.52542982744086],[77.11054544366864,12.525500248543729]]]}"
000000000000000000d8,Mandya,0.7355073748671053,MM-MD-0063,0.5231232791313835,0.3648768844150859,10.0,551.5740271359682,76.20049410213744,ESA_WorldCover_Cropland,0.21945326030254364,6.778315756662691,Maddur,24.173760171861204,Ankegowdanadoddi,"{""type"":""Polygon"",""coordinates"":[[[77.12150487943877,12.520649404781254],[77.12123149836513,12.520561650961106],[77.12106469521949,12.520332662191908],[77.12106961152605,12.520051694112828],[77.12124422806934,12.519828335215124],[77.12152059400302,12.519749773003028],[77.12179081395233,12.519846548569491],[77.12194953935598,12.520080891197464],[77.1219348783347,12.520361560178365],[77.12175253721949,12.520578972654969],[77.12150487943877,12.520649404781254]]]}"
000000000000000000e8,Mandya,0.7355073748668172,MM-MD-0207,0.6387800696212398,0.40401807200423895,10.0,551.5740271359682,76.20049410213744,ESA_WorldCover_Cropland,0.21945326030254364,6.8,Maddur,24.173760171861204,Ankegowdanadoddi,"{""type"":""Polygon"",""coordinates"":[[[77.11153361627251,12.529902045238122],[77.1112602124247,12.52981426673655],[77.11109339538376,12.529585339654787],[77.11109822430139,12.529304353242171],[77.11127294318933,12.529081000001755],[77.11154933214588,12.529002368378206],[77.1118195746068,12.529099168856439],[77.11197822543608,12.529333616751213],[77.11196356319337,12.529614213312799],[77.11178120688713,12.529831623510388],[77.11153361627251,12.529902045238122]]]}"
000000000000000000ea,Mandya,0.7355073748669293,MM-MD-0212,0.6887838329263851,0.6171316230331186,10.0,551.5740271359682,76.20049410213744,ESA_WorldCover_Cropland,0.21945326030254364,6.8,Maddur,24.173760171861204,Ankegowdanadoddi,"{""type"":""Polygon"",""coordinates"":[[[77.12419985312698,12.530351216880884],[77.12392639042407,12.530263445252336],[77.12375959103662,12.530034431415745],[77.12376450723241,12.529753522300787],[77.12393920763054,12.529530149565623],[77.12421556733715,12.529451585047351],[77.12448578119766,12.529548289209153],[77.1246445030247,12.529782743033403],[77.1246298423338,12.53006335283721],[77.12444750532731,12.530280782685272],[77.12419985312698,12.530351216880884]]]}"
000000000000000000ed,Mandya,0.7355073748662755,MM-MD-0279,0.7941913025406546,0.5507718050794245,10.0,551.5740271359682,76.20049410213744,ESA_WorldCover_Cropland,0.21945326030254364,6.821686496596881,Maddur,24.173760171861204,Ankegowdanadoddi,"{""type"":""Polygon"",""coordinates"":[[[77.11503706364154,12.529003678263532],[77.11476357999669,12.528915986045414],[77.11459676783596,12.528686975569975],[77.11460168440823,12.528405992455324],[77.11477639818469,12.52818272106834],[77.1150526912595,12.528104079852412],[77.11532292581406,12.52820087564523],[77.11548165979691,12.52843523982493],[77.1154669979832,12.528715923286278],[77.11528464701234,12.528933251752363],[77.11503706364154,12.529003678263532]]]}"
000000000000000000f3,Mandya,0.7355073748671151,MM-MD-0373,0.6405029093931841,0.5283334783871624,10.0,551.5740271359682,76.20049410213744,ESA_WorldCover_Cropland,0.21945326030254364,6.7,Maddur,24.173760171861204,Ankegowdanadoddi,"{""type"":""Polygon"",""coordinates"":[[[77.11009635142585,12.525500273958293],[77.1098228564981,12.525412582917621],[77.10965603745551,12.52518358144316],[77.10966095423062,12.524902611641263],[77.10983567521492,12.524679266921643],[77.11011197968858,12.524600632407452],[77.11038222539237,12.524697426557386],[77.11054096592439,12.524931867156072],[77.11052630350575,12.52521245145307],[77.11034394501135,12.52542985345059],[77.11009635142585,12.525500273958293]]]}"
000000000000000000f4,Mandya,0.7355073748655623,MM-MD-0384,0.7643042710173535,0.6470816724656558,10.0,551.5740271359682,76.20049410213744,ESA_WorldCover_Cropland,0.21945326030254364,6.810552842149024,Maddur,24.173760171861204,Ankegowdanadoddi,"{""type"":""Polygon"",""coordinates"":[[[77.1142285511174,12.525859619139537],[77.11395515342217,12.525771849866079],[77.11378834013513,12.525542847515572],[77.11379316894406,12.52526195453601],[77.11396788390032,12.525038603147166],[77.1142442666371,12.524959966835782],[77.1145145030164,12.525056757914243],[77.11467323807112,12.525291199617444],[77.11465848836251,12.525571784510754],[77.11447613616018,12.52578919321163],[77.1142285511174,12.525859619139537]]]}"
000000000000000000f6,Mandya,0.7355073748659317,MM-MD-0392,0.7400742934330832,0.532556455238255,10.0,551.5740271359682,76.20049410213744,ESA_WorldCover_Cropland,0.21945326030254364,6.79726724854531,Maddur,24.173760171861204,Ankegowdanadoddi,"{""type"":""Polygon"",""coordinates"":[[[77.12455917251114,12.529722348517137],[77.12428571062992,12.52963466403554],[77.12411891174364,12.529405651830196],[77.12412382792468,12.52912465819508],[77.12429852779786,12.528901371604702],[77.12457488667407,12.528822720678777],[77.12484509972263,12.52891950920033],[77.12500382107272,12.52915387563018],[77.12498916042587,12.529434569990793],[77.1248068239673,12.529651913747754],[77.12455917251114,12.529722348517137]]]}"
000000000000000000f7,Mandya,0.735507374867051,MM-MD-0398,0.5529041978387362,0.5922041278990958,10.0,551.5740271359682,76.20049410213744,ESA_WorldCover_Cropland,0.21945326030254364,6.832818994181215,Maddur,24.173760171861204,Ankegowdanadoddi,"{""type"":""Polygon"",""coordinates"":[[[77.12294227067524,12.526937626789307],[77.12266880509675,12.526849859640595],[77.12250200395536,12.526620854616962],[77.12250683241272,12.52633986519587],[77.12268153464798,12.526116585046953],[77.12295789726083,12.526037936032713],[77.12322811396307,12.526134721186732],[77.12338683745935,12.526369166051738],[77.12337217661425,12.526649766209147],[77.12318983769019,12.526867189482196],[77.12294227067524,12.526937626789307]]]}"
000000000000000000f8,Mandya,0.7355073748671735,MM-MD-0409,0.6757779624915573,0.626922324620018,10.0,551.5740271359682,76.20049410213744,ESA_WorldCover_Cropland,0.21945326030254364,6.8,Maddur,24.173760171861204,Ankegowdanadoddi,"{""type"":""Polygon"",""coordinates"":[[[77.12428966112704,12.530890160260444],[77.12401628641852,12.530802477841748],[77.1238493993673,12.53057345836206],[77.1238543155594,12.530292462045756],[77.12402901582634,12.530069174163659],[77.12430537532539,12.529990523837858],[77.12457558898298,12.530087314618509],[77.12473431069081,12.530321684084425],[77.12471965001092,12.530602381075495],[77.12453731314137,12.530819726029357],[77.12428966112704,12.530890160260444]]]}"
000000000000000000f9,Mandya,0.7355073748670751,MM-MD-0434,0.5502233998337495,0.5028386671115511,10.0,551.5740271359682,76.20049410213744,ESA_WorldCover_Cropland,0.21945326030254364,6.338897547797184,Maddur,24.173760171861204,Ankegowdanadoddi,"{""type"":""Polygon"",""coordinates"":[[[77.11602519918046,12.530979990003605],[77.11575171779296,12.530892295436306],[77.1155849070091,12.530663279861557],[77.11558982354079,12.53038229088679],[77.11576453587516,12.530159015166456],[77.11604091446432,12.53008037708364],[77.11631114678806,12.530177175409769],[77.11646987946055,12.530411544785471],[77.1164551299733,12.530692144062666],[77.11627278050766,12.53090956248981],[77.11602519918046,12.530979990003605]]]}"
000000000000000000fe,Mandya,0.7355073748659348,MM-MD-0465,0.6543924359706996,0.5572130108521395,10.0,551.5740271359682,76.20049410213744,ESA_WorldCover_Cropland,0.21945326030254364,6.8,Maddur,24.173760171861204,Ankegowdanadoddi,"{""type"":""Polygon"",""coordinates"":[[[77.11368956900036,12.525320657603903],[77.11341617007446,12.525232888719506],[77.11324935603655,12.525003887756785],[77.11325418486723,12.524722910861275],[77.11342890060992,12.52449964681709],[77.1137052845908,12.52442101120974],[77.11397552218655,12.52451780183776],[77.11413425795584,12.524752156350676],[77.11411950818085,12.525032825155504],[77.11393715515764,12.525250232306572],[77.11368956900036,12.525320657603903]]]}"
00000000000000000100,Mandya,0.7355073748660662,MM-MD-0481,0.6543744804655027,0.5878306763750522,10.0,551.5740271359682,76.20049410213744,ESA_WorldCover_Cropland,0.21945326030254364,6.7,Maddur,24.173760171861204,Ankegowdanadoddi,"{""type"":""Polygon"",""coordinates"":[[[77.11162343377804,12.52532066007263],[77.11135003013524,12.525232889253274],[77.1111832132194,12.525003888263663],[77.11118812993183,12.524722917513309],[77.11136276089033,12.524499566529016],[77.11163914963963,12.524421019738437],[77.11190939189788,12.524517726452403],[77.11206813040597,12.524752166643339],[77.11205338037648,12.525032747706256],[77.111871024207,12.52525015175221],[77.11162343377804,12.52532066007263]]]}"
0000000000000000010a,Mandya,0.735507374867179,MM-MD-0577,0.5600992259338144,0.5713941777546193,10.0,551.5740271359682,76.20049410213744,ESA_WorldCover_Cropland,0.21945326030254364,6.800187022702486,Maddur,24.173760171861204,Ankegowdanadoddi,"{""type"":""Polygon"",""coordinates"":[[[77.12285237387347,12.526308733798938],[77.12257890808944,12.526221053373346],[77.1224121068227,12.52599204997539],[77.12241702307388,12.525711066463147],[77.12259172544032,12.525487787359538],[77.12286808826069,12.525409138369751],[77.12313830516582,12.525505922517098],[77.1232970287813,12.525740279972483],[77.1232823679252,12.526020964252986],[77.1231000288642,12.526238300762866],[77.12285237387347,12.526308733798938]]]}"
00000000000000000123,Mandya,0.7355073748667159,MM-MD-0836,0.7771508728179543,0.6474692175616855,10.0,551.5740271359682,76.20049410213744,ESA_WorldCover_Cropland,0.21945326030254364,6.833063175394849,Maddur,24.173760171861204,Ankegowdanadoddi,"{""type"":""Polygon"",""coordinates"":[[[77.11440826981465,12.526578265684265],[77.1141347847335,12.526490491134753],[77.11396797169671,12.526261486926877],[77.1139728882948,12.52598059623316],[77.11414751519254,12.525757239282239],[77.1144238975147,12.525678602829505],[77.11469413348854,12.52577539499023],[77.11485286830512,12.526009838577062],[77.11483820641439,12.526290429672366],[77.11465585448579,12.526507839629753],[77.11440826981465,12.526578265684265]]]}"
00000000000000000129,Mandya,0.7355073748662655,MM-MD-0886,0.6095178719867007,0.5523829728584932,10.0,551.5740271359682,76.20049410213744,ESA_WorldCover_Cropland,0.21945326030254364,6.7,Maddur,24.173760171861204,Ankegowdanadoddi,"{""type"":""Polygon"",""coordinates"":[[[77.10982680747261,12.525769796412199],[77.10955339972915,12.525682023165274],[77.10938658031134,12.525453020989964],[77.1093914970975,12.525172136519409],[77.10956613067518,12.524948787555996],[77.10984252356994,12.524870157740837],[77.1101127698816,12.524966952597813],[77.11027142297158,12.525201303875246],[77.11025676051993,12.525481974341313],[77.11007440161522,12.525699376303637],[77.10982680747261,12.525769796412199]]]}"
0000000000000000012b,Mandya,0.7355073748651102,MM-MD-0894,0.5843464256026606,0.601341974634112,10.0,551.5740271359682,76.20049410213744,ESA_WorldCover_Cropland,0.21945326030254364,6.8,Maddur,24.173760171861204,Ankegowdanadoddi,"{""type"":""Polygon"",""coordinates"":[[[77.1176421944995,12.529363062502538],[77.11736871680652,12.529275286365456],[77.11720190827606,12.529046274995393],[77.11720682474132,12.528765374359152],[77.11738153471555,12.528542012811213],[77.11765782177737,12.528463453569163],[77.11792805045056,12.528560161888986],[77.11808678097869,12.528794612874794],[77.11807211948408,12.529075213955592],[77.11788977248196,12.529292632594462],[77.1176421944995,12.529363062502538]]]}"
00000000000000000132,Mandya,0.7355073748669009,MM-MD-0987,0.7603283458021605,0.6052710068415347,10.0,551.5740271359682,76.20049410213744,ESA_WorldCover_Cropland,0.21945326030254364,6.892435577722354,Maddur,24.173760171861204,Ankegowdanadoddi,"{""type"":""Polygon"",""coordinates"":[[[77.11485734588815,12.527835867458831],[77.11458394962874,12.527748181260895],[77.11441713721773,12.527519173804544],[77.11442205379738,12.527238193782907],[77.11459668004002,12.527014920102891],[77.11487306132533,12.526936283203392],[77.11514329628532,12.527033077137512],[77.11530203050637,12.52726743826239],[77.11528736867066,12.527548032898725],[77.1151050174262,12.527765445257103],[77.11485734588815,12.527835867458831]]]}"
00000000000000000133,Mandya,0.7355073748654367,MM-MD-0989,0.620673801236428,0.4907150678967347,10.0,551.5740271359682,76.20049410213744,ESA_WorldCover_Cropland,0.21945326030254364,6.8,Maddur,24.173760171861204,Ankegowdanadoddi,"{""type"":""Polygon"",""coordinates"":[[[77.11090480404928,12.529452871654165],[77.11063131096732,12.52936517481739],[77.1104645808495,12.529136167379871],[77.11046940979247,12.528855182669504],[77.11064412959763,12.5286318310159],[77.11092043220653,12.52855328175372],[77.1111906760864,12.528649996254094],[77.11134941554704,12.528884447205469],[77.11133475322737,12.529165042053764],[77.11115239596374,12.529382450690013],[77.11090480404928,12.529452871654165]]]}"
000000000000000000d6,Mandya,0.735507374866852,MM-MD-0039,0.5,0.4242742296190319,10.0,551.5740271359682,76.20049410213744,ESA_WorldCover_Cropland,0.21945326030254364,6.6368680833376645,Maddur,24.173760171861204,Ankegowdanadoddi,"{""type"":""Polygon"",""coordinates"":[[[77.11719304107923,12.530710479330887],[77.11691956235995,12.53062278630529],[77.11675275320353,12.530393771443444],[77.11675766968723,12.530112867840948],[77.11693229252289,12.529889500755072],[77.11720866841574,12.529810860897717],[77.11747889810309,12.529907657713737],[77.1176376292269,12.530142026432314],[77.11762296767729,12.530422716181356],[77.11744061999083,12.530640050227285],[77.11719304107923,12.530710479330887]]]}"
000000000000000000ee,Mandya,0.735507374866515,MM-MD-0313,0.55,0.32693835744064204,10.0,551.5740271359682,76.20049410213744,ESA_WorldCover_Cropland,0.21945326030254364,6.3,Maddur,24.173760171861204,Ankegowdanadoddi,"{""type"":""Polygon"",""coordinates"":[[[77.11755229371526,12.51921205010907],[77.11727890361084,12.519124380730656],[77.1171120949552,12.518895309873455],[77.11711701142416,12.518614434778684],[77.11729163373553,12.518391083844636],[77.11756800879864,12.51831244146988],[77.11783823767463,12.518409218080999],[77.11799696832188,12.518643642555288],[77.11798230681627,12.51892421843292],[77.11779995967731,12.519141622997177],[77.11755229371526,12.51921205010907]]]}"
0000000000000000012f,Mandya,0.7355073748651176,MM-MD-0955,0.55,0.5118525474708854,10.0,551.5740271359682,76.20049410213744,ESA_WorldCover_Cropland,0.21945326030254364,6.8,Maddur,24.173760171861204,Ankegowdanadoddi,"{""type"":""Polygon"",""coordinates"":[[[77.12213372376942,12.526129091852662],[77.12186025634234,12.52604141105119],[77.12169345407342,12.525812408108328],[77.12169837035415,12.525531425704543],[77.12187307377023,12.525308062166166],[77.12214943825106,12.525229499972156],[77.1224196567798,12.525326284451305],[77.12257838134897,12.525560641409525],[77.12256372040478,12.525841238792774],[77.12238138024817,12.526058659741189],[77.12213372376942,12.526129091852662]]]}"
000000000000000000d1,Mandya,0.7355073748663403,MM-MD-0018,0.6000000000000001,0.5572664009508742,10.0,551.5740271359682,76.20049410213744,ESA_WorldCover_Cropland,0.21945326030254364,6.617533378357311,Maddur,24.173760171861204,Ankegowdanadoddi,"{""type"":""Polygon"",""coordinates"":[[[77.1176421944995,12.524691840189071],[77.11736871680652,12.52460407179829],[77.11720190827606,12.5243750725149],[77.11720682474132,12.524094097829137],[77.11738153471555,12.523870828817996],[77.11765782177737,12.523792183004943],[77.11792805045056,12.523888969013244],[77.11808678097869,12.524123322041925],[77.11807211948408,12.524403997329923],[77.11788977248196,12.524621409556842],[77.1176421944995,12.524691840189071]]]}"
000000000000000000d5,Mandya,0.7355073748663513,MM-MD-0037,0.6000000000000001,0.602001809851292,10.0,551.5740271359682,76.20049410213744,ESA_WorldCover_Cropland,0.21945326030254364,6.8,Maddur,24.173760171861204,Ankegowdanadoddi,"{""type"":""Polygon"",""coordinates"":[[[77.12222353332098,12.524601951723984],[77.12195015388977,12.524514277786613],[77.1217833517462,12.524285278796583],[77.12178818023257,12.524004295892412],[77.12196288351748,12.523780934436367],[77.12223924779082,12.523702371845225],[77.12250946611664,12.523799153604008],[77.12266819056666,12.524033506579798],[77.12265352963347,12.524314100270805],[77.12247118961379,12.524531519256975],[77.12222353332098,12.524601951723984]]]}"
000000000000000000d7,Mandya,0.7355073748655327,MM-MD-0055,0.6000000000000001,0.46400794159455017,10.0,551.5740271359682,76.20049410213744,ESA_WorldCover_Cropland,0.21945326030254364,6.8,Maddur,24.173760171861204,Ankegowdanadoddi,"{""type"":""Polygon"",""coordinates"":[[[77.1135099370211,12.52397314151356],[77.11323644988813,12.523885370443754],[77.11306963559987,12.523656372966409],[77.11307455223483,12.523375489628412],[77.11324926823961,12.523152142045287],[77.11352556483841,12.523073502218752],[77.11379580283976,12.523170290676697],[77.11395453884732,12.523404727424653],[77.11393987684659,12.52368531121406],[77.11375752354982,12.523902716245146],[77.1135099370211,12.52397314151356]]]}"
000000000000000000d9,Mandya,0.7355073748666915,MM-MD-0084,0.6000000000000001,0.5033587402630975,10.0,551.5740271359682,76.20049410213744,ESA_WorldCover_Cropland,0.21945326030254364,6.8,Maddur,24.173760171861204,Ankegowdanadoddi,"{""type"":""Polygon"",""coordinates"":[[[77.10883870858927,12.527207131774993],[77.10856521079053,12.527119350963508],[77.10839838999682,12.526890345055515],[77.10840330682353,12.526609372124991],[77.10857802964192,12.526386112562816],[77.10885433701607,12.526307480204446],[77.10912458555681,12.526404192669707],[77.1092833277553,12.526638637674623],[77.10926866518274,12.526919224988506],[77.10908630477394,12.52713662743797],[77.10883870858927,12.527207131774993]]]}"
000000000000000000dc,Mandya,0.7355073748669902,MM-MD-0119,0.6000000000000001,0.5874215318941525,10.0,551.5740271359682,76.20049410213744,ESA_WorldCover_Cropland,0.21945326030254364,6.789453449709066,Maddur,24.173760171861204,Ankegowdanadoddi,"{""type"":""Polygon"",""coordinates"":[[[77.10587427524689,12.523973195238177],[77.10560077068251,12.523885417015572],[77.10543394576217,12.523656419440332],[77.10543886271053,12.52337545733885],[77.105613589851,12.523152121116894],[77.10588990406029,12.523073492582816],[77.10616015928655,12.523170287863406],[77.10631890541215,12.52340472430269],[77.10630415467482,12.523685296519828],[77.10612178975451,12.52390269007495],[77.10587427524689,12.523973195238177]]]}"
000000000000000000e1,Mandya,0.7355073748657989,MM-MD-0151,0.6000000000000001,0.555173978641383,10.0,551.5740271359682,76.20049410213744,ESA_WorldCover_Cropland,0.21945326030254364,6.7,Maddur,24.173760171861204,Ankegowdanadoddi,"{""type"":""Polygon"",""coordinates"":[[[77.10704204052286,12.52406297155819],[77.10676862642502,12.523975284293755],[77.10660180313022,12.523746286500653],[77.10660672003065,12.523465323103334],[77.10678135766693,12.523241980758785],[77.10705775698543,12.523163354767334],[77.10732792177691,12.523260144905784],[77.1074866663557,12.523494495868643],[77.10747200356326,12.523775159440694],[77.10728964042003,12.523992554874605],[77.10704204052286,12.52406297155819]]]}"
000000000000000000e2,Mandya,0.7355073748669647,MM-MD-0162,0.6000000000000001,0.5764687602788938,10.0,551.5740271359682,76.20049410213744,ESA_WorldCover_Cropland,0.21945326030254364,6.745456434769053,Maddur,24.173760171861204,Ankegowdanadoddi,"{""type"":""Polygon"",""coordinates"":[[[77.10623356183535,12.524332440226635],[77.1059601458931,12.52424475175804],[77.10579332147296,12.524015753257105],[77.10579823840655,12.52373478992471],[77.1059728772209,12.523511448392027],[77.10624927840396,12.523432823643434],[77.10651944501801,12.523529614970144],[77.10667819066771,12.523764052362575],[77.10666352777636,12.524044630067909],[77.10648116340288,12.524262024656455],[77.10623356183535,12.524332440226635]]]}"
000000000000000000e5,Mandya,0.7355073748666908,MM-MD-0180,0.6000000000000001,0.5992400203607648,10.0,551.5740271359682,76.20049410213744,ESA_WorldCover_Cropland,0.21945326030254364,6.690394306197733,Maddur,24.173760171861204,Ankegowdanadoddi,"{""type"":""Polygon"",""coordinates"":[[[77.11530650807262,12.530620717488752],[77.1150331128389,12.530532941330573],[77.11486630105371,12.530303926675707],[77.11487121761492,12.53002302502556],[77.11504584320244,12.52979966087595],[77.11532222345082,12.529721023794288],[77.11559245739696,12.529817822141782],[77.11575119102244,12.530052190551475],[77.11573652924174,12.530332878270785],[77.11555417868144,12.530550295125108],[77.11530650807262,12.530620717488752]]]}"
000000000000000000e7,Mandya,0.7355073748667915,MM-MD-0194,0.6000000000000001,0.4674208657580533,10.0,551.5740271359682,76.20049410213744,ESA_WorldCover_Cropland,0.21945326030254364,6.8,Maddur,24.173760171861204,Ankegowdanadoddi,"{""type"":""Polygon"",""coordinates"":[[[77.108479342011,12.528105397164397],[77.10820593119259,12.528017704543421],[77.10803910989866,12.527788696305981],[77.1080440267401,12.527507721451702],[77.10821866228179,12.527284371105642],[77.10849505828506,12.527205743689555],[77.108765219836,12.527302539536043],[77.10892396251062,12.527536901110109],[77.10890929989407,12.527817576063573],[77.10872693893829,12.528034979205385],[77.108479342011,12.528105397164397]]]}"
000000000000000000e9,Mandya,0.7355073748668886,MM-MD-0208,0.6000000000000001,0.5418198699013242,10.0,551.5740271359682,76.20049410213744,ESA_WorldCover_Cropland,0.21945326030254364,6.8,Maddur,24.173760171861204,Ankegowdanadoddi,"{""type"":""Polygon"",""coordinates"":[[[77.11342012093044,12.530530863706009],[77.11314663359232,12.53044308167506],[77.11297981917895,12.530214152992581],[77.1129847358176,12.529933167529903],[77.11315936415643,12.529709806316838],[77.11343574875946,12.529631257775875],[77.11370598696351,12.52972797188992],[77.11386472309013,12.529962425755743],[77.11385006107841,12.530243025679765],[77.11366770764485,12.530460439575476],[77.11342012093044,12.530530863706009]]]}"
000000000000000000ec,Mandya,0.7355073748667919,MM-MD-0236,0.6000000000000001,0.6592073867091579,10.0,551.5740271359682,76.20049410213744,ESA_WorldCover_Cropland,0.21945326030254364,6.8,Maddur,24.173760171861204,Ankegowdanadoddi,"{""type"":""Polygon"",""coordinates"":[[[77.10695221958264,12.521817163982682],[77.10667880527988,12.521729480358854],[77.10651198186005,12.52150048837902],[77.10651689876417,12.521219530699236],[77.10669153653134,12.52099619174708],[77.10696784825547,12.520917561245394],[77.10723810105098,12.521014351832257],[77.10739684574872,12.52124869692664],[77.1073821829453,12.521529354853127],[77.1071998196654,12.521746747068708],[77.10695221958264,12.521817163982682]]]}"
000000000000000000f1,Mandya,0.7355073748663147,MM-MD-0340,0.6000000000000001,0.44646491905418406,10.0,551.5740271359682,76.20049410213744,ESA_WorldCover_Cropland,0.21945326030254364,6.7290315876974205,Maddur,24.173760171861204,Ankegowdanadoddi,"{""type"":""Polygon"",""coordinates"":[[[77.108479342011,12.526039315923624],[77.10820593119259,12.52595154096765],[77.10803910989866,12.525722538077407],[77.1080440267401,12.525441568405203],[77.10821866228179,12.525218221055548],[77.10849505828506,12.525139679040734],[77.10876521983599,12.52523638555373],[77.10892396251062,12.52547082749465],[77.10890929989407,12.525751411575298],[77.10872693893829,12.525968811882075],[77.108479342011,12.526039315923624]]]}"
000000000000000000f2,Mandya,0.7355073748670174,MM-MD-0344,0.6000000000000001,0.6502104651882638,10.0,551.5740271359682,76.20049410213744,ESA_WorldCover_Cropland,0.21945326030254364,6.7271962179853455,Maddur,24.173760171861204,Ankegowdanadoddi,"{""type"":""Polygon"",""coordinates"":[[[77.1068623985751,12.524512133791534],[77.10658889626563,12.524424441359143],[77.10642216052257,12.524195446655812],[77.10642698962845,12.523914478041565],[77.10660171532842,12.523691139567338],[77.10687802725965,12.523612509665194],[77.10714828025772,12.523709304995524],[77.10730702507445,12.52394365712399],[77.10729236226003,12.524224321635522],[77.10710999884344,12.524441717415947],[77.1068623985751,12.524512133791534]]]}"
000000000000000000fa,Mandya,0.7355073748666602,MM-MD-0451,0.6000000000000001,0.719636611010774,10.0,551.5740271359682,76.20049410213744,ESA_WorldCover_Cropland,0.21945326030254364,6.7,Maddur,24.173760171861204,Ankegowdanadoddi,"{""type"":""Polygon"",""coordinates"":[[[77.11135398105938,12.524512176799453],[77.11108048900303,12.52442440281571],[77.11091367171178,12.524195403915218],[77.11091858843528,12.52391443544003],[77.11109330758526,12.52369109028253],[77.11136960915803,12.523612539497076],[77.11163985202445,12.523709245054112],[77.11179859088978,12.523943683122795],[77.11178392862509,12.524224266180035],[77.11160157204536,12.524441668711187],[77.11135398105938,12.524512176799453]]]}"
00000000000000000104,Mandya,0.7355073748666583,MM-MD-0528,0.6000000000000001,0.3984457313346446,10.0,551.5740271359682,76.20049410213744,ESA_WorldCover_Cropland,0.21945326030254364,6.799812957863572,Maddur,24.173760171861204,Ankegowdanadoddi,"{""type"":""Polygon"",""coordinates"":[[[77.10856916180653,12.522176525077114],[77.10829575119307,12.522088756613831],[77.1081289300242,12.521859763724153],[77.10813384686196,12.521578803660937],[77.10830848227273,12.521355547539184],[77.10858487806881,12.521276918961568],[77.10885512721735,12.521373622968458],[77.10901378197285,12.52160805057087],[77.10899911936728,12.52188871093726],[77.1088167585482,12.522106106076459],[77.10856916180653,12.522176525077114]]]}"
00000000000000000105,Mandya,0.7355073748661517,MM-MD-0530,0.6000000000000001,0.361358010149947,10.0,551.5740271359682,76.20049410213744,ESA_WorldCover_Cropland,0.21945326030254364,6.781125311720701,Maddur,24.173760171861204,Ankegowdanadoddi,"{""type"":""Polygon"",""coordinates"":[[[77.10820988222041,12.522356191485208],[77.10793638298632,12.522268418133844],[77.10776964911807,12.522039429028055],[77.10777447816965,12.521758464589729],[77.10794920190497,12.521535212995207],[77.10822551072921,12.521456580726932],[77.10849576068831,12.521553285365698],[77.10865450371995,12.521787717675856],[77.10863984107043,12.5220683781426],[77.10845747970453,12.522285772988546],[77.10820988222041,12.522356191485208]]]}"
00000000000000000106,Mandya,0.735507374866717,MM-MD-0547,0.6000000000000001,0.44265862513434107,10.0,551.5740271359682,76.20049410213744,ESA_WorldCover_Cropland,0.21945326030254364,6.900228595178711,Maddur,24.173760171861204,Ankegowdanadoddi,"{""type"":""Polygon"",""coordinates"":[[[77.11710313995763,12.526308781465854],[77.11682974882724,12.52622101413988],[77.11666293954565,12.525992010664963],[77.11666785603305,12.52571111817942],[77.11684247899971,12.52548775761134],[77.11711885509997,12.525409117125374],[77.1173890849901,12.525505906411375],[77.11754781623304,12.52574034940239],[77.11753315467242,12.52602094241262],[77.11735080684912,12.526238356049735],[77.11710313995763,12.526308781465854]]]}"
00000000000000000107,Mandya,0.7355073748659993,MM-MD-0555,0.6000000000000001,0.618063250369529,10.0,551.5740271359682,76.20049410213744,ESA_WorldCover_Cropland,0.21945326030254364,6.7,Maddur,24.173760171861204,Ankegowdanadoddi,"{""type"":""Polygon"",""coordinates"":[[[77.10955735071255,12.526218906745113],[77.10928385455429,12.526131214007563],[77.10911703476117,12.525902210666198],[77.1091219515584,12.525621239555564],[77.10929667332879,12.52539789459578],[77.10957297904558,12.52531934676371],[77.10984322596528,12.525416056877964],[77.11000196721156,12.52565049933156],[77.10998730472694,12.52593108488985],[77.10980494541204,12.526148487063539],[77.10955735071255,12.526218906745113]]]}"
00000000000000000109,Mandya,0.7355073748668407,MM-MD-0566,0.6000000000000001,0.33690727118519953,10.0,551.5740271359682,76.20049410213744,ESA_WorldCover_Cropland,0.21945326030254364,6.7290315876974205,Maddur,24.173760171861204,Ankegowdanadoddi,"{""type"":""Polygon"",""coordinates"":[[[77.10632338331418,12.523254521636263],[77.10604996757685,12.52316674928167],[77.10588314328172,12.52293775357266],[77.10588806021163,12.52265679286263],[77.1060626988951,12.52243345276031],[77.10633909987101,12.522354913449021],[77.10660926628258,12.522451617073221],[77.10676801181332,12.522686051653471],[77.10675334893295,12.522966626777414],[77.10657098469615,12.523184105779219],[77.10632338331418,12.523254521636263]]]}"
0000000000000000010c,Mandya,0.7355073748673296,MM-MD-0605,0.6000000000000001,0.5974790725689085,10.0,551.5740271359682,76.20049410213744,ESA_WorldCover_Cropland,0.21945326030254364,6.3,Maddur,24.173760171861204,Ankegowdanadoddi,"{""type"":""Polygon"",""coordinates"":[[[77.11827097133867,12.523164677168046],[77.11799758287596,12.523076916149241],[77.11783077522199,12.522847920826678],[77.11783560386787,12.522566945146595],[77.11801031292423,12.522343677415293],[77.11828668632768,12.522265034659153],[77.11855691358089,12.522361817464597],[77.11871564327488,12.52259625229228],[77.11870098185734,12.522876838641816],[77.11851854802038,12.523094245466366],[77.11827097133867,12.523164677168046]]]}"
0000000000000000010d,Mandya,0.7355073748651777,MM-MD-0618,0.6000000000000001,0.5451615010361631,10.0,551.5740271359682,76.20049410213744,ESA_WorldCover_Cropland,0.21945326030254364,6.778313503403135,Maddur,24.173760171861204,Ankegowdanadoddi,"{""type"":""Polygon"",""coordinates"":[[[77.10910816696567,12.526937604852314],[77.10883475758217,12.526849828995198],[77.10866793716376,12.526620823788212],[77.1086728539794,12.526339937047696],[77.10884748860458,12.52611658745955],[77.10912388315724,12.526037958910246],[77.10939404329025,12.526134752175293],[77.10955278513171,12.526369110726213],[77.10953812259211,12.526649783393154],[77.10935576259347,12.526867185877936],[77.10910816696567,12.526937604852314]]]}"
0000000000000000010f,Mandya,0.7355073748666744,MM-MD-0628,0.6000000000000001,0.32461810890198955,10.0,551.5740271359682,76.20049410213744,ESA_WorldCover_Cropland,0.21945326030254364,6.7025507818587915,Maddur,24.173760171861204,Ankegowdanadoddi,"{""type"":""Polygon"",""coordinates"":[[[77.10704204052286,12.522895199719466],[77.10676862642502,12.522807428633962],[77.10660180313022,12.522578433864306],[77.10660672003065,12.522297473397211],[77.10678135766693,12.522074132747145],[77.10705775698543,12.52199559231031],[77.10732792177691,12.522092294671147],[77.1074866663557,12.522326728341945],[77.10747200356326,12.522607303265554],[77.10728964042003,12.522824782854153],[77.10704204052286,12.522895199719466]]]}"
00000000000000000110,Mandya,0.7355073748663665,MM-MD-0633,0.6000000000000001,0.563878323665505,10.0,551.5740271359682,76.20049410213744,ESA_WorldCover_Cropland,0.21945326030254364,6.728127597672483,Maddur,24.173760171861204,Ankegowdanadoddi,"{""type"":""Polygon"",""coordinates"":[[[77.1087488889958,12.52657826402029],[77.10847539099204,12.526490569929084],[77.10830857007328,12.526261565647223],[77.10831348690367,12.52598059437606],[77.10848820985304,12.525757250098218],[77.10876451743431,12.525678617763738],[77.10903476617767,12.525775414982663],[77.10919350849517,12.526009772581148],[77.1091788459116,12.526290444014501],[77.10899648536609,12.526507845466153],[77.1087488889958,12.52657826402029]]]}"
00000000000000000111,Mandya,0.7355073748661671,MM-MD-0637,0.6000000000000001,0.6330454251567118,10.0,551.5740271359682,76.20049410213744,ESA_WorldCover_Cropland,0.21945326030254364,6.8,Maddur,24.173760171861204,Ankegowdanadoddi,"{""type"":""Polygon"",""coordinates"":[[[77.1243795568484,12.523973183642385],[77.12410609455644,12.523885422755123],[77.12393929541963,12.52365642542142],[77.12394421160803,12.52337544637039],[77.1241188239547,12.52315216413593],[77.1243951832462,12.523073512485597],[77.12466539670083,12.523170291230546],[77.1248242060779,12.523404732660726],[77.12480945762059,12.523685322612401],[77.12462712088798,12.523902743973279],[77.1243795568484,12.523973183642385]]]}"
00000000000000000112,Mandya,0.7355073748648392,MM-MD-0652,0.6000000000000001,0.4976379381110691,10.0,551.5740271359682,76.20049410213744,ESA_WorldCover_Cropland,0.21945326030254364,6.8,Maddur,24.173760171861204,Ankegowdanadoddi,"{""type"":""Polygon"",""coordinates"":[[[77.11342012093044,12.530171506625397],[77.11314663359232,12.53008381095553],[77.11297981917895,12.529854797437277],[77.1129847358176,12.529573812875565],[77.11315945195342,12.529350542201941],[77.11343574875944,12.529271903579911],[77.11370598696351,12.529368702837616],[77.11386472309013,12.529603070000725],[77.11385006107841,12.529883669036177],[77.11366770764485,12.530101082438955],[77.11342012093044,12.530171506625397]]]}"
00000000000000000114,Mandya,0.7355073748671279,MM-MD-0673,0.6000000000000001,0.6636346404863596,10.0,551.5740271359682,76.20049410213744,ESA_WorldCover_Cropland,0.21945326030254364,6.3,Maddur,24.173760171861204,Ankegowdanadoddi,"{""type"":""Polygon"",""coordinates"":[[[77.11836078378985,12.523074859105495],[77.11808739553231,12.522987098319728],[77.11792058800351,12.522758103230823],[77.11792550443927,12.522477131943832],[77.11810012557102,12.52225385995936],[77.11837649876706,12.5221752170549],[77.11864672581747,12.522271999624769],[77.11880545539233,12.522506348460642],[77.11879079398578,12.522787020434762],[77.11860844807873,12.523004431520748],[77.11836078378985,12.523074859105495]]]}"
00000000000000000119,Mandya,0.7355073748656711,MM-MD-0721,0.6000000000000001,0.43121487897983757,10.0,551.5740271359682,76.20049410213744,ESA_WorldCover_Cropland,0.21945326030254364,6.8,Maddur,24.173760171861204,Ankegowdanadoddi,"{""type"":""Polygon"",""coordinates"":[[[77.10946753165784,12.527925759974169],[77.10919403529455,12.52783797855972],[77.10902721537636,12.527608970800209],[77.10903213217726,12.52732808125309],[77.10920685407865,12.52710473395209],[77.1094831600026,12.527026100788083],[77.10975340712491,12.5271228996955],[77.1099121484902,12.527357260840164],[77.1098974859946,12.527637936296534],[77.10971512654295,12.527855340677336],[77.10946753165784,12.527925759974169]]]}"
0000000000000000011a,Mandya,0.7355073748675721,MM-MD-0729,0.6000000000000001,0.7848286418836956,10.0,551.5740271359682,76.20049410213744,ESA_WorldCover_Cropland,0.21945326030254364,6.3,Maddur,24.173760171861204,Ankegowdanadoddi,"{""type"":""Polygon"",""coordinates"":[[[77.11943879132342,12.523074812883094],[77.11916531773613,12.522987134618493],[77.11899851170988,12.522758139543697],[77.11900342810134,12.522477167269592],[77.11917813545273,12.522253812171241],[77.11945450615906,12.52217525343329],[77.11972473077502,12.5222719492791],[77.11988345891989,12.522506383918842],[77.11986870985335,12.522786966915138],[77.11968636558893,12.523004379620398],[77.11943879132342,12.523074812883094]]]}"
0000000000000000011b,Mandya,0.7355073748667754,MM-MD-0730,0.6000000000000001,0.581081683245645,10.0,551.5740271359682,76.20049410213744,ESA_WorldCover_Cropland,0.21945326030254364,6.816443266832922,Maddur,24.173760171861204,Ankegowdanadoddi,"{""type"":""Polygon"",""coordinates"":[[[77.12500838606418,12.524512104932073],[77.12473492521028,12.524424429504368],[77.1245681269506,12.524195430784353],[77.12457295532454,12.523914445557642],[77.1247476545416,12.523691165854343],[77.12502401237981,12.523612513366837],[77.12529422441341,12.523709292481593],[77.12545294516731,12.523943645332709],[77.12543828457554,12.524224327231428],[77.12525594880185,12.524441750277195],[77.12500838606418,12.524512104932073]]]}"
0000000000000000011d,Mandya,0.7355073748656634,MM-MD-0751,0.6000000000000001,0.42690047278578813,10.0,551.5740271359682,76.20049410213744,ESA_WorldCover_Cropland,0.21945326030254364,6.463154613466333,Maddur,24.173760171861204,Ankegowdanadoddi,"{""type"":""Polygon"",""coordinates"":[[[77.11539641054357,12.524512171760856],[77.11512292771961,12.524424401564133],[77.11495611605956,12.52419540271621],[77.11496103261709,12.523914430537962],[77.11513574586913,12.52369116512733],[77.11541203811464,12.523612522604182],[77.11568227185802,12.523709310308687],[77.11584100536442,12.523943662778985],[77.11582634359472,12.524224335470532],[77.11564399317122,12.524441744076418],[77.11539641054357,12.524512171760856]]]}"
0000000000000000011e,Mandya,0.7355073748665195,MM-MD-0767,0.6000000000000001,0.5293761193922463,10.0,551.5740271359682,76.20049410213744,ESA_WorldCover_Cropland,0.21945326030254364,6.965876974231088,Maddur,24.173760171861204,Ankegowdanadoddi,"{""type"":""Polygon"",""coordinates"":[[[77.11800153358074,12.526847742029924],[77.11772805670887,12.526760056164292],[77.11756124867924,12.526531051306511],[77.11756616512974,12.526250070883592],[77.1177407867858,12.526026708197668],[77.11801716081169,12.525948152239312],[77.11828738867351,12.526044941654437],[77.11844611872502,12.526279300324996],[77.11843145727443,12.526559895528843],[77.11824911081983,12.52677731125556],[77.11800153358074,12.526847742029924]]]}"
0000000000000000011f,Mandya,0.7355073748669305,MM-MD-0773,0.6000000000000001,0.3057032730463044,10.0,551.5740271359682,76.20049410213744,ESA_WorldCover_Cropland,0.21945326030254364,6.8,Maddur,24.173760171861204,Ankegowdanadoddi,"{""type"":""Polygon"",""coordinates"":[[[77.11368956900036,12.523703634154696],[77.11341617007446,12.523615953712454],[77.11324935603655,12.523386956934806],[77.11325418486723,12.523105984096324],[77.1134289006099,12.522882636636997],[77.1137052845908,12.5228040007499],[77.11397552218655,12.5229007885811],[77.11413417015957,12.523135220380889],[77.11411950818085,12.523415803675503],[77.11393715515764,12.523633208606457],[77.11368956900036,12.523703634154696]]]}"
00000000000000000120,Mandya,0.7355073748671292,MM-MD-0783,0.6000000000000001,0.5546029676806138,10.0,551.5740271359682,76.20049410213744,ESA_WorldCover_Cropland,0.21945326030254364,6.8,Maddur,24.173760171861204,Ankegowdanadoddi,"{""type"":""Polygon"",""coordinates"":[[[77.1089285281154,12.524062957149695],[77.1086550305217,12.523975267398384],[77.10848829765345,12.523746273883209],[77.10849312667607,12.523465304503334],[77.10866784936347,12.523241963606159],[77.10894415653047,12.52316333057041],[77.10921440486864,12.523260123277426],[77.10937314694812,12.523494560075145],[77.10935848438653,12.523775139696756],[77.10917612411447,12.523992537966103],[77.1089285281154,12.524062957149695]]]}"
00000000000000000124,Mandya,0.7355073748665181,MM-MD-0839,0.6000000000000001,0.5278315895960032,10.0,551.5740271359682,76.20049410213744,ESA_WorldCover_Cropland,0.21945326030254364,6.700935210682178,Maddur,24.173760171861204,Ankegowdanadoddi,"{""type"":""Polygon"",""coordinates"":[[[77.10659284734677,12.523883323432138],[77.10631943222415,12.523795550286485],[77.1061526083041,12.523566552952985],[77.10615752522295,12.523285676176279],[77.10633225131578,12.523062339015093],[77.10660856386826,12.52298370940254],[77.10687881747398,12.523080503885653],[77.10703756264766,12.523314854361331],[77.1070228119988,12.523595512803752],[77.10684044817202,12.523812907315875],[77.10659284734677,12.523883323432138]]]}"
00000000000000000125,Mandya,0.7355073748672593,MM-MD-0841,0.6000000000000001,0.5304208223438667,10.0,551.5740271359682,76.20049410213744,ESA_WorldCover_Cropland,0.21945326030254364,6.7,Maddur,24.173760171861204,Ankegowdanadoddi,"{""type"":""Polygon"",""coordinates"":[[[77.10749123201525,12.524152829860434],[77.1072177311409,12.524065052854391],[77.10705099627273,12.523836059089042],[77.10705582535327,12.52355509080048],[77.10723055013644,12.523331837670089],[77.10750686061778,12.52325320677563],[77.10777711219771,12.523349915163921],[77.10793585618141,12.52358435213798],[77.10792119344394,12.523865016363112],[77.1077388309843,12.524082412595547],[77.10749123201525,12.524152829860434]]]}"
00000000000000000128,Mandya,0.7355073748660087,MM-MD-0880,0.6000000000000001,0.6062509356997922,10.0,551.5740271359682,76.20049410213744,ESA_WorldCover_Cropland,0.21945326030254364,6.884355190688971,Maddur,24.173760171861204,Ankegowdanadoddi,"{""type"":""Polygon"",""coordinates"":[[[77.10973698861993,12.520200217417827],[77.10946358067147,12.520112453326982],[77.1092967611286,12.519883465569263],[77.10930167791845,12.51960250939585],[77.10947631162705,12.519379254404557],[77.10975270472902,12.519300623757458],[77.11002286344402,12.51939740480681],[77.11018160445225,12.51963174579038],[77.11016694198962,12.519912402383024],[77.10998458294816,12.520129796562937],[77.10973698861993,12.520200217417827]]]}"
0000000000000000012a,Mandya,0.7355073748658245,MM-MD-0888,0.6000000000000001,0.3770753111591189,10.0,551.5740271359682,76.20049410213744,ESA_WorldCover_Cropland,0.21945326030254364,6.7972673905138,Maddur,24.173760171861204,Ankegowdanadoddi,"{""type"":""Polygon"",""coordinates"":[[[77.10794033402304,12.525590140236876],[77.10766692197474,12.525502365521252],[77.1075000999304,12.525273363786683],[77.10750501679398,12.524992395735145],[77.10767965312121,12.524769135598449],[77.1079560503678,12.524690508543094],[77.10822630093466,12.524787219015463],[77.1083849565228,12.525021655507295],[77.1083702938403,12.525302323720265],[77.10818793206415,12.525519722600526],[77.10794033402304,12.525590140236876]]]}"
0000000000000000012d,Mandya,0.7355073748657225,MM-MD-0920,0.6000000000000001,0.593043982440553,10.0,551.5740271359682,76.20049410213744,ESA_WorldCover_Cropland,0.21945326030254364,6.700233802670539,Maddur,24.173760171861204,Ankegowdanadoddi,"{""type"":""Polygon"",""coordinates"":[[[77.10722168220133,12.524242679566743],[77.10694826851334,12.52415490641367],[77.1067814454686,12.52392590815786],[77.10678636236165,12.523644944145252],[77.10696099973617,12.523421601272855],[77.10723739864034,12.523343060805141],[77.10750765082797,12.523439769589682],[77.10766630736762,12.523674202533362],[77.10765164459718,12.52395478096354],[77.10746928172735,12.524172176914034],[77.10722168220133,12.524242679566743]]]}"
00000000000000000130,Mandya,0.7355073748668378,MM-MD-0957,0.6000000000000001,0.5808423627006317,10.0,551.5740271359682,76.20049410213744,ESA_WorldCover_Cropland,0.21945326030254364,6.7,Maddur,24.173760171861204,Ankegowdanadoddi,"{""type"":""Polygon"",""coordinates"":[[[77.10713186139574,12.524152825518438],[77.10685844750284,12.524065052430343],[77.10669162433307,12.523836054405992],[77.10669654122981,12.523555090701137],[77.1068711787352,12.523331833850941],[77.10714757784655,12.523253207742208],[77.10741774243553,12.523349912197485],[77.10757648689533,12.523584349156973],[77.10756182411387,12.523865013037543],[77.10737946110734,12.524082408729805],[77.10713186139574,12.524152825518438]]]}"
00000000000000000115,Mandya,0.7355073748659424,MM-MD-0682,0.65,0.5578667503855675,10.0,551.5740271359682,76.20049410213744,ESA_WorldCover_Cropland,0.21945326030254364,6.3,Maddur,24.173760171861204,Ankegowdanadoddi,"{""type"":""Polygon"",""coordinates"":[[[77.11386920071011,12.519301933885798],[77.11359580219437,12.519214175153143],[77.1134289884067,12.518985189773822],[77.11343390502692,12.51870423206938],[77.11360862050738,12.51848089073151],[77.11388491627699,12.518402249568014],[77.11415515346732,12.518499029624074],[77.11431388899848,12.518733454184249],[77.11429922704176,12.519014112513043],[77.11411687429226,12.519231511667812],[77.11386920071011,12.519301933885798]]]}"
00000000000000000127,Mandya,0.7355073748663219,MM-MD-0866,0.65,0.4863245656016141,10.0,551.5740271359682,76.20049410213744,ESA_WorldCover_Cropland,0.21945326030254364,6.3,Maddur,24.173760171861204,Ankegowdanadoddi,"{""type"":""Polygon"",""coordinates"":[[[77.1131505844572,12.519032426977738],[77.11287718430071,12.518944668019605],[77.11271036951199,12.518715683329043],[77.11271528616172,12.518434726959423],[77.11288991489346,12.51821138283127],[77.11316630011838,12.518132832690084],[77.11343645113374,12.518229522915503],[77.11359518761768,12.518463946742404],[77.11358052557294,12.518744603714984],[77.11339817172892,12.51896200141964],[77.1131505844572,12.519032426977738]]]}"
000000000000000000de,Mandya,0.7355073748663948,MM-MD-0133,0.8,0.5425947989370143,10.0,551.5740271359682,76.20049410213744,ESA_WorldCover_Cropland,0.21945326030254364,6.8,Maddur,24.173760171861204,Ankegowdanadoddi,"{""type"":""Polygon"",""coordinates"":[[[77.11225224222842,12.528374931535152],[77.11197884002105,12.52828715623923],[77.11181202398102,12.528058147353885],[77.11181694066762,12.527777254129969],[77.1119915707093,12.527553897780084],[77.11226795800751,12.527475264828254],[77.11253819884688,12.527572062023172],[77.11269693652152,12.527806424451214],[77.1126822743668,12.528087103688186],[77.11249983135745,12.528304422853653],[77.11225224222842,12.528374931535152]]]}"
000000000000000000e0,Mandya,0.7355073748669045,MM-MD-0142,0.8,0.5189497197844677,10.0,551.5740271359682,76.20049410213744,ESA_WorldCover_Cropland,0.21945326030254364,6.8,Maddur,24.173760171861204,Ankegowdanadoddi,"{""type"":""Polygon"",""coordinates"":[[[77.11234214699262,12.528374913585544],[77.11206865719271,12.528287134119923],[77.11190184127776,12.528058125235814],[77.11190675796068,12.527777231929695],[77.11208147566919,12.527553879699948],[77.11235777496232,12.527475242361504],[77.11262801559903,12.527572039476095],[77.11278675315461,12.527806401907654],[77.1127720910109,12.528087081230654],[77.11258973593577,12.528304490548468],[77.11234214699262,12.528374913585544]]]}"
000000000000000000fc,Mandya,0.7355073748659924,MM-MD-0458,0.8,0.5533887413675029,10.0,551.5740271359682,76.20049410213744,ESA_WorldCover_Cropland,0.21945326030254364,6.8,Maddur,24.173760171861204,Ankegowdanadoddi,"{""type"":""Polygon"",""coordinates"":[[[77.11189297368841,12.528285054141806],[77.11161948286278,12.528197360167548],[77.11145266632222,12.527968351509818],[77.1114575830236,12.527687373077313],[77.11163230138735,12.527464021646207],[77.11190860171672,12.527385470719345],[77.11217884336699,12.527482182317348],[77.11233758151793,12.52771663025959],[77.11232291931923,12.52799722316668],[77.11214056356016,12.528214631686097],[77.11189297368841,12.528285054141806]]]}"
000000000000000000fd,Mandya,0.7355073748672822,MM-MD-0462,0.8,0.48586950128153067,10.0,551.5740271359682,76.20049410213744,ESA_WorldCover_Cropland,0.21945326030254364,6.8,Maddur,24.173760171861204,Ankegowdanadoddi,"{""type"":""Polygon"",""coordinates"":[[[77.11198279092444,12.528824056516001],[77.11170930030393,12.528736275968631],[77.11154248388847,12.528507351681148],[77.11154740058613,12.528226371814723],[77.11172211881888,12.528003019468546],[77.11199841894104,12.527924468502583],[77.11226866038864,12.528021180951987],[77.11242739842055,12.528255630304985],[77.11241273623283,12.528536224631177],[77.11223038061051,12.5287536340251],[77.11198279092444,12.528824056516001]]]}"
000000000000000000ff,Mandya,0.735507374865048,MM-MD-0478,0.8,0.6886488623593702,10.0,551.5740271359682,76.20049410213744,ESA_WorldCover_Cropland,0.21945326030254364,6.8,Maddur,24.173760171861204,Ankegowdanadoddi,"{""type"":""Polygon"",""coordinates"":[[[77.11306076809699,12.52738674440711],[77.11278727993817,12.52729905301684],[77.11262046502422,12.527070046698908],[77.11262538167765,12.526789069449395],[77.11280009833776,12.526565717583203],[77.11307639597291,12.526487164773187],[77.11334663498796,12.526583873774154],[77.11350537159095,12.526818319417888],[77.11349070953521,12.527098911222058],[77.11330835555441,12.527316320263969],[77.11306076809699,12.52738674440711]]]}"
00000000000000000103,Mandya,0.7355073748666237,MM-MD-0512,0.8,0.525347627346154,10.0,551.5740271359682,76.20049410213744,ESA_WorldCover_Cropland,0.21945326030254364,6.8,Maddur,24.173760171861204,Ankegowdanadoddi,"{""type"":""Polygon"",""coordinates"":[[[77.11368956900036,12.526847739341239],[77.11341617007446,12.526760053686948],[77.11324935603655,12.526531048772052],[77.11325418486723,12.52625006804542],[77.11342890060992,12.52602671602532],[77.1137052845908,12.52594816644443],[77.11397552218655,12.526044873951381],[77.11413425795584,12.52627931821303],[77.11411950818085,12.526559905033839],[77.11393715515764,12.526777314281025],[77.11368956900036,12.526847739341239]]]}"
00000000000000000113,Mandya,0.735507374866447,MM-MD-0658,0.8,0.5720050137573466,10.0,551.5740271359682,76.20049410213744,ESA_WorldCover_Cropland,0.21945326030254364,6.8,Maddur,24.173760171861204,Ankegowdanadoddi,"{""type"":""Polygon"",""coordinates"":[[[77.11404891994674,12.529003750362106],[77.11377543404481,12.528915971453088],[77.11360862050738,12.528686960964537],[77.11361353712023,12.52840606451899],[77.11378825233858,12.528182708838001],[77.1140645476937,12.528104069083714],[77.11433478447861,12.528200865759919],[77.11449351977161,12.528435229900406],[77.11447885783689,12.528715912414803],[77.11429650536097,12.528933325160626],[77.11404891994674,12.529003750362106]]]}"
000000000000000002f7,Mandya,0.7355073748669091,MM-MD-0515,0.5,0.6730330933351815,10.0,657.7599755525589,78.20382239787247,ESA_WorldCover_Cropland,0.2199033945798874,6.1,Pandavpura,23.39928600502433,Talasasana,"{""type"":""Polygon"",""coordinates"":[[[76.75112950962955,12.490196527053739],[76.75085609291838,12.49010877470016],[76.7506893128347,12.489879718769044],[76.7506942440336,12.489598828519844],[76.75086886118386,12.489375442681196],[76.75114518374178,12.489296866642066],[76.75141542978452,12.48939362256601],[76.7515741077044,12.489628011973533],[76.75155940226743,12.489908674118793],[76.75137712515112,12.490126029054633],[76.75112950962955,12.490196527053739]]]}"
000000000000000002fb,Mandya,0.7355073748669524,MM-MD-0532,0.5,0.5841211579160333,10.0,657.7599755525589,78.20382239787247,ESA_WorldCover_Cropland,0.2199033945798874,6.356630638120964,Pandavpura,23.39928600502433,Talasasana,"{""type"":""Polygon"",""coordinates"":[[[76.75777709462908,12.493610055666606],[76.7575036924178,12.493522389365681],[76.7573368331261,12.493293320076031],[76.75734176406351,12.493012414958427],[76.75751646000616,12.492789104169107],[76.75779276791006,12.492710433274558],[76.75806291156863,12.49280727057924],[76.75822166912491,12.493041673774888],[76.75820696446786,12.49332226531755],[76.75802460896669,12.493539630665293],[76.75777709462908,12.493610055666606]]]}"
0000000000000000031d,Mandya,0.7355073748657005,MM-MD-0898,0.5,0.4726214013758638,10.0,657.7599755525589,78.20382239787247,ESA_WorldCover_Cropland,0.2199033945798874,6.1,Pandavpura,23.39928600502433,Talasasana,"{""type"":""Polygon"",""coordinates"":[[[76.75337529054792,12.490196500640169],[76.753101878734,12.490108750372885],[76.75293510163748,12.48987978005761],[76.75294003274804,12.48959880205848],[76.75311464677078,12.48937549846614],[76.75339096437939,12.489296833454272],[76.75366120558152,12.489393673024226],[76.7538198806591,12.489628062570706],[76.75380517548554,12.489908641292775],[76.75362290163424,12.490126085283324],[76.75337529054792,12.490196500640169]]]}"
000000000000000002cc,Mandya,0.7355073748670423,MM-MD-0146,0.65,0.3370571798763431,10.0,657.7599755525589,78.20382239787247,ESA_WorldCover_Cropland,0.2199033945798874,6.1402702000519565,Pandavpura,23.39928600502433,Talasasana,"{""type"":""Polygon"",""coordinates"":[[[76.75660925357566,12.491184648498976],[76.7563358488162,12.491096899567982],[76.75616907602269,12.490867926643316],[76.75617391895275,12.490586938728702],[76.75634861652357,12.490363633206526],[76.75662492700273,12.490285049213748],[76.75689516123195,12.49038180202468],[76.75705383221522,12.490616194376686],[76.75703912742111,12.49089677873914],[76.75685685827303,12.491114229006435],[76.75660925357566,12.491184648498976]]]}"
000000000000000002e7,Mandya,0.7355073748649381,MM-MD-0389,0.65,0.6870467322459243,10.0,657.7599755525589,78.20382239787247,ESA_WorldCover_Cropland,0.2199033945798874,6.147087555209154,Pandavpura,23.39928600502433,Talasasana,"{""type"":""Polygon"",""coordinates"":[[[76.75517195676,12.489208342650661],[76.75489854886493,12.489120595720664],[76.75473177415878,12.488891627975306],[76.75473661714439,12.488610646400488],[76.7549113167187,12.488387345903474],[76.75518763036683,12.488308763662438],[76.75545777964163,12.488405509893651],[76.75561654049854,12.488639901320159],[76.75560183553578,12.488920479352819],[76.75541947624338,12.489137920352016],[76.75517195676,12.489208342650661]]]}"
0000000000000000030d,Mandya,0.7355073748663866,MM-MD-0725,0.65,0.6945311204847653,10.0,657.7599755525589,78.20382239787247,ESA_WorldCover_Cropland,0.2199033945798874,6.102551312029106,Pandavpura,23.39928600502433,Talasasana,"{""type"":""Polygon"",""coordinates"":[[[76.75499232651933,12.489567644492334],[76.75471891823241,12.489479982423509],[76.75455205523284,12.489250923729088],[76.7545569862798,12.488970031427204],[76.75473168610449,12.488746645047474],[76.7550080001486,12.488668063143415],[76.75527814981061,12.488764810165582],[76.75543682284128,12.488999198153136],[76.75542220591122,12.489279866913165],[76.75523984635744,12.4894972224955],[76.75499232651933,12.489567644492334]]]}"
0000000000000000038d,Mandya,0.7355073748660054,MM-MD-0021,0.6342465041326608,0.6591229182064073,10.0,651.9873730540276,79.76916336691073,ESA_WorldCover_Cropland,0.22037093341350555,6.442147944066119,Shrirangapattana,23.12038379743991,Hosur,"{""type"":""Polygon"",""coordinates"":[[[76.71636471056564,12.377996949551951],[76.71609139437847,12.37790919290634],[76.71592474432072,12.377680184567405],[76.71592958880224,12.377399265332288],[76.71610416617612,12.377175920026977],[76.71638038901409,12.377097279683799],[76.71665044557814,12.377194026003467],[76.71680907931729,12.377428453386132],[76.7167944578927,12.377709061336796],[76.71661221842845,12.377926469768752],[76.71636471056564,12.377996949551951]]]}"
00000000000000000393,Mandya,0.7355073748653247,MM-MD-0060,0.6914951133291751,0.5410008280920955,10.0,651.9873730540276,79.76916336691073,ESA_WorldCover_Cropland,0.22037093341350555,6.4,Shrirangapattana,23.12038379743991,Hosur,"{""type"":""Polygon"",""coordinates"":[[[76.71798169442475,12.381859668214249],[76.7177083817463,12.381771906476699],[76.71754164574754,12.381542969078303],[76.71754657824725,12.381261957255452],[76.71772115338001,12.381038689374945],[76.71799737267192,12.380960047370174],[76.71826742576896,12.381056799129857],[76.71842605747149,12.381291236933777],[76.71841143623465,12.381571856219686],[76.71822919911003,12.381789272482193],[76.71798169442475,12.381859668214249]]]}"
00000000000000000398,Mandya,0.7355073748661946,MM-MD-0086,0.5998856370535955,0.7194667079369821,10.0,651.9873730540276,79.76916336691073,ESA_WorldCover_Cropland,0.22037093341350555,6.3,Shrirangapattana,23.12038379743991,Hosur,"{""type"":""Polygon"",""coordinates"":[[[76.71699352051516,12.38338681559855],[76.7167202937733,12.383299054710182],[76.71655355646651,12.383070113291067],[76.71655840092386,12.382789094144258],[76.71673297742626,12.382565825506807],[76.71700919888534,12.382487185250504],[76.71727934218174,12.382583944937647],[76.71743797512883,12.382818386745392],[76.71742326569685,12.383099004549413],[76.71724102714236,12.38331642143408],[76.71699352051516,12.38338681559855]]]}"
0000000000000000039a,Mandya,0.7355073748665935,MM-MD-0091,0.6263997920457502,0.5547278632729155,10.0,651.9873730540276,79.76916336691073,ESA_WorldCover_Cropland,0.22037093341350555,6.329009617884069,Shrirangapattana,23.12038379743991,Hosur,"{""type"":""Polygon"",""coordinates"":[[[76.7168139237648,12.379434205480438],[76.71654060855231,12.37934644680003],[76.71637387100766,12.379117515834912],[76.71637880355311,12.378836511317212],[76.71655338030442,12.37861324875913],[76.71682951407648,12.378534603668966],[76.71709965775828,12.378631356500344],[76.71725829093167,12.378865787750417],[76.71724358147868,12.379146395414823],[76.71706134266422,12.37936380652904],[76.7168139237648,12.379434205480438]]]}"
000000000000000003a1,Mandya,0.7355073748655112,MM-MD-0161,0.6046756419586244,0.6868380084328396,10.0,651.9873730540276,79.76916336691073,ESA_WorldCover_Cropland,0.22037093341350555,6.5,Shrirangapattana,23.12038379743991,Hosur,"{""type"":""Polygon"",""coordinates"":[[[76.71322061373817,12.379883363756733],[76.7129472907305,12.379795601014235],[76.71278063651418,12.379566673278829],[76.7127854811166,12.379285666656767],[76.71296006284686,12.379062323309153],[76.71323629257788,12.378983773504663],[76.71350635588131,12.379080525918114],[76.71366499357933,12.379314958111552],[76.71365037178987,12.379595567713842],[76.71346803969443,12.37981296963745],[76.71322061373817,12.379883363756733]]]}"
000000000000000003a3,Mandya,0.7355073748671513,MM-MD-0182,0.628021006655574,0.5261849023507059,10.0,651.9873730540276,79.76916336691073,ESA_WorldCover_Cropland,0.22037093341350555,6.410856905158066,Shrirangapattana,23.12038379743991,Hosur,"{""type"":""Polygon"",""coordinates"":[[[76.71627486773359,12.377368089986138],[76.71600163943289,12.377280338682725],[76.71583490117486,12.377051327655089],[76.71583983374138,12.37677041446654],[76.71601441123964,12.37654707022152],[76.7162905461932,12.376468511074847],[76.71656060294985,12.376565256357345],[76.71671923680216,12.376799596519378],[76.71670461536716,12.377080288331921],[76.71652237577291,12.377297695752382],[76.71627486773359,12.377368089986138]]]}"
000000000000000003a5,Mandya,0.7355073748669955,MM-MD-0200,0.6055442919525897,0.6877832647718002,10.0,651.9873730540276,79.76916336691073,ESA_WorldCover_Cropland,0.22037093341350555,6.5,Shrirangapattana,23.12038379743991,Hosur,"{""type"":""Polygon"",""coordinates"":[[[76.71340030369417,12.379883353582395],[76.71312698107623,12.379795676542363],[76.71296032709753,12.379566663266269],[76.71296517169306,12.37928565647426],[76.71313975317439,12.379062398393147],[76.7134159825115,12.378983762786179],[76.71368604542985,12.379080515042634],[76.71384468290167,12.379314947248812],[76.7138299730501,12.379595552673084],[76.7136477292976,12.379812959225266],[76.71340030369417,12.379883353582395]]]}"
000000000000000003a6,Mandya,0.735507374867469,MM-MD-0232,0.515756095025212,0.6046493693587465,10.0,651.9873730540276,79.76916336691073,ESA_WorldCover_Cropland,0.22037093341350555,6.2,Shrirangapattana,23.12038379743991,Hosur,"{""type"":""Polygon"",""coordinates"":[[[76.71402912843953,12.384554635526834],[76.71375580718554,12.384466865573675],[76.71358906595533,12.38423792111748],[76.7135939986098,12.383956906146592],[76.71376857921994,12.383733640255315],[76.71404480717864,12.38365500460131],[76.71431486874927,12.383751764595594],[76.7144735054294,12.38398612376731],[76.71445879565125,12.384266827126462],[76.71427655280824,12.384484155588053],[76.71402912843953,12.384554635526834]]]}"
000000000000000003a7,Mandya,0.7355073748668629,MM-MD-0244,0.6363901018922861,0.5649266890768967,10.0,651.9873730540276,79.76916336691073,ESA_WorldCover_Cropland,0.22037093341350555,6.4,Shrirangapattana,23.12038379743991,Hosur,"{""type"":""Polygon"",""coordinates"":[[[76.71762232732549,12.382129146039222],[76.71734910194766,12.38204147340859],[76.71718236547328,12.381812449763293],[76.71718729798704,12.381531523131557],[76.7173618736178,12.381308169855634],[76.71763800561739,12.381229524078053],[76.7179081475651,12.381326280984268],[76.71806677972019,12.38156071948165],[76.71805207036162,12.381841334737445],[76.71786983271701,12.3820587508287],[76.71762232732549,12.382129146039222]]]}"
000000000000000003a9,Mandya,0.7355073748645762,MM-MD-0258,0.5498700353503846,0.5610635216556498,10.0,651.9873730540276,79.76916336691073,ESA_WorldCover_Cropland,0.22037093341350555,6.309638178415468,Shrirangapattana,23.12038379743991,Hosur,"{""type"":""Polygon"",""coordinates"":[[[76.71474779403198,12.384913959498256],[76.71447447433688,12.384826189593252],[76.71430773405768,12.384597244175055],[76.71431266668401,12.384316227605998],[76.71448724629846,12.384092960105182],[76.71476338459935,12.384014319100174],[76.71503353271189,12.384111083460251],[76.71519216848715,12.384345529182417],[76.7151774587929,12.384626148615686],[76.71499521698942,12.384843478668467],[76.71474779403198,12.384913959498256]]]}"
000000000000000003aa,Mandya,0.7355073748663408,MM-MD-0270,0.5969016427531717,0.7031210941413419,10.0,651.9873730540276,79.76916336691073,ESA_WorldCover_Cropland,0.22037093341350555,6.3,Shrirangapattana,23.12038379743991,Hosur,"{""type"":""Polygon"",""coordinates"":[[[76.71645455333363,12.383476670788012],[76.71618123734139,12.383388904896336],[76.71601458740248,12.383159882063614],[76.71601943188057,12.382878948737813],[76.71619400912994,12.382655595238846],[76.7164702317709,12.382577041336763],[76.71674028814232,12.38267379729916],[76.71689892176832,12.382908153767394],[76.71688430035418,12.383188775620635],[76.7167020610199,12.38340619181112],[76.71645455333363,12.383476670788012]]]}"
000000000000000003ac,Mandya,0.7355073748663196,MM-MD-0284,0.6421739356448509,0.5277110600156038,10.0,651.9873730540276,79.76916336691073,ESA_WorldCover_Cropland,0.22037093341350555,6.397281280864995,Shrirangapattana,23.12038379743991,Hosur,"{""type"":""Polygon"",""coordinates"":[[[76.71627486773359,12.379344429472031],[76.71600163943289,12.379256674804358],[76.71583490117486,12.379027658548159],[76.71583974565985,12.378746735953152],[76.71601441123964,12.378523393155158],[76.7162905461932,12.378444748844307],[76.71656060294985,12.378541497633186],[76.71671932488307,12.37877593295935],[76.71670461536716,12.379056539864827],[76.71652237577291,12.379273950035149],[76.71627486773359,12.379344429472031]]]}"
000000000000000003ad,Mandya,0.7355073748666999,MM-MD-0288,0.5361379704720316,0.660587356985157,10.0,651.9873730540276,79.76916336691073,ESA_WorldCover_Cropland,0.22037093341350555,6.3,Shrirangapattana,23.12038379743991,Hosur,"{""type"":""Polygon"",""coordinates"":[[[76.71097482001097,12.387788514198482],[76.7107014921331,12.387700821479111],[76.71053483494734,12.387471787342987],[76.71053967963608,12.387190848183634],[76.71071426447703,12.386967496599148],[76.71099049913005,12.386888951615369],[76.71126056724574,12.386985720016066],[76.71141920777063,12.387220087594772],[76.71140458572062,12.38750071490004],[76.71122233846089,12.387718128754507],[76.71097482001097,12.387788514198482]]]}"
000000000000000003af,Mandya,0.7355073748656353,MM-MD-0308,0.6015935322865767,0.581697464185171,10.0,651.9873730540276,79.76916336691073,ESA_WorldCover_Cropland,0.22037093341350555,6.4079858583757865,Shrirangapattana,23.12038379743991,Hosur,"{""type"":""Polygon"",""coordinates"":[[[76.71645455333363,12.37646977439475],[76.71618123734139,12.376382020431869],[76.71601458740248,12.376153016131463],[76.71601943188057,12.375872100716238],[76.71619400912994,12.375648757522738],[76.7164702317709,12.375570116759272],[76.71674028814232,12.375666945826055],[76.71689892176832,12.37590128360398],[76.71688430035418,12.376181973327778],[76.71670197293898,12.376399375417646],[76.71645455333363,12.37646977439475]]]}"
000000000000000003b1,Mandya,0.7355073748655758,MM-MD-0327,0.611987939280516,0.6582181610745709,10.0,651.9873730540276,79.76916336691073,ESA_WorldCover_Cropland,0.22037093341350555,6.63487211478478,Shrirangapattana,23.12038379743991,Hosur,"{""type"":""Polygon"",""coordinates"":[[[76.71672408125313,12.37808673589097],[76.71645076584569,12.377998979422218],[76.71628402818213,12.37777005202226],[76.71628896073109,12.377489051034933],[76.71646353760691,12.377265705056669],[76.71673975965685,12.37718714973593],[76.71700981545042,12.377283895901156],[76.71716844873696,12.377518323549179],[76.71715373927348,12.377798927727696],[76.71697150032904,12.378016336830553],[76.71672408125313,12.37808673589097]]]}"
000000000000000003b3,Mandya,0.7355073748648934,MM-MD-0349,0.5444557080474111,0.7337403896531586,10.0,651.9873730540276,79.76916336691073,ESA_WorldCover_Cropland,0.22037093341350555,6.4,Shrirangapattana,23.12038379743991,Hosur,"{""type"":""Polygon"",""coordinates"":[[[76.71178334911978,12.37988336755219],[76.71151002299511,12.379795603490795],[76.71134327879363,12.379566671424355],[76.71134821153599,12.379285670518255],[76.71152279525714,12.379062329334259],[76.71179902813827,12.378983781653456],[76.71206909452164,12.379080535322524],[76.71222773402889,12.379314967413755],[76.71221302398858,12.379595571240362],[76.71203077789777,12.379812975335394],[76.71178334911978,12.37988336755219]]]}"
000000000000000003b4,Mandya,0.7355073748664291,MM-MD-0355,0.5729505640172582,0.7211326313180497,10.0,651.9873730540276,79.76916336691073,ESA_WorldCover_Cropland,0.22037093341350555,6.3425222227998175,Shrirangapattana,23.12038379743991,Hosur,"{""type"":""Polygon"",""coordinates"":[[[76.71852065507127,12.383925794269224],[76.71824734356248,12.383838029509839],[76.71808069635723,12.383609090995458],[76.71808554075585,12.38332815456875],[76.71826011514153,12.383104797299428],[76.71853633325134,12.383026154887677],[76.71880647327208,12.383122914195669],[76.71896510429558,12.383357357548919],[76.71895039504196,12.383637978219458],[76.7187681586973,12.383855398174017],[76.71852065507127,12.383925794269224]]]}"
000000000000000003b6,Mandya,0.7355073748677926,MM-MD-0365,0.6364056976502391,0.5996592544804638,10.0,651.9873730540276,79.76916336691073,ESA_WorldCover_Cropland,0.22037093341350555,6.4,Shrirangapattana,23.12038379743991,Hosur,"{""type"":""Polygon"",""coordinates"":[[[76.715017237521,12.379434253710896],[76.71474400649272,12.379346497736773],[76.7145772665702,12.379117481264883],[76.71458211110355,12.378836559629296],[76.71475669034467,12.378613214237804],[76.71503291613713,12.378534576156602],[76.71530297558982,12.378631326203504],[76.71546161102582,12.37886575732596],[76.71544698944483,12.379146367570105],[76.71526474803122,12.379363775954538],[76.715017237521,12.379434253710896]]]}"
000000000000000003b8,Mandya,0.7355073748670992,MM-MD-0385,0.5329226450405491,0.6048369293993913,10.0,651.9873730540276,79.76916336691073,ESA_WorldCover_Cropland,0.22037093341350555,6.210542732376789,Shrirangapattana,23.12038379743991,Hosur,"{""type"":""Polygon"",""coordinates"":[[[76.71420872915994,12.384285081930912],[76.71393549637837,12.384197402499648],[76.71376875538594,12.38396837321175],[76.71377368803336,12.38368744430041],[76.71394826839456,12.383464092993815],[76.71422440787667,12.38338553820734],[76.71449455714485,12.383482301923156],[76.71465319359874,12.383716660389016],[76.71463848384157,12.383997277705348],[76.71445624125846,12.384214691606891],[76.71420872915994,12.384285081930912]]]}"
000000000000000003b9,Mandya,0.7355073748661453,MM-MD-0394,0.5116006446246621,0.6737254072552429,10.0,651.9873730540276,79.76916336691073,ESA_WorldCover_Cropland,0.22037093341350555,6.346563734664168,Shrirangapattana,23.12038379743991,Hosur,"{""type"":""Polygon"",""coordinates"":[[[76.7146579500468,12.38689025804469],[76.7143846301568,12.38680248469342],[76.71421788975871,12.386573534053069],[76.71422282238856,12.386292512519695],[76.71439740212749,12.386069242251763],[76.71467362870766,12.385990606109834],[76.71494368893046,12.386087369697131],[76.71510232481886,12.386321820683548],[76.71508761511413,12.386602445006622],[76.71490537318067,12.386819777667892],[76.7146579500468,12.38689025804469]]]}"
000000000000000003bc,Mandya,0.735507374865906,MM-MD-0446,0.6851172220200662,0.5140476586504431,10.0,651.9873730540276,79.76916336691073,ESA_WorldCover_Cropland,0.22037093341350555,6.4,Shrirangapattana,23.12038379743991,Hosur,"{""type"":""Polygon"",""coordinates"":[[[76.7178020110033,12.381500325886694],[76.71752869793492,12.381412650135937],[76.71736204977876,12.381183632505275],[76.71736689420501,12.380902702955854],[76.71754146958685,12.380679350334255],[76.71781768927283,12.380600708527291],[76.71808774275517,12.380697459806594],[76.71824646276389,12.380931900993424],[76.71823175342631,12.381212514841895],[76.7180495160417,12.381429930331603],[76.7178020110033,12.381500325886694]]]}"
000000000000000003bf,Mandya,0.735507374866525,MM-MD-0469,0.5234210115922442,0.5572605796167485,10.0,651.9873730540276,79.76916336691073,ESA_WorldCover_Cropland,0.22037093341350555,6.205104746062269,Shrirangapattana,23.12038379743991,Hosur,"{""type"":""Polygon"",""coordinates"":[[[76.715017237521,12.387519072265905],[76.7147439184104,12.387431298174372],[76.7145772665702,12.387202350223834],[76.71458211110355,12.386921407930005],[76.71475669034466,12.386698050654397],[76.71503291613713,12.386619414100245],[76.71530297558982,12.386716178488628],[76.7154616991076,12.386950635534486],[76.71544698944483,12.38723126179646],[76.71526474803122,12.387448595877087],[76.715017237521,12.387519072265905]]]}"
000000000000000003c1,Mandya,0.7355073748657388,MM-MD-0537,0.61084481414089,0.5444637888445616,10.0,651.9873730540276,79.76916336691073,ESA_WorldCover_Cropland,0.22037093341350555,6.4,Shrirangapattana,23.12038379743991,Hosur,"{""type"":""Polygon"",""coordinates"":[[[76.71582574069363,12.379793540677971],[76.71555242333707,12.379705780479004],[76.71538577256634,12.37947685293538],[76.71539061706859,12.379195844079014],[76.71556519518937,12.378972496942152],[76.71584141920916,12.378893943271542],[76.71611147692867,12.378990693249731],[76.71627011134657,12.379225125388503],[76.71625548985944,12.379505737337125],[76.71607316153404,12.379723143095289],[76.71582574069363,12.379793540677971]]]}"
000000000000000003c2,Mandya,0.7355073748662099,MM-MD-0541,0.5219822208359327,0.6423349803501524,10.0,651.9873730540276,79.76916336691073,ESA_WorldCover_Cropland,0.22037093341350555,6.3399667290496975,Shrirangapattana,23.12038379743991,Hosur,"{""type"":""Polygon"",""coordinates"":[[[76.71483754987084,12.38698006731413],[76.71456431845289,12.386892298332528],[76.71439757829259,12.386663347451794],[76.7144025109154,12.386382411062026],[76.71457709040537,12.386159054848664],[76.71485322850934,12.386080414100851],[76.71512337642923,12.386177182047561],[76.71528201209138,12.386411633286171],[76.71526730240763,12.386692258012998],[76.71508506073408,12.386909676615723],[76.71483754987084,12.38698006731413]]]}"
000000000000000003c5,Mandya,0.7355073748661323,MM-MD-0567,0.5170600467897063,0.6897208430347668,10.0,651.9873730540276,79.76916336691073,ESA_WorldCover_Cropland,0.22037093341350555,6.394572394073302,Shrirangapattana,23.12038379743991,Hosur,"{""type"":""Polygon"",""coordinates"":[[[76.7120527989474,12.383925832371325],[76.71177947340703,12.383838061674279],[76.71161281764651,12.383609037731517],[76.71161766229382,12.383328107420136],[76.71179224564176,12.383104759887676],[76.71206847793238,12.383026212575997],[76.71233854373835,12.383122973182118],[76.71249718290645,12.383357330537583],[76.71248256098148,12.383637949175537],[76.71230031528044,12.383855359300936],[76.7120527989474,12.383925832371325]]]}"
000000000000000003c7,Mandya,0.735507374867305,MM-MD-0610,0.5735391973383238,0.5146594706665434,10.0,651.9873730540276,79.76916336691073,ESA_WorldCover_Cropland,0.22037093341350555,6.3,Shrirangapattana,23.12038379743991,Hosur,"{""type"":""Polygon"",""coordinates"":[[[76.715017237521,12.383835946391539],[76.7147439184104,12.383748264109965],[76.7145772665702,12.383519240352316],[76.71458211110355,12.383238307467218],[76.71475669034466,12.383014955603707],[76.71503291613713,12.382936318353291],[76.71530297558982,12.383033076209129],[76.71546161102582,12.383267519075032],[76.71544698944483,12.383548140414536],[76.71526474803122,12.383765554920439],[76.715017237521,12.383835946391539]]]}"
000000000000000003cd,Mandya,0.7355073748665062,MM-MD-0691,0.5288443543356207,0.3915981367109039,10.0,651.9873730540276,79.76916336691073,ESA_WorldCover_Cropland,0.22037093341350555,6.358718028696193,Shrirangapattana,23.12038379743991,Hosur,"{""type"":""Polygon"",""coordinates"":[[[76.71456810599756,12.385722427838983],[76.71429478591267,12.385634656392893],[76.71412804539568,12.385405708840707],[76.71413297802904,12.385124775917953],[76.71430755789247,12.384901421958203],[76.71458378466959,12.384822785728234],[76.71485384508497,12.384919547322786],[76.7150124810865,12.385153995188466],[76.7149978594534,12.385434620837943],[76.71481552930786,12.385652032926371],[76.71456810599756,12.385722427838983]]]}"
000000000000000003d0,Mandya,0.7355073748671781,MM-MD-0779,0.6430071747946353,0.6915339953019323,10.0,651.9873730540276,79.76916336691073,ESA_WorldCover_Cropland,0.22037093341350555,6.31107933867111,Shrirangapattana,23.12038379743991,Hosur,"{""type"":""Polygon"",""coordinates"":[[[76.71798169442475,12.38320711096906],[76.7177083817463,12.383119432479512],[76.71754164574754,12.382890405977383],[76.71754657824725,12.382609476251632],[76.71772115338001,12.382386120850068],[76.71799737267192,12.38230756464024],[76.71826742576896,12.382404318790023],[76.71842605747148,12.38263867464723],[76.71841143623465,12.38291929732925],[76.71822919911003,12.383136715465584],[76.71798169442475,12.38320711096906]]]}"
000000000000000003d2,Mandya,0.7355073748666171,MM-MD-0793,0.5055442919525889,0.680121029846949,10.0,651.9873730540276,79.76916336691073,ESA_WorldCover_Cropland,0.22037093341350555,6.378924932418381,Shrirangapattana,23.12038379743991,Hosur,"{""type"":""Polygon"",""coordinates"":[[[76.71214264478996,12.384105464169624],[76.71186931944445,12.384017693249236],[76.71170266380271,12.383788754370181],[76.71170750844657,12.383507737974599],[76.71188209167006,12.383284475582794],[76.71215832376377,12.383205842632522],[76.71242838937724,12.383302603478798],[76.71258702843222,12.383537046859958],[76.7125724065177,12.383817666039546],[76.71239007286262,12.384034986653178],[76.71214264478996,12.384105464169624]]]}"
000000000000000003d3,Mandya,0.7355073748665312,MM-MD-0801,0.5469016427531712,0.7528834331034432,10.0,651.9873730540276,79.76916336691073,ESA_WorldCover_Cropland,0.22037093341350555,6.4,Shrirangapattana,23.12038379743991,Hosur,"{""type"":""Polygon"",""coordinates"":[[[76.71160365685836,12.383476681775415],[76.71133033034404,12.383388911430746],[76.71116367398966,12.383159888683636],[76.71116851865422,12.382878959944641],[76.71134310262427,12.382655613748534],[76.71161933589921,12.382576981476044],[76.71188940266758,12.382673741677687],[76.712048042401,12.382908183343078],[76.71203342042394,12.38318880040549],[76.7118510859891,12.38340620486643],[76.71160365685836,12.383476681775415]]]}"
000000000000000003d5,Mandya,0.7355073748667993,MM-MD-0834,0.6164595788926444,0.4705846445881925,10.0,651.9873730540276,79.76916336691073,ESA_WorldCover_Cropland,0.22037093341350555,6.3,Shrirangapattana,23.12038379743991,Hosur,"{""type"":""Polygon"",""coordinates"":[[[76.71726304728136,12.379344352320809],[76.71698973304343,12.379256679743708],[76.71682308417417,12.379027667824483],[76.71682792862114,12.378746744295242],[76.71700250475,12.37852339565566],[76.71727872561799,12.378444754238906],[76.71754878025598,12.378541502164525],[76.7177074128637,12.378775933206704],[76.71769279154343,12.37905654544207],[76.71751046529856,12.379273952759794],[76.71726304728136,12.379344352320809]]]}"
000000000000000003d7,Mandya,0.7355073748658629,MM-MD-0860,0.6035870243293829,0.585442335658935,10.0,651.9873730540276,79.76916336691073,ESA_WorldCover_Cropland,0.22037093341350555,6.634892909128718,Shrirangapattana,23.12038379743991,Hosur,"{""type"":""Polygon"",""coordinates"":[[[76.71672408125313,12.377547767181321],[76.71645076584569,12.37746001163022],[76.71628402818213,12.377231000119348],[76.71628896073109,12.376950086046692],[76.71646353760691,12.376726740861384],[76.71673975965685,12.376648099902637],[76.71700981545042,12.376744930647686],[76.71716844873696,12.376979271320888],[76.71715373927348,12.377259959676936],[76.71697150032904,12.37747736802977],[76.71672408125313,12.377547767181321]]]}"
000000000000000003db,Mandya,0.7355073748651968,MM-MD-0896,0.5262203046213028,0.6082260061188178,10.0,651.9873730540276,79.76916336691073,ESA_WorldCover_Cropland,0.22037093341350555,6.319592452045535,Shrirangapattana,23.12038379743991,Hosur,"{""type"":""Polygon"",""coordinates"":[[[76.71492739372795,12.387069884601225],[76.71465416250484,12.386982201092863],[76.71448742246343,12.386753164429642],[76.71449226700024,12.386472223368031],[76.7146669344482,12.386248871244929],[76.71494307235527,12.386170315924337],[76.71521322008252,12.386267083951939],[76.71537185563153,12.386501449893201],[76.71535714595827,12.386782074935025],[76.7151749044147,12.386999493799104],[76.71492739372795,12.387069884601225]]]}"
000000000000000003dd,Mandya,0.7355073748654487,MM-MD-0912,0.5105785725424964,0.6050211515164001,10.0,651.9873730540276,79.76916336691073,ESA_WorldCover_Cropland,0.22037093341350555,6.275406768207098,Shrirangapattana,23.12038379743991,Hosur,"{""type"":""Polygon"",""coordinates"":[[[76.71474779403198,12.387249538014043],[76.71447447433688,12.387161849677494],[76.71430773405768,12.386932812542401],[76.71431266668401,12.386651875549454],[76.71448724629846,12.386428519075478],[76.71476338459935,12.386349964054492],[76.71503353271189,12.386446732557927],[76.71519216848715,12.386681098965465],[76.7151774587929,12.386961724282259],[76.71499521698941,12.387179143122856],[76.71474779403198,12.387249538014043]]]}"
000000000000000003de,Mandya,0.7355073748662577,MM-MD-0914,0.5969042420461641,0.5498703957292486,10.0,651.9873730540276,79.76916336691073,ESA_WorldCover_Cropland,0.22037093341350555,6.3,Shrirangapattana,23.12038379743991,Hosur,"{""type"":""Polygon"",""coordinates"":[[[76.71510708124997,12.383476669036046],[76.71483376233428,12.383388901907423],[76.71466711061294,12.383159879098386],[76.71467195514282,12.382878947046551],[76.71484653425944,12.38265559557601],[76.71512275985494,12.382577043665206],[76.71539281911501,12.382673800805224],[76.71555145443789,12.382908157178477],[76.71553683286734,12.383188777701081],[76.71535459158369,12.383406191843905],[76.71510708124997,12.383476669036046]]]}"
000000000000000003e1,Mandya,0.7355073748662911,MM-MD-0925,0.625857766687462,0.6224677881598334,10.0,651.9873730540276,79.76916336691073,ESA_WorldCover_Cropland,0.22037093341350555,6.4,Shrirangapattana,23.12038379743991,Hosur,"{""type"":""Polygon"",""coordinates"":[[[76.71762232732549,12.382398684931504],[76.71734910194766,12.382310926301678],[76.71718236547328,12.382081901943785],[76.71718729798704,12.381800974623545],[76.7173618736178,12.381577620951441],[76.71763800561739,12.38149906076473],[76.71790814756511,12.381595818149128],[76.71806677972019,12.381830171825],[76.71805207036162,12.382110787759856],[76.71786983271701,12.382328204225837],[76.71762232732549,12.382398684931504]]]}"
000000000000000003e5,Mandya,0.7355073748670721,MM-MD-0978,0.6074395632960754,0.5394991735041444,10.0,651.9873730540276,79.76916336691073,ESA_WorldCover_Cropland,0.22037093341350555,6.532238107616323,Shrirangapattana,23.12038379743991,Hosur,"{""type"":""Polygon"",""coordinates"":[[[76.71654439603755,12.377188442076813],[76.71627108024023,12.377100686972666],[76.71610443042019,12.376871680769353],[76.71610927489482,12.37659076343155],[76.71628385201967,12.376367419045355],[76.71656007446363,12.376288778284437],[76.71683013064244,12.376385608548537],[76.71698876415527,12.376619948250337],[76.71697414275158,12.376900639875915],[76.71679181546641,12.377118043102303],[76.71654439603755,12.377188442076813]]]}"
0000000000000000038b,Mandya,0.7355073748675963,MM-MD-0006,0.5,0.564351696738407,10.0,651.9873730540276,79.76916336691073,ESA_WorldCover_Cropland,0.22037093341350555,6.3,Shrirangapattana,23.12038379743991,Hosur,"{""type"":""Polygon"",""coordinates"":[[[76.7136697500647,12.3857224690193],[76.71339651611441,12.385634701105921],[76.71322977440879,12.385405668026795],[76.71323461899395,12.385124731596328],[76.71340928818526,12.384901383346566],[76.7136854288485,12.384822829628922],[76.71395557927222,12.384919596366007],[76.71411421640471,12.385153958626255],[76.71409950658462,12.385434579031193],[76.71391726322194,12.385651994111276],[76.7136697500647,12.3857224690193]]]}"
0000000000000000038c,Mandya,0.7355073748659514,MM-MD-0012,0.5,0.7136779511625606,10.0,651.9873730540276,79.76916336691073,ESA_WorldCover_Cropland,0.22037093341350555,6.278311499272206,Shrirangapattana,23.12038379743991,Hosur,"{""type"":""Polygon"",""coordinates"":[[[76.71304092352595,12.385273230506021],[76.71276768821225,12.385185548321742],[76.71260094567462,12.384956516441038],[76.71260587836774,12.384675586110202],[76.7127804603468,12.384452235109679],[76.71305660238801,12.384373682236063],[76.71332675415982,12.384470448726193],[76.71348539208395,12.384704809744537],[76.71347068219045,12.384985428396632],[76.71328843791834,12.38520284189676],[76.71304092352595,12.385273230506021]]]}"
00000000000000000392,Mandya,0.7355073748661292,MM-MD-0052,0.5,0.693747286457764,10.0,651.9873730540276,79.76916336691073,ESA_WorldCover_Cropland,0.22037093341350555,6.4,Shrirangapattana,23.12038379743991,Hosur,"{""type"":""Polygon"",""coordinates"":[[[76.70989683185597,12.37745792936834],[76.70962358972675,12.377370172062982],[76.70945684303005,12.377141160910293],[76.70946177584621,12.376860253525775],[76.7096363621799,12.37663691874884],[76.70991251110911,12.376558283505238],[76.71018258153427,12.37665503451758],[76.71034122341575,12.376889460001118],[76.7103266012407,12.37717006020434],[76.71014435242247,12.377387458058532],[76.70989683185597,12.37745792936834]]]}"
00000000000000000394,Mandya,0.735507374866637,MM-MD-0064,0.5,0.7310732479090133,10.0,651.9873730540276,79.76916336691073,ESA_WorldCover_Cropland,0.22037093341350555,6.208042212518188,Shrirangapattana,23.12038379743991,Hosur,"{""type"":""Polygon"",""coordinates"":[[[76.71286132114115,12.384734244249696],[76.71258799735422,12.384646558459858],[76.71242125457884,12.384417528007475],[76.71242618727901,12.384136599223432],[76.712600769507,12.383913249285486],[76.71287700002553,12.383834700932404],[76.71314706409895,12.383931462266148],[76.71330570224927,12.38416582183464],[76.71329099233479,12.384446438951269],[76.71310874780282,12.384663851429165],[76.71286132114115,12.384734244249696]]]}"
00000000000000000397,Mandya,0.7355073748657084,MM-MD-0082,0.5,0.7396418983963186,10.0,651.9873730540276,79.76916336691073,ESA_WorldCover_Cropland,0.22037093341350555,6.4,Shrirangapattana,23.12038379743991,Hosur,"{""type"":""Polygon"",""coordinates"":[[[76.70917822668922,12.377817218483198],[76.70890489491623,12.37772954108504],[76.70873823535557,12.377500533350903],[76.70874308011334,12.377219535836758],[76.7089176674422,12.376996201613304],[76.70919390603173,12.376917657389766],[76.70946397799622,12.37701440966759],[76.70962262078199,12.37724883605905],[76.70960791043767,12.37752943210223],[76.70942566058051,12.377746829364195],[76.70917822668922,12.377817218483198]]]}"
000000000000000003ab,Mandya,0.7355073748644181,MM-MD-0273,0.5,0.5807813825144604,10.0,651.9873730540276,79.76916336691073,ESA_WorldCover_Cropland,0.22037093341350555,6.227183406113536,Shrirangapattana,23.12038379743991,Hosur,"{""type"":""Polygon"",""coordinates"":[[[76.7136697500647,12.384913925795702],[76.71339651611441,12.384826244799925],[76.7132297744088,12.384597213858468],[76.71323470707732,12.384316283850575],[76.71340928818526,12.384092932431281],[76.7136854288485,12.384014293019348],[76.71395549118937,12.384111053965073],[76.71411421640471,12.384345503967788],[76.71409950658462,12.384626122335973],[76.71391726322194,12.384843536292454],[76.7136697500647,12.384913925795702]]]}"
000000000000000003ae,Mandya,0.735507374866157,MM-MD-0294,0.5,0.6897018733893833,10.0,651.9873730540276,79.76916336691073,ESA_WorldCover_Cropland,0.22037093341350555,6.357483753574214,Shrirangapattana,23.12038379743991,Hosur,"{""type"":""Polygon"",""coordinates"":[[[76.71223249056848,12.384464817728091],[76.71195916541782,12.384377046278416],[76.71179250989488,12.38414802090732],[76.71179735453528,12.383867089048918],[76.71197193763432,12.383643740453811],[76.71224816953112,12.383565192978944],[76.71251823495206,12.383661954384198],[76.71267687389395,12.383896313189645],[76.71266216390607,12.384176929005886],[76.71247991846475,12.38439434015343],[76.71223249056848,12.384464817728091]]]}"
000000000000000003ba,Mandya,0.7355073748662033,MM-MD-0407,0.5,0.6646482741307274,10.0,651.9873730540276,79.76916336691073,ESA_WorldCover_Cropland,0.22037093341350555,6.3,Shrirangapattana,23.12038379743991,Hosur,"{""type"":""Polygon"",""coordinates"":[[[76.71214264478996,12.386261451886815],[76.71186931944445,12.386173677296188],[76.71170266380271,12.385944647176606],[76.71170750844657,12.385663710813414],[76.71188209167006,12.385440445255323],[76.71215832376377,12.385361812713082],[76.71242838937724,12.385458577383961],[76.71258702843222,12.38569294097358],[76.7125724065177,12.38597356558531],[76.71239007286262,12.386190974735085],[76.71214264478996,12.386261451886815]]]}"
000000000000000003bb,Mandya,0.7355073748673628,MM-MD-0436,0.5,0.7282439316239464,10.0,651.9873730540276,79.76916336691073,ESA_WorldCover_Cropland,0.22037093341350555,6.3,Shrirangapattana,23.12038379743991,Hosur,"{""type"":""Polygon"",""coordinates"":[[[76.71151381063157,12.387339396577987],[76.71124048392242,12.38725161957502],[76.71107382744925,12.3870226721595],[76.71107867211728,12.386741733637452],[76.71125325621176,12.386518381900993],[76.71152948968361,12.386439750492652],[76.71179955664448,12.38653651762533],[76.711958196491,12.386770969587172],[76.71194357450351,12.387051596293544],[76.71176132802309,12.387268924800422],[76.71151381063157,12.387339396577987]]]}"
000000000000000003c9,Mandya,0.735507374865905,MM-MD-0631,0.5,0.6946511447503615,10.0,651.9873730540276,79.76916336691073,ESA_WorldCover_Cropland,0.22037093341350555,6.4,Shrirangapattana,23.12038379743991,Hosur,"{""type"":""Polygon"",""coordinates"":[[[76.70980698441268,12.377637556994076],[76.70953374208874,12.377549884835213],[76.7093669952732,12.377320873208584],[76.70937192809288,12.377039879915316],[76.70954651455098,12.376816545009419],[76.70982266367699,12.376737995466646],[76.71009273429462,12.376834746876431],[76.71025137628918,12.37706917283324],[76.71023675410369,12.377349773400896],[76.71005450515558,12.377567171368577],[76.70980698441268,12.377637556994076]]]}"
000000000000000003ca,Mandya,0.7355073748665318,MM-MD-0634,0.5,0.6858429567719517,10.0,651.9873730540276,79.76916336691073,ESA_WorldCover_Cropland,0.22037093341350555,6.4,Shrirangapattana,23.12038379743991,Hosur,"{""type"":""Polygon"",""coordinates"":[[[76.70908837873382,12.378176555073981],[76.70881504676608,12.378088876981607],[76.70864838708664,12.377859868298394],[76.70865323184789,12.377578869950264],[76.70882781930113,12.377355535333564],[76.7091040580875,12.37727699131097],[76.70937413024446,12.377373744305057],[76.70953277314325,12.377608086114371],[76.70951806278848,12.377888768509582],[76.70933581280144,12.37810616613488],[76.70908837873382,12.378176555073981]]]}"
000000000000000003d9,Mandya,0.7355073748659882,MM-MD-0884,0.5,0.6544151519546778,10.0,651.9873730540276,79.76916336691073,ESA_WorldCover_Cropland,0.22037093341350555,6.4,Shrirangapattana,23.12038379743991,Hosur,"{""type"":""Polygon"",""coordinates"":[[[76.70953752978455,12.378266428291392],[76.7092641987905,12.37817866492303],[76.70909753970476,12.37794965599411],[76.70910238444873,12.377668742526128],[76.70927697128006,12.37744540710105],[76.7095532090824,12.377366776897224],[76.70982328027725,12.377463529658373],[76.70998192261087,12.377697957274204],[76.70996721230848,12.377978554804871],[76.70978496297073,12.378195953237666],[76.70953752978455,12.378266428291392]]]}"
000000000000000003e0,Mandya,0.7355073748662929,MM-MD-0916,0.5,0.65089114989507,10.0,651.9873730540276,79.76916336691073,ESA_WorldCover_Cropland,0.22037093341350555,6.3,Shrirangapattana,23.12038379743991,Hosur,"{""type"":""Polygon"",""coordinates"":[[[76.7133104587482,12.385902125961172],[76.7130371359354,12.385814353054478],[76.71287048183788,12.385585323864317],[76.71287532643684,12.385304387314662],[76.71304990804265,12.38508103498451],[76.71332613757671,12.385002486189423],[76.7135962006876,12.385099249202074],[76.71375483827252,12.385333611915987],[76.71374021649348,12.385614236775899],[76.71355788452804,12.385831647201949],[76.7133104587482,12.385902125961172]]]}"
00000000000000000390,Mandya,0.7355073748667026,MM-MD-0034,0.55,0.6012393202476584,10.0,651.9873730540276,79.76916336691073,ESA_WorldCover_Cropland,0.22037093341350555,6.258718028696195,Shrirangapattana,23.12038379743991,Hosur,"{""type"":""Polygon"",""coordinates"":[[[76.71672408125313,12.38778854185769],[76.71645076584569,12.38770085441973],[76.71628402818213,12.387471815826231],[76.71628896073109,12.387190875587622],[76.71646353760691,12.386967515346367],[76.71673975965685,12.386888961863841],[76.71700981545042,12.386985725237919],[76.71716844873696,12.387220093221147],[76.7171538273541,12.387500726204703],[76.71697150032904,12.387718144441067],[76.71672408125313,12.38778854185769]]]}"
00000000000000000391,Mandya,0.7355073748667965,MM-MD-0041,0.55,0.511540895028618,10.0,651.9873730540276,79.76916336691073,ESA_WorldCover_Cropland,0.22037093341350555,6.3876169681846475,Shrirangapattana,23.12038379743991,Hosur,"{""type"":""Polygon"",""coordinates"":[[[76.71564605419664,12.386800387146458],[76.71537273645025,12.386712700399091],[76.71520608544179,12.386483668793323],[76.71521092995097,12.38620272774059],[76.71538550832075,12.385979370574086],[76.71566173273453,12.385900818497403],[76.71593179083924,12.385997581061618],[76.71609051356477,12.38623195069177],[76.71607580397543,12.386512575764742],[76.71589356347147,12.386729995346597],[76.71564605419664,12.386800387146458]]]}"
00000000000000000396,Mandya,0.7355073748668006,MM-MD-0079,0.55,0.7353109352727547,10.0,651.9873730540276,79.76916336691073,ESA_WorldCover_Cropland,0.22037093341350555,6.4,Shrirangapattana,23.12038379743991,Hosur,"{""type"":""Polygon"",""coordinates"":[[[76.71133420607059,12.383027526785725],[76.71106087897199,12.382939756958443],[76.71089413417636,12.382710731046277],[76.71089906693628,12.3824298080674],[76.7110736512795,12.38220646293714],[76.71134979706028,12.382127826620753],[76.71161995249066,12.382224590618211],[76.71177859256322,12.382459031066269],[76.7117638824705,12.382739642373275],[76.71158163573027,12.38295705015762],[76.71133420607059,12.383027526785725]]]}"
000000000000000003b5,Mandya,0.7355073748668243,MM-MD-0363,0.55,0.5757620162497947,10.0,651.9873730540276,79.76916336691073,ESA_WorldCover_Cropland,0.22037093341350555,6.4,Shrirangapattana,23.12038379743991,Hosur,"{""type"":""Polygon"",""coordinates"":[[[76.71600542693434,12.386620729060947],[76.71573210996762,12.386533042949296],[76.71556537135284,12.386304007455154],[76.71557030392992,12.386023070878581],[76.7157448818017,12.385799713434986],[76.71602110542749,12.385721160793027],[76.71629116276179,12.385817922724444],[76.71644979695341,12.38605228754411],[76.71643517548713,12.386332916876173],[76.71625284742183,12.386550332397695],[76.71600542693434,12.386620729060947]]]}"
000000000000000003b7,Mandya,0.7355073748665449,MM-MD-0375,0.55,0.747523318662009,10.0,651.9873730540276,79.76916336691073,ESA_WorldCover_Cropland,0.22037093341350555,6.4,Shrirangapattana,23.12038379743991,Hosur,"{""type"":""Polygon"",""coordinates"":[[[76.71178334911978,12.38203935495064],[76.71151002299511,12.381951587218117],[76.71134327879363,12.381722563911714],[76.71134821153599,12.381441643032778],[76.71152279525714,12.38121829867885],[76.71179902813827,12.38113975140715],[76.71206909452164,12.381236508901786],[76.71222773402889,12.381470861207054],[76.71221302398858,12.381751470467629],[76.71203077789777,12.381968877560748],[76.71178334911978,12.38203935495064]]]}"
000000000000000003bd,Mandya,0.735507374865882,MM-MD-0466,0.55,0.5928239619484176,10.0,651.9873730540276,79.76916336691073,ESA_WorldCover_Cropland,0.22037093341350555,6.299074699797272,Shrirangapattana,23.12038379743991,Hosur,"{""type"":""Polygon"",""coordinates"":[[[76.71708336283466,12.38994453064462],[76.7168100482068,12.389856754323352],[76.7166433990998,12.38962779992941],[76.71664824355369,12.38934684948835],[76.7168228199316,12.389123485539384],[76.71709904119365,12.389044846389266],[76.7173690962169,12.389141613271942],[76.7175278171313,12.389376076930112],[76.71751310770979,12.389656711341301],[76.7173308692853,12.389874051929262],[76.71708336283466,12.38994453064462]]]}"
000000000000000003cc,Mandya,0.735507374865894,MM-MD-0670,0.55,0.7450661622959727,10.0,651.9873730540276,79.76916336691073,ESA_WorldCover_Cropland,0.22037093341350555,6.4,Shrirangapattana,23.12038379743991,Hosur,"{""type"":""Polygon"",""coordinates"":[[[76.71178334911978,12.382847786347767],[76.71151002299511,12.382760102778201],[76.71134327879363,12.382531077333356],[76.71134821153599,12.382250154388556],[76.71152279525714,12.382026808846133],[76.71179902813827,12.381948176189086],[76.71206909452164,12.382044935118076],[76.71222773402889,12.382279375118742],[76.71221302398858,12.382559986416858],[76.71203077789777,12.382777394634077],[76.71178334911978,12.382847786347767]]]}"
000000000000000003cf,Mandya,0.7355073748668999,MM-MD-0736,0.55,0.5188409637525138,10.0,651.9873730540276,79.76916336691073,ESA_WorldCover_Cropland,0.22037093341350555,6.3876169681846475,Shrirangapattana,23.12038379743991,Hosur,"{""type"":""Polygon"",""coordinates"":[[[76.71582574069363,12.386800379135833],[76.71555242333707,12.386712692553527],[76.71538568448447,12.386483656587508],[76.71539061706859,12.386202719722064],[76.71556519518937,12.385979362285044],[76.71584141920916,12.38590080994277],[76.71611147692867,12.385997572349883],[76.71627011134657,12.386231937635838],[76.71625548985944,12.386512567243042],[76.71607316153404,12.386729982740997],[76.71582574069363,12.386800379135833]]]}"
000000000000000003e2,Mandya,0.7355073748658543,MM-MD-0951,0.55,0.6144602329453596,10.0,651.9873730540276,79.76916336691073,ESA_WorldCover_Cropland,0.22037093341350555,6.285007278020384,Shrirangapattana,23.12038379743991,Hosur,"{""type"":""Polygon"",""coordinates"":[[[76.71690367813159,12.387519063214892],[76.71663045119485,12.387431295212767],[76.71646371376912,12.387202342873076],[76.71646855822993,12.386921398795787],[76.71664322293785,12.386698043036791],[76.71691935651295,12.386619399336935],[76.71718950000206,12.386716166432524],[76.7173481330623,12.38695061925417],[76.7173334236198,12.387231247379681],[76.71715118493535,12.387448669871526],[76.71690367813159,12.387519063214892]]]}"
000000000000000003e7,Mandya,0.7355073748661988,MM-MD-0998,0.55,0.7666557996601503,10.0,651.9873730540276,79.76916336691073,ESA_WorldCover_Cropland,0.22037093341350555,6.4,Shrirangapattana,23.12038379743991,Hosur,"{""type"":""Polygon"",""coordinates"":[[[76.71223249056848,12.38203933092682],[76.71195916541782,12.381951563606576],[76.71179250989488,12.381722630188008],[76.71179735453528,12.381441618988596],[76.71197193763432,12.381218359496849],[76.71224816953112,12.381139726023068],[76.71251823495206,12.381236483125207],[76.71267687389395,12.381470921000915],[76.71266216390609,12.38175153070546],[76.71247991846475,12.381968938481263],[76.71223249056848,12.38203933092682]]]}"
0000000000000000038e,Mandya,0.735507374865963,MM-MD-0025,0.6000000000000001,0.5125919053804486,10.0,651.9873730540276,79.76916336691073,ESA_WorldCover_Cropland,0.22037093341350555,6.360914998700291,Shrirangapattana,23.12038379743991,Hosur,"{""type"":""Polygon"",""coordinates"":[[[76.71492739372795,12.380781658893497],[76.71465416250484,12.38069398608205],[76.71448742246343,12.380464966047276],[76.71449235508273,12.380184045407729],[76.7146669344482,12.379960698169647],[76.71494307235527,12.379882056120117],[76.71521313200054,12.37997880863622],[76.71537185563153,12.380213247702834],[76.71535714595827,12.380493856900287],[76.7151749044147,12.380711267022566],[76.71492739372795,12.380781658893497]]]}"
00000000000000000395,Mandya,0.7355073748665384,MM-MD-0068,0.6000000000000001,0.5147730256956767,10.0,651.9873730540276,79.76916336691073,ESA_WorldCover_Cropland,0.22037093341350555,6.359991682262428,Shrirangapattana,23.12038379743991,Hosur,"{""type"":""Polygon"",""coordinates"":[[[76.71591558384601,12.380781677829267],[76.71564226668438,12.380693916030486],[76.7154755279507,12.380464981517473],[76.7154804605313,12.380183974404778],[76.71565503852757,12.379960711217862],[76.71593126235037,12.379882072063218],[76.71620131987729,12.379978823715966],[76.71635995418202,12.380213258497623],[76.71634533270532,12.380493873026081],[76.71616300450998,12.38071128029498],[76.71591558384601,12.380781677829267]]]}"
0000000000000000039b,Mandya,0.7355073748667658,MM-MD-0104,0.6000000000000001,0.6097763291670873,10.0,651.9873730540276,79.76916336691073,ESA_WorldCover_Cropland,0.22037093341350555,6.789144788146613,Shrirangapattana,23.12038379743991,Hosur,"{""type"":""Polygon"",""coordinates"":[[[76.71834106049859,12.378176581597016],[76.71806774860003,12.378088826458898],[76.71790101307704,12.377859813256237],[76.71790594556266,12.377578896046897],[76.71808052019729,12.377355547502967],[76.71835665062122,12.377276985457511],[76.71862679102742,12.37737373472272],[76.71878542227726,12.37760816272526],[76.71877071300264,12.377888768727468],[76.71858847639797,12.378106180411894],[76.71834106049859,12.378176581597016]]]}"
0000000000000000039c,Mandya,0.7355073748665218,MM-MD-0117,0.6000000000000001,0.5766428528972263,10.0,651.9873730540276,79.76916336691073,ESA_WorldCover_Cropland,0.22037093341350555,6.3,Shrirangapattana,23.12038379743991,Hosur,"{""type"":""Polygon"",""coordinates"":[[[76.71591558384601,12.381410477605472],[76.71564226668438,12.381322800275688],[76.7154755279507,12.381093778560555],[76.7154804605313,12.380812855379483],[76.71565503852757,12.380589505729414],[76.71593126235037,12.380510866693372],[76.71620131987729,12.380607619461617],[76.71635995418202,12.380842055920889],[76.71634533270533,12.381122672034433],[76.71616300450997,12.381340080177687],[76.71591558384601,12.381410477605472]]]}"
0000000000000000039e,Mandya,0.7355073748659283,MM-MD-0145,0.6000000000000001,0.5503674817509525,10.0,651.9873730540276,79.76916336691073,ESA_WorldCover_Cropland,0.22037093341350555,6.648702885365224,Shrirangapattana,23.12038379743991,Hosur,"{""type"":""Polygon"",""coordinates"":[[[76.71852065507127,12.378535906882275],[76.71824743164235,12.378448155650661],[76.71808069635723,12.378219141494286],[76.71808554075585,12.377938218843171],[76.71826020322138,12.377714873853504],[76.71853633325134,12.377636311610468],[76.71880647327208,12.377733061356244],[76.71896510429558,12.377967490330388],[76.71895039504196,12.378248097416021],[76.7187681586973,12.37846550987345],[76.71852065507127,12.378535906882275]]]}"
000000000000000003a0,Mandya,0.7355073748663171,MM-MD-0157,0.6000000000000001,0.6446154698158897,10.0,651.9873730540276,79.76916336691073,ESA_WorldCover_Cropland,0.22037093341350555,6.5589892897993165,Shrirangapattana,23.12038379743991,Hosur,"{""type"":""Polygon"",""coordinates"":[[[76.71708336283466,12.376649429174845],[76.7168100482068,12.376561675482915],[76.7166433990998,12.376332670695943],[76.71664824355369,12.376051754226856],[76.7168228199316,12.375828409822683],[76.71709904119365,12.375749853699503],[76.7173690962169,12.375846597000711],[76.71752772905093,12.376081020838395],[76.71751310770979,12.376361626100636],[76.7173308692853,12.376579033749167],[76.71708336283466,12.376649429174845]]]}"
000000000000000003a2,Mandya,0.735507374865899,MM-MD-0176,0.6000000000000001,0.7131923232690545,10.0,651.9873730540276,79.76916336691073,ESA_WorldCover_Cropland,0.22037093341350555,6.300972135579129,Shrirangapattana,23.12038379743991,Hosur,"{""type"":""Polygon"",""coordinates"":[[[76.71663423867739,12.383296937800573],[76.716360923075,12.383209257920905],[76.71619418529252,12.382980231204337],[76.716199117845,12.38269930252339],[76.71637369484533,12.382475949018026],[76.71664991709227,12.382397394816365],[76.71691997307848,12.382494150303081],[76.71707860647817,12.382728506304925],[76.71706398508488,12.383009127882852],[76.71688165792976,12.383226539741084],[76.71663423867739,12.383296937800573]]]}"
000000000000000003a8,Mandya,0.7355073748659322,MM-MD-0252,0.6000000000000001,0.6251128597867511,10.0,651.9873730540276,79.76916336691073,ESA_WorldCover_Cropland,0.22037093341350555,6.796298029428593,Shrirangapattana,23.12038379743991,Hosur,"{""type"":""Polygon"",""coordinates"":[[[76.71708336283466,12.37817660312975],[76.7168100482068,12.378088846837635],[76.7166433990998,12.377859838010648],[76.71664824355369,12.377578917636813],[76.7168228199316,12.377355570985621],[76.71709904119365,12.377276929614423],[76.7173690962169,12.377373761161953],[76.71752772905093,12.377608103538234],[76.71751310770979,12.377888712651538],[76.7173308692853,12.378106122425311],[76.71708336283466,12.37817660312975]]]}"
000000000000000003b2,Mandya,0.7355073748661118,MM-MD-0332,0.6000000000000001,0.5296237416869634,10.0,651.9873730540276,79.76916336691073,ESA_WorldCover_Cropland,0.22037093341350555,6.76904242046164,Shrirangapattana,23.12038379743991,Hosur,"{""type"":""Polygon"",""coordinates"":[[[76.71807153603936,12.378446048194926],[76.71779822355587,12.378358377888501],[76.71763148767604,12.378129363977424],[76.71763642017223,12.37784836079663],[76.71781099518046,12.377625097799037],[76.71808721427533,12.377546455018502],[76.7183572671797,12.377643200644192],[76.71851589876907,12.377877629346685],[76.71850127754266,12.378158240115326],[76.71831895246825,12.378375647412032],[76.71807153603936,12.378446048194926]]]}"
000000000000000003be,Mandya,0.7355073748653747,MM-MD-0467,0.6000000000000001,0.5169370140561472,10.0,651.9873730540276,79.76916336691073,ESA_WorldCover_Cropland,0.22037093341350555,6.4,Shrirangapattana,23.12038379743991,Hosur,"{""type"":""Polygon"",""coordinates"":[[[76.71510708124997,12.380332569708576],[76.71483376233428,12.38024480793241],[76.71466711061294,12.380015793437943],[76.71467195514282,12.379734869421169],[76.71484653425944,12.379511522573287],[76.71512275985494,12.379432884528743],[76.71539281911501,12.379529636090954],[76.71555145443789,12.37976406961676],[76.71553683286734,12.380044682214413],[76.7153545035018,12.38026208762985],[76.71510708124997,12.380332569708576]]]}"
000000000000000003c6,Mandya,0.7355073748652937,MM-MD-0581,0.6000000000000001,0.6053966729966497,10.0,651.9873730540276,79.76916336691073,ESA_WorldCover_Cropland,0.22037093341350555,6.302552638419556,Shrirangapattana,23.12038379743991,Hosur,"{""type"":""Polygon"",""coordinates"":[[[76.71510708124997,12.381230813469497],[76.71483376233428,12.381143135703171],[76.71466711061294,12.380914118832843],[76.71467195514282,12.380633192520019],[76.71484653425944,12.380409844351133],[76.71512275985494,12.380331206476072],[76.71539281911501,12.380427959632026],[76.71555145443789,12.380662395554648],[76.71553683286734,12.380943010416892],[76.7153545035018,12.381160417081492],[76.71510708124997,12.381230813469497]]]}"
000000000000000003c8,Mandya,0.7355073748658161,MM-MD-0619,0.6000000000000001,0.5305730226561778,10.0,651.9873730540276,79.76916336691073,ESA_WorldCover_Cropland,0.22037093341350555,6.798856132688618,Shrirangapattana,23.12038379743991,Hosur,"{""type"":""Polygon"",""coordinates"":[[[76.71789185274608,12.378356248235956],[76.71761853987266,12.378268492379807],[76.71745189183538,12.378039483063244],[76.71745673625817,12.377758561465834],[76.71763131151546,12.377535213333596],[76.71790753100443,12.377456656338696],[76.71817758429411,12.37755340196203],[76.7183362161098,12.377787744874707],[76.71832159486253,12.378068440776941],[76.71813935760791,12.378285852029096],[76.71789185274608,12.378356248235956]]]}"
000000000000000003cb,Mandya,0.7355073748659151,MM-MD-0643,0.6000000000000001,0.5822183744302364,10.0,651.9873730540276,79.76916336691073,ESA_WorldCover_Cropland,0.22037093341350555,6.305271366188405,Shrirangapattana,23.12038379743991,Hosur,"{""type"":""Polygon"",""coordinates"":[[[76.71627486773359,12.381230817068351],[76.71600163943289,12.38114314472928],[76.71583490117486,12.380914123483109],[76.71583974565985,12.380633196066178],[76.71601441123964,12.380409850494408],[76.7162905461932,12.380331206538587],[76.71656060294985,12.38042795867419],[76.71671932488307,12.38066239903434],[76.71670461536716,12.380943010695054],[76.71652237577291,12.381160423489533],[76.71627486773359,12.381230817068351]]]}"
000000000000000003ce,Mandya,0.735507374866535,MM-MD-0735,0.6000000000000001,0.5899717963323157,10.0,651.9873730540276,79.76916336691073,ESA_WorldCover_Cropland,0.22037093341350555,6.300920149719285,Shrirangapattana,23.12038379743991,Hosur,"{""type"":""Polygon"",""coordinates"":[[[76.71492739372795,12.381320725915803],[76.71465416250484,12.381232966648103],[76.71448742246343,12.381003945187704],[76.71449235508273,12.380723023170782],[76.7146669344482,12.38049967514016],[76.71494307235527,12.380421033192158],[76.71521313200054,12.380517786664475],[76.71537185563153,12.380752227169278],[76.71535714595827,12.381032837725234],[76.7151749044147,12.381250248597132],[76.71492739372795,12.381320725915803]]]}"
000000000000000003d8,Mandya,0.7355073748655436,MM-MD-0873,0.6000000000000001,0.5980729387633825,10.0,651.9873730540276,79.76916336691073,ESA_WorldCover_Cropland,0.22037093341350555,6.796298606778964,Shrirangapattana,23.12038379743991,Hosur,"{""type"":""Polygon"",""coordinates"":[[[76.71708336283466,12.377278293111912],[76.7168100482068,12.377190538349248],[76.7166433990998,12.376961531898601],[76.71664824355369,12.376680613821533],[76.7168228199316,12.37645726849201],[76.71709904119365,12.37637862695169],[76.7173690962169,12.376475371368555],[76.71752772905093,12.376709796884366],[76.71751310770979,12.376990403732357],[76.7173308692853,12.37720781225602],[76.71708336283466,12.377278293111912]]]}"
000000000000000003dc,Mandya,0.7355073748651113,MM-MD-0900,0.6000000000000001,0.7069962860016933,10.0,651.9873730540276,79.76916336691073,ESA_WorldCover_Cropland,0.22037093341350555,6.499766063630694,Shrirangapattana,23.12038379743991,Hosur,"{""type"":""Polygon"",""coordinates"":[[[76.7136697500647,12.380422394056946],[76.71339651611441,12.380334635164681],[76.71322977440879,12.380105616102373],[76.71323470707732,12.37982469757083],[76.71340928818526,12.379601352754303],[76.7136854288485,12.379522712495234],[76.71395549118937,12.379619465472567],[76.71411412832195,12.37985389913599],[76.71409950658462,12.380134510540593],[76.71391726322194,12.380351918252],[76.7136697500647,12.380422394056946]]]}"
000000000000000003e3,Mandya,0.7355073748656936,MM-MD-0958,0.6000000000000001,0.5630357674037048,10.0,651.9873730540276,79.76916336691073,ESA_WorldCover_Cropland,0.22037093341350555,6.3120099823229765,Shrirangapattana,23.12038379743991,Hosur,"{""type"":""Polygon"",""coordinates"":[[[76.71492739372795,12.381141008099757],[76.71465416250484,12.381053249137965],[76.71448742246343,12.380824313691653],[76.71449235508273,12.380543306595262],[76.7146669344482,12.380320044367283],[76.71494307235527,12.380241402385446],[76.71521313200054,12.380338155539079],[76.71537185563153,12.38057259556457],[76.71535714595827,12.38085320566777],[76.7151749044147,12.381070616289836],[76.71492739372795,12.381141008099757]]]}"
000000000000000003e4,Mandya,0.7355073748649422,MM-MD-0965,0.6000000000000001,0.6436933117233075,10.0,651.9873730540276,79.76916336691073,ESA_WorldCover_Cropland,0.22037093341350555,6.448845913911411,Shrirangapattana,23.12038379743991,Hosur,"{""type"":""Polygon"",""coordinates"":[[[76.7168139237648,12.376469744739715],[76.71654060855231,12.376382076642388],[76.71637387100766,12.376153067982015],[76.71637880355311,12.375872071044888],[76.71655338030442,12.375648727310603],[76.71682951407648,12.375570167198457],[76.71709965775828,12.375666914769171],[76.71725829093167,12.375901338108129],[76.71724358147868,12.376181938298082],[76.71706134266422,12.376399345287053],[76.7168139237648,12.376469744739715]]]}"
000000000000000003b0,Mandya,0.735507374866522,MM-MD-0315,0.65,0.6511152228200288,10.0,651.9873730540276,79.76916336691073,ESA_WorldCover_Cropland,0.22037093341350555,6.4,Shrirangapattana,23.12038379743991,Hosur,"{""type"":""Polygon"",""coordinates"":[[[76.71555621085201,12.378985054485634],[76.71528298099265,12.378897299770529],[76.71511624178343,12.378668370014784],[76.7151211743781,12.378387367835273],[76.71529575287227,12.378164022293118],[76.71557188940109,12.37808546451323],[76.71584194769842,12.378182213292453],[76.71600067053716,12.378416647609018],[76.7159859609373,12.378697252898785],[76.71580372030337,12.378914661477333],[76.71555621085201,12.378985054485634]]]}"
00000000000000000399,Mandya,0.7355073748668185,MM-MD-0088,0.7000000000000001,0.6146346346381832,10.0,651.9873730540276,79.76916336691073,ESA_WorldCover_Cropland,0.22037093341350555,6.3,Shrirangapattana,23.12038379743991,Hosur,"{""type"":""Polygon"",""coordinates"":[[[76.71816137758987,12.393268284949372],[76.71788806530135,12.393180503963839],[76.71772132954047,12.392951536414202],[76.71772626203312,12.392670580827312],[76.71790083691684,12.39244729592383],[76.71817705581465,12.392368655808694],[76.71844710852636,12.39246542764104],[76.71860574000256,12.392699810327839],[76.71859111878658,12.392980458529582],[76.71840879384226,12.393197886560165],[76.71816137758987,12.393268284949372]]]}"
0000000000000000039d,Mandya,0.7355073748664087,MM-MD-0131,0.7000000000000001,0.6662281248282871,10.0,651.9873730540276,79.76916336691073,ESA_WorldCover_Cropland,0.22037093341350555,6.5,Shrirangapattana,23.12038379743991,Hosur,"{""type"":""Polygon"",""coordinates"":[[[76.71995801898248,12.381769864033561],[76.71968471059346,12.381682104262836],[76.71951797721141,12.381453081527896],[76.71952290963371,12.381172153605863],[76.71969748202672,12.380948797343105],[76.71997369698357,12.380870237941078],[76.72024374584218,12.380966987814508],[76.72040237505496,12.38120142551859],[76.7203877540476,12.381482046529326],[76.72020543170474,12.381699375774812],[76.71995801898248,12.381769864033561]]]}"
0000000000000000039f,Mandya,0.7355073748652775,MM-MD-0147,0.7000000000000001,0.6524299333486521,10.0,651.9873730540276,79.76916336691073,ESA_WorldCover_Cropland,0.22037093341350555,6.41054163634473,Shrirangapattana,23.12038379743991,Hosur,"{""type"":""Polygon"",""coordinates"":[[[76.71843081377708,12.381949534903328],[76.71815759015324,12.381861777779637],[76.71799085474917,12.381632754595689],[76.71799569915125,12.381351823304069],[76.71817036174139,12.381128473429978],[76.71844649196832,12.381049911964077],[76.71871663218181,12.381146667844858],[76.71887526331847,12.381381020379884],[76.71886055405434,12.38166163598136],[76.71867831757969,12.381879053051119],[76.71843081377708,12.381949534903328]]]}"
000000000000000003a4,Mandya,0.7355073748661562,MM-MD-0188,0.7000000000000001,0.6635731229473044,10.0,651.9873730540276,79.76916336691073,ESA_WorldCover_Cropland,0.22037093341350555,6.369037221875643,Shrirangapattana,23.12038379743991,Hosur,"{""type"":""Polygon"",""coordinates"":[[[76.71834106049859,12.380961384020345],[76.71806774860003,12.380873624141644],[76.71790101307704,12.38064460357267],[76.71790594556266,12.380363679245608],[76.71808052019729,12.380140326605375],[76.71835665062122,12.380061765085538],[76.71862679102742,12.380158519291774],[76.71878542227726,12.380392869185094],[76.71877071300264,12.380673482207309],[76.71858847639797,12.380890897766134],[76.71834106049859,12.380961384020345]]]}"
000000000000000003c3,Mandya,0.735507374866769,MM-MD-0561,0.7000000000000001,0.6251296705010753,10.0,651.9873730540276,79.76916336691073,ESA_WorldCover_Cropland,0.22037093341350555,6.310536986016538,Shrirangapattana,23.12038379743991,Hosur,"{""type"":""Polygon"",""coordinates"":[[[76.71843081377708,12.392549657109765],[76.71815759015324,12.392461881952348],[76.71799085474919,12.392232916296466],[76.71799569915126,12.391951957930798],[76.71817027366147,12.391728588127792],[76.71844649196832,12.391650033026487],[76.71871663218181,12.391746807706896],[76.71887526331847,12.391981188497908],[76.71886055405434,12.39226183079886],[76.71867831757969,12.392479177050395],[76.71843081377708,12.392549657109765]]]}"
000000000000000003d1,Mandya,0.7355073748657919,MM-MD-0781,0.7000000000000001,0.6039431096063381,10.0,651.9873730540276,79.76916336691073,ESA_WorldCover_Cropland,0.22037093341350555,6.3,Shrirangapattana,23.12038379743991,Hosur,"{""type"":""Polygon"",""coordinates"":[[[76.71807153603936,12.393088634220936],[76.71779822355587,12.393000853458453],[76.71763148767604,12.392771886384788],[76.71763642017223,12.392490931341348],[76.71781099518046,12.39226756128807],[76.71808721427533,12.392189006820407],[76.71835726717971,12.392285778412894],[76.71851589876907,12.392520160614787],[76.71850127754266,12.392800808275561],[76.71831904054807,12.393018154729036],[76.71807153603936,12.393088634220936]]]}"
000000000000000003d4,Mandya,0.735507374867683,MM-MD-0813,0.7000000000000001,0.6643498867679755,10.0,651.9873730540276,79.76916336691073,ESA_WorldCover_Cropland,0.22037093341350555,6.5,Shrirangapattana,23.12038379743991,Hosur,"{""type"":""Polygon"",""coordinates"":[[[76.7203172913377,12.381500376541695],[76.72004398372856,12.38141261755938],[76.719877338901,12.381183599884713],[76.71988218323048,12.380902667957885],[76.72005675512538,12.380679311550738],[76.72033296929406,12.380600751566949],[76.72060310546027,12.380697505001766],[76.72076173422028,12.380931856471772],[76.72074702517652,12.381212472804368],[76.7205647914322,12.381429892115516],[76.7203172913377,12.381500376541695]]]}"
000000000000000003df,Mandya,0.7355073748659221,MM-MD-0915,0.7000000000000001,0.6134617592584801,10.0,651.9873730540276,79.76916336691073,ESA_WorldCover_Cropland,0.22037093341350555,6.2,Shrirangapattana,23.12038379743991,Hosur,"{""type"":""Polygon"",""coordinates"":[[[76.7008238548647,12.385991922824623],[76.7005505930825,12.38590422820179],[76.70038383439285,12.385675194634203],[76.7003887675638,12.385394274030167],[76.70056336645429,12.3851709403733],[76.70083953524559,12.385092320153888],[76.70110962509628,12.385189094240381],[76.70126827838881,12.385423456310036],[76.70125356707024,12.38570406469586],[76.70107130514286,12.38592146062053],[76.7008238548647,12.385991922824623]]]}"
000000000000000003c0,Mandya,0.7355073748667025,MM-MD-0505,0.5,0.6965623873745198,10.0,652.6814077872507,79.76916336691073,ESA_WorldCover_Cropland,0.22037093341350555,6.292447239837825,Shrirangapattana,23.12038379743991,Hosur,"{""type"":""Polygon"",""coordinates"":[[[76.70028490665615,12.383296969162535],[76.70001155561462,12.38320927427082],[76.69984488430559,12.382980252202888],[76.69984972940489,12.382699249095694],[76.70002432904096,12.382475920209535],[76.700300587104,12.38239739017263],[76.70057067810791,12.382494159946543],[76.70072924398578,12.382728510428532],[76.70071462069649,12.38300911585294],[76.70053235799087,12.383226507214149],[76.70028490665615,12.383296969162535]]]}"
0000000000000000038f,Mandya,0.7355073748665732,MM-MD-0031,0.6997400571874195,0.5725100055377502,10.0,661.1765266656876,79.76916336691073,ESA_WorldCover_Cropland,0.22037093341350555,6.102713802963356,Shrirangapattana,23.12038379743991,Hosur,"{""type"":""Polygon"",""coordinates"":[[[76.69750009870424,12.384285153789182],[76.69722682972792,12.384197373484417],[76.69706006664816,12.383968344490851],[76.69706499994896,12.383687431394256],[76.69723960343599,12.383464105251537],[76.69751577949798,12.383385489621624],[76.69778587645952,12.383482263583142],[76.69794453392916,12.383716706400092],[76.69792982222324,12.383997307198717],[76.6977475554972,12.384214695697922],[76.69750009870424,12.384285153789182]]]}"
000000000000000003c4,Mandya,0.7355073748666947,MM-MD-0562,0.5449550345687998,0.6330882693538186,10.0,661.1765266656876,79.76916336691073,ESA_WorldCover_Cropland,0.22037093341350555,6.3,Shrirangapattana,23.12038379743991,Hosur,"{""type"":""Polygon"",""coordinates"":[[[76.6961526003033,12.382398643474652],[76.69587932841122,12.382310950682001],[76.69571265164774,12.382081931066464],[76.6957174969056,12.38180093416845],[76.69589210225557,12.381577612827064],[76.69616828126433,12.381498998830523],[76.69643838110791,12.381595770620024],[76.69659704027052,12.381830208306296],[76.69658232840763,12.382110803018318],[76.6964000597367,12.382328272382123],[76.6961526003033,12.382398643474652]]]}"
000000000000000003e6,Mandya,0.7355073748659653,MM-MD-0979,0.6941515907673121,0.5622931879375133,10.0,661.1765266656876,79.76916336691073,ESA_WorldCover_Cropland,0.22037093341350555,6.145705967976712,Shrirangapattana,23.12038379743991,Hosur,"{""type"":""Polygon"",""coordinates"":[[[76.69785943505573,12.385902072520398],[76.69758616685705,12.38581437532915],[76.69741940425182,12.385585342052025],[76.69742433753858,12.385304424484628],[76.69759894052876,12.38508109542575],[76.69787511580483,12.385002479572112],[76.69814521199777,12.385099256090125],[76.69830386901587,12.385333617709254],[76.69828915735185,12.38561422293687],[76.69810689114449,12.385831699766475],[76.69785943505573,12.385902072520398]]]}"
000000000000000003d6,Mandya,0.7355073748675744,MM-MD-0857,0.6000000000000001,0.5930887655251394,10.0,661.1765266656876,79.76916336691073,ESA_WorldCover_Cropland,0.22037093341350555,6.17873888860009,Shrirangapattana,23.12038379743991,Hosur,"{""type"":""Polygon"",""coordinates"":[[[76.69561363215556,12.385722392983839],[76.69534035909739,12.385634694036895],[76.6951735935267,12.385405661275332],[76.6951785269012,12.385124746293927],[76.69535313299625,12.384901420882665],[76.69562931318352,12.38482280831539],[76.69589941417969,12.384919586477267],[76.69605807401938,12.385153947457102],[76.6960433620937,12.385434635547686],[76.69586109264496,12.385652023174039],[76.69561363215556,12.385722392983839]]]}"
000000000000000003da,Mandya,0.7355073748676254,MM-MD-0891,0.7000000000000001,0.6403208434362393,10.0,661.1765266656876,79.76916336691073,ESA_WorldCover_Cropland,0.22037093341350555,6.182450486042518,Shrirangapattana,23.12038379743991,Hosur,"{""type"":""Polygon"",""coordinates"":[[[76.6981289146248,12.384644416916993],[76.6978556470093,12.384556722114253],[76.69768888475997,12.384327692158823],[76.69769381803621,12.384046777548718],[76.69786842065376,12.383823449930851],[76.69814459534044,12.38374483343961],[76.69841469095692,12.38384160748955],[76.69857334763643,12.384075965773507],[76.6985586360038,12.384356653636292],[76.69837637018544,12.384574043590995],[76.6981289146248,12.384644416916993]]]}"
000000000000000001ab,Mandya,0.7355073748660911,MM-MD-0153,0.5700046770254127,0.6754631445465352,15.0,511.23469845205545,77.08545684631996,ESA_WorldCover_Cropland,0.220383882522583,6.278740321155747,Malavalli,23.69476690354693,Bheemanahalli,"{""type"":""Polygon"",""coordinates"":[[[76.96016752665156,12.429560244201767],[76.95989413197336,12.429472509250372],[76.95972736970988,12.429243512431777],[76.95973229258438,12.428962494520684],[76.9599068786842,12.428739238950344],[76.96018317430271,12.42866062065887],[76.9604533157394,12.428757359639642],[76.9606119894904,12.428991785364719],[76.96059730888054,12.429272414819328],[76.96041498786613,12.429489814319354],[76.96016752665156,12.429560244201767]]]}"
000000000000000001bc,Mandya,0.7355073748662657,MM-MD-0323,0.699480222464785,0.6717801868943466,15.0,511.23469845205545,77.08545684631996,ESA_WorldCover_Cropland,0.220383882522583,6.2,Malavalli,23.69476690354693,Bheemanahalli,"{""type"":""Polygon"",""coordinates"":[[[76.96510821677627,12.423721158942685],[76.96483492107052,12.42363344264626],[76.9646681655579,12.423404461122136],[76.96467308823311,12.423123453458095],[76.96484766726532,12.422900113447046],[76.96512386379396,12.422821568209146],[76.96539399429433,12.422918292608298],[76.96555266162146,12.423152703165393],[76.96553798160595,12.42343332278375],[76.96535575587714,12.423650725891198],[76.96510821677627,12.423721158942685]]]}"
000000000000000001c1,Mandya,0.735507374866712,MM-MD-0347,0.5953560291060299,0.5839224883974737,10.0,511.23469845205545,77.08545684631996,ESA_WorldCover_Cropland,0.220383882522583,6.1,Malavalli,23.69476690354693,Bheemanahalli,"{""type"":""Polygon"",""coordinates"":[[[76.97031847481787,12.42956019441334],[76.97004510288588,12.42947246885961],[76.96987835449649,12.429243472030484],[76.96988327696144,12.428962530349459],[76.9700578485362,12.428739173991149],[76.97033412116714,12.428660626376091],[76.97060424012754,12.428757356400665],[76.97076290067625,12.428991782676915],[76.97074822128788,12.429272421973534],[76.97056600334395,12.42948975539678],[76.97031847481787,12.42956019441334]]]}"
000000000000000001c3,Mandya,0.735507374866353,MM-MD-0358,0.5764551501922887,0.6774994846950905,15.0,511.23469845205545,77.08545684631996,ESA_WorldCover_Cropland,0.220383882522583,6.26694210581021,Malavalli,23.69476690354693,Bheemanahalli,"{""type"":""Polygon"",""coordinates"":[[[76.96025736875619,12.429650091860236],[76.95998397427921,12.429562271195877],[76.95981721213843,12.429333274142],[76.95982213500932,12.429052341564391],[76.95999672098064,12.428829000083546],[76.96027301639585,12.428750381675377],[76.96054315763372,12.428847206378872],[76.96070183126794,12.429081632346337],[76.96068715066889,12.429362176467812],[76.96050482978866,12.429579576227894],[76.96025736875619,12.429650091860236]]]}"
000000000000000001c4,Mandya,0.7355073748671426,MM-MD-0368,0.7599979208898602,0.7042369319741493,10.0,511.23469845205545,77.08545684631996,ESA_WorldCover_Cropland,0.220383882522583,6.1543011591039045,Malavalli,23.69476690354693,Bheemanahalli,"{""type"":""Polygon"",""coordinates"":[[[76.9666353738236,12.421205892173225],[76.96636199363536,12.421118177238357],[76.96619532811387,12.420889120939394],[76.96620016282367,12.420608199616366],[76.96637482757431,12.42038486529844],[76.96665102064543,12.420306231728572],[76.96692114776408,12.420403036016758],[76.96707981310486,12.420637440005315],[76.96706513327314,12.420918054800369],[76.96688282192231,12.42113545243522],[76.9666353738236,12.421205892173225]]]}"
000000000000000001cc,Mandya,0.7355073748665367,MM-MD-0459,0.5882426321534393,0.5782065376819686,10.0,511.23469845205545,77.08545684631996,ESA_WorldCover_Cropland,0.220383882522583,6.131623265242483,Malavalli,23.69476690354693,Bheemanahalli,"{""type"":""Polygon"",""coordinates"":[[[76.97049814401109,12.429560197690098],[76.97022477248193,12.429472472302697],[76.97005802433826,12.429243475473415],[76.97006294679596,12.428962533625807],[76.97023751811346,12.428739176999521],[76.9705137903373,12.428660629119564],[76.97078390889962,12.428757358985617],[76.9709425692145,12.428991785271581],[76.97092788984777,12.429272339094306],[76.97074558427182,12.429489754160667],[76.97049814401109,12.429560197690098]]]}"
000000000000000001a4,Mandya,0.7355073748659428,MM-MD-0087,0.55,0.672351589008673,10.0,511.23469845205545,77.08545684631996,ESA_WorldCover_Cropland,0.220383882522583,6.283264903071571,Malavalli,23.69476690354693,Bheemanahalli,"{""type"":""Polygon"",""coordinates"":[[[76.9642099163677,12.4264161519062],[76.96393653074439,12.426328340332855],[76.96376986190951,12.426099356024382],[76.96377469671542,12.425818423713778],[76.96394936493847,12.42559508536075],[76.96422556350059,12.425516456277663],[76.96449569598984,12.425613271830953],[76.96465436448523,12.42584768946486],[76.96463968436163,12.426128314964604],[76.96445745729113,12.42634572046557],[76.9642099163677,12.4264161519062]]]}"
000000000000000001aa,Mandya,0.7355073748657778,MM-MD-0148,0.55,0.6574506278064834,15.0,511.23469845205545,77.08545684631996,ESA_WorldCover_Cropland,0.220383882522583,6.3,Malavalli,23.69476690354693,Bheemanahalli,"{""type"":""Polygon"",""coordinates"":[[[76.95783187245505,12.435309400498344],[76.95755856045704,12.435221658012061],[76.95739179500373,12.434992731785977],[76.95739663006225,12.43471178281472],[76.9575713074117,12.43448844093307],[76.95784752040555,12.434409822820282],[76.95811766701001,12.434506573927301],[76.95827634379651,12.434741014718618],[76.9582616629058,12.435021570651697],[76.95807942631319,12.435238978892816],[76.95783187245505,12.435309400498344]]]}"
000000000000000001b6,Mandya,0.7355073748659903,MM-MD-0265,0.55,0.7063707712820247,15.0,511.23469845205545,77.08545684631996,ESA_WorldCover_Cropland,0.220383882522583,6.3,Malavalli,23.69476690354693,Bheemanahalli,"{""type"":""Polygon"",""coordinates"":[[[76.95774202856566,12.433063610195626],[76.95746871636659,12.4329758713966],[76.95730195079058,12.4327468654036],[76.95730687376286,12.432465926496151],[76.95748146333061,12.432242669406827],[76.95775767652766,12.432164051030316],[76.9580278233309,12.432260798285153],[76.95818650023413,12.432495147490437],[76.95817181933262,12.432775783363992],[76.95798958260592,12.432993188352844],[76.95774202856566,12.433063610195626]]]}"
000000000000000001c5,Mandya,0.7355073748672697,MM-MD-0369,0.55,0.4508347714872374,10.782224532224532,511.23469845205545,77.08545684631996,ESA_WorldCover_Cropland,0.220383882522583,6.2,Malavalli,23.69476690354693,Bheemanahalli,"{""type"":""Polygon"",""coordinates"":[[[76.96322176948918,12.428572048527023],[76.96294838165204,12.428484318062504],[76.96278171146757,12.428255328107214],[76.96278654631261,12.427974391237939],[76.96296121595007,12.427751051194333],[76.9632374167488,12.427672423946309],[76.96350755142561,12.427769244147232],[76.96366622120594,12.428003581781779],[76.96365154096345,12.428284211723554],[76.96346931241723,12.428501618731831],[76.96322176948918,12.428572048527023]]]}"
000000000000000001c6,Mandya,0.7355073748664656,MM-MD-0370,0.55,0.586058523394408,15.0,511.23469845205545,77.08545684631996,ESA_WorldCover_Cropland,0.220383882522583,6.3,Malavalli,23.69476690354693,Bheemanahalli,"{""type"":""Polygon"",""coordinates"":[[[76.96034712288667,12.427943279159324],[76.96007381651893,12.42785555136879],[76.95990705450087,12.427626473142851],[76.95991197736815,12.427345544814987],[76.960086563211,12.427122205705507],[76.96036285842284,12.427043586864187],[76.96063299946191,12.427140408498648],[76.96079167297935,12.427374829959142],[76.9607769923911,12.427655455538362],[76.96059467164505,12.42787285306349],[76.96034712288667,12.427943279159324]]]}"
000000000000000001ca,Mandya,0.7355073748652234,MM-MD-0449,0.55,0.62954179483562,15.0,511.23469845205545,77.08545684631996,ESA_WorldCover_Cropland,0.220383882522583,6.3,Malavalli,23.69476690354693,Bheemanahalli,"{""type"":""Polygon"",""coordinates"":[[[76.95873021980414,12.435578930668482],[76.95845682190746,12.435491184279481],[76.95829005768084,12.435262171697914],[76.95829498061329,12.434981225491748],[76.95846956876834,12.434757877592126],[76.95874586763951,12.434679262483403],[76.9590160122565,12.434776098918064],[76.95917468787557,12.435010454821015],[76.95916000709288,12.435291097948863],[76.95897768393199,12.435508503636173],[76.95873021980414,12.435578930668482]]]}"
000000000000000001ce,Mandya,0.7355073748661969,MM-MD-0474,0.55,0.657626592365809,10.0,511.23469845205545,77.08545684631996,ESA_WorldCover_Cropland,0.220383882522583,6.289230769230776,Malavalli,23.69476690354693,Bheemanahalli,"{""type"":""Polygon"",""coordinates"":[[[76.9642099163677,12.426326311432513],[76.96393653074439,12.426238500010108],[76.96376986190951,12.426009515937032],[76.96377469671542,12.425728583854594],[76.96394936493847,12.425505245633481],[76.96422556350059,12.425426616534647],[76.96449569598984,12.425523431930568],[76.96465436448523,12.425757849326958],[76.96463968436163,12.426038474601638],[76.96445745729113,12.426255879977735],[76.9642099163677,12.426326311432513]]]}"
000000000000000001cf,Mandya,0.735507374866242,MM-MD-0493,0.55,0.45016038995348645,15.0,511.23469845205545,77.08545684631996,ESA_WorldCover_Cropland,0.220383882522583,6.3,Malavalli,23.69476690354693,Bheemanahalli,"{""type"":""Polygon"",""coordinates"":[[[76.96079633208782,12.428122900582718],[76.96052293881786,12.428035168627352],[76.96035626532135,12.427806179852714],[76.96036110026249,12.427525246373069],[76.96053577337094,12.427301910608263],[76.96081197965839,12.427223286857588],[76.96108211970355,12.427320022766985],[76.96124079263718,12.427554444726836],[76.96122611210296,12.42783507119153],[76.96104379202771,12.428052469642994],[76.96079633208782,12.428122900582718]]]}"
000000000000000001d6,Mandya,0.7355073748652387,MM-MD-0580,0.55,0.6687685942760879,15.0,511.23469845205545,77.08545684631996,ESA_WorldCover_Cropland,0.220383882522583,6.3,Malavalli,23.69476690354693,Bheemanahalli,"{""type"":""Polygon"",""coordinates"":[[[76.95783187245505,12.435129794442215],[76.95755856045704,12.435042052257455],[76.95739179500373,12.434813040852967],[76.95739671797241,12.434532096619737],[76.9575713074117,12.434308750719419],[76.95784752040555,12.434230132574909],[76.95811766701001,12.434326883367378],[76.95827634379651,12.434561323683935],[76.9582616629058,12.434841964816313],[76.95807942631319,12.435059372808206],[76.95783187245505,12.435129794442215]]]}"
000000000000000001dd,Mandya,0.7355073748665233,MM-MD-0636,0.55,0.45234436266221417,10.011435105774726,511.23469845205545,77.08545684631996,ESA_WorldCover_Cropland,0.220383882522583,6.2,Malavalli,23.69476690354693,Bheemanahalli,"{""type"":""Polygon"",""coordinates"":[[[76.96376071973054,12.428392384707772],[76.9634874210066,12.428304659321661],[76.96332066365242,12.428075665558369],[76.96332558638201,12.42779473292327],[76.96350016734218,12.427571388061414],[76.96377645482661,12.42749276426466],[76.96404658831013,12.427589583675525],[76.96420525738954,12.427823920864503],[76.9641905772119,12.428104550878999],[76.96400826156527,12.428321954172093],[76.96376071973054,12.428392384707772]]]}"
000000000000000001e1,Mandya,0.735507374865499,MM-MD-0693,0.55,0.40606013139098696,10.30947926410976,511.23469845205545,77.08545684631996,ESA_WorldCover_Cropland,0.220383882522583,6.2,Malavalli,23.69476690354693,Bheemanahalli,"{""type"":""Polygon"",""coordinates"":[[[76.96340144913607,12.428482214867191],[76.96312806170147,12.428394484719849],[76.96296130385622,12.428165490721641],[76.9629662266003,12.427884558191833],[76.96314089598059,12.42766121801195],[76.96341709637264,12.427582590483235],[76.9636872306517,12.427679410368347],[76.96384590019838,12.427913747775234],[76.96383121997752,12.428194377666252],[76.96364890379397,12.428411780542616],[76.96340144913607,12.428482214867191]]]}"
000000000000000001e2,Mandya,0.7355073748650831,MM-MD-0710,0.55,0.5755736541317259,15.0,511.23469845205545,77.08545684631996,ESA_WorldCover_Cropland,0.220383882522583,6.3,Malavalli,23.69476690354693,Bheemanahalli,"{""type"":""Polygon"",""coordinates"":[[[76.96025736875619,12.42821271477999],[76.95998397427921,12.428124982174895],[76.95981721213843,12.427895988886815],[76.95982213500932,12.427615059958022],[76.95999672098064,12.427391720586925],[76.96027301639585,12.427313101925566],[76.96054315763372,12.42740992411139],[76.96070183126794,12.427644260635537],[76.96068715066889,12.427924886802455],[76.96050482978866,12.428142284566423],[76.96025736875619,12.42821271477999]]]}"
000000000000000001e3,Mandya,0.7355073748675264,MM-MD-0724,0.55,0.40771544922790676,10.782403076603265,511.23469845205545,77.08545684631996,ESA_WorldCover_Cropland,0.220383882522583,6.2,Malavalli,23.69476690354693,Bheemanahalli,"{""type"":""Polygon"",""coordinates"":[[[76.96358112851838,12.428572065066533],[76.9633077414863,12.42848433493464],[76.9631409838866,12.428255340700812],[76.96314590662344,12.427974407776219],[76.96332048784065,12.427751062918627],[76.96359677573192,12.427672439418458],[76.9638669096132,12.42776917365756],[76.96402557892625,12.428003596956527],[76.964010898727,12.42828422724681],[76.9638285828119,12.428501630518738],[76.96358112851838,12.428572065066533]]]}"
000000000000000001e5,Mandya,0.7355073748663912,MM-MD-0727,0.55,0.6243595869232215,14.229209979209989,511.23469845205545,77.08545684631996,ESA_WorldCover_Cropland,0.220383882522583,6.284584199584206,Malavalli,23.69476690354693,Bheemanahalli,"{""type"":""Polygon"",""coordinates"":[[[76.95828100300098,12.435129745303408],[76.95800769200821,12.435042003534562],[76.95784092716822,12.434812992129723],[76.9578458501188,12.434532047479843],[76.95802043891597,12.434308786557624],[76.95829673880341,12.434230172032235],[76.95856688441407,12.434326922428232],[76.95872547270761,12.434561272838906],[76.95871087978013,12.43484191868856],[76.95852855594859,12.435059323075608],[76.95828100300098,12.435129745303408]]]}"
000000000000000001e7,Mandya,0.735507374866734,MM-MD-0776,0.55,0.5717644924854443,13.553869341510321,511.23469845205545,77.08545684631996,ESA_WorldCover_Cropland,0.220383882522583,6.271077386830211,Malavalli,23.69476690354693,Bheemanahalli,"{""type"":""Polygon"",""coordinates"":[[[76.95855053328118,12.435129769350425],[76.95827713498218,12.435042023549142],[76.95811045841981,12.434813016425904],[76.95811529344986,12.43453206724402],[76.95828996977133,12.434308724552919],[76.95856618113959,12.434230105348236],[76.95883632615413,12.434326941154902],[76.95899500200672,12.434561295861801],[76.95898032120242,12.434841937691257],[76.95879799777322,12.435059342484537],[76.95855053328118,12.435129769350425]]]}"
000000000000000001f3,Mandya,0.7355073748663805,MM-MD-0883,0.55,0.5967515024129341,14.872407879008371,511.23469845205545,77.08545684631996,ESA_WorldCover_Cropland,0.220383882522583,6.297448157580174,Malavalli,23.69476690354693,Bheemanahalli,"{""type"":""Polygon"",""coordinates"":[[[76.95864037657572,12.435399230016],[76.95836697847787,12.435311483845503],[76.95820030203812,12.435082561665627],[76.95820513706464,12.434801611716507],[76.95837981325758,12.434578268496105],[76.9586560244226,12.43449964920645],[76.95892616923837,12.434596399756991],[76.9590848449742,12.434830840829557],[76.9590701641807,12.435111397771442],[76.95888784088567,12.435328803074004],[76.95864037657572,12.435399230016]]]}"
000000000000000001a2,Mandya,0.7355073748666581,MM-MD-0070,0.6000000000000001,0.552710720869339,13.347019385686817,511.23469845205545,77.08545684631996,ESA_WorldCover_Cropland,0.220383882522583,6.266940387713738,Malavalli,23.69476690354693,Bheemanahalli,"{""type"":""Polygon"",""coordinates"":[[[76.96025736875619,12.435758575846911],[76.95998397427921,12.435670830570894],[76.95981721213843,12.435441817517427],[76.95982213500932,12.435160869438555],[76.95999672098064,12.434937604645642],[76.96027301639585,12.43485898731526],[76.96054315763372,12.434955737067307],[76.96070183126794,12.435190093527126],[76.96068715066889,12.43547073858583],[76.96050482978866,12.4356881468246],[76.96025736875619,12.435758575846911]]]}"
000000000000000001a7,Mandya,0.7355073748667336,MM-MD-0112,0.6000000000000001,0.6161795037895446,14.121712919654923,511.23469845205545,77.08545684631996,ESA_WorldCover_Cropland,0.220383882522583,6.1,Malavalli,23.69476690354693,Bheemanahalli,"{""type"":""Polygon"",""coordinates"":[[[76.96268281686757,12.43216533057182],[76.96240942782308,12.432077593574853],[76.96224266899588,12.431848589929182],[76.96224759176894,12.431567648717198],[76.96242217427125,12.431344299926037],[76.96269846419628,12.431265678383308],[76.96296860006612,12.431362505352558],[76.96312727054722,12.431596852452019],[76.9631125902399,12.431877490868919],[76.96293027298269,12.4320948977769],[76.96268281686757,12.43216533057182]]]}"
000000000000000001b2,Mandya,0.735507374866158,MM-MD-0226,0.6000000000000001,,10.0,511.23469845205545,77.08545684631996,ESA_WorldCover_Cropland,0.220383882522583,6.188914297593674,Malavalli,23.69476690354693,Bheemanahalli,"{""type"":""Polygon"",""coordinates"":[[[76.97022864012199,12.43324329254166],[76.96995526798857,12.4331555607232],[76.96978851947632,12.432926554248333],[76.96979344194492,12.432645603302989],[76.96996801364828,12.432422327322634],[76.97024428648278,12.432343694838925],[76.9705144056422,12.43244043138739],[76.97067306630782,12.432674867390693],[76.97065847480924,12.432955520098519],[76.97047616883043,12.433172854223393],[76.97022864012199,12.43324329254166]]]}"
000000000000000001b3,Mandya,0.7355073748668994,MM-MD-0233,0.6000000000000001,0.5253336317323694,13.809499064643527,511.23469845205545,77.08545684631996,ESA_WorldCover_Cropland,0.220383882522583,6.276189981292873,Malavalli,23.69476690354693,Bheemanahalli,"{""type"":""Polygon"",""coordinates"":[[[76.96016752665156,12.4353992667221],[76.95989413197336,12.435311521966092],[76.95972736970988,12.435082509853583],[76.95973229258438,12.434801562769568],[76.9599068786842,12.434578212988205],[76.96018317430271,12.43449968137604],[76.9604533157394,12.43459643057852],[76.9606119894904,12.43483078608452],[76.96059730888054,12.435111430156883],[76.96041498786613,12.435328837761714],[76.96016752665156,12.4353992667221]]]}"
000000000000000001b4,Mandya,0.7355073748664254,MM-MD-0235,0.6000000000000001,,10.0,511.23469845205545,77.08545684631996,ESA_WorldCover_Cropland,0.220383882522583,6.2,Malavalli,23.69476690354693,Bheemanahalli,"{""type"":""Polygon"",""coordinates"":[[[76.97004897053164,12.433602592965382],[76.96977559799538,12.433514860377555],[76.96960884923742,12.433285938612762],[76.96961377171326,12.433004986922091],[76.96978834367388,12.432781625032158],[76.9700646169155,12.432702992876566],[76.97033473647298,12.43279973021225],[76.97049348527311,12.433034171431814],[76.97047880585232,12.43331482058837],[76.97029649960484,12.43353224059233],[76.97004897053164,12.433602592965382]]]}"
000000000000000001bd,Mandya,0.7355073748672294,MM-MD-0328,0.6000000000000001,0.5303967674302322,10.0,511.23469845205545,77.08545684631996,ESA_WorldCover_Cropland,0.220383882522583,6.197448290198517,Malavalli,23.69476690354693,Bheemanahalli,"{""type"":""Polygon"",""coordinates"":[[[76.96762349305345,12.427134797568261],[76.96735020298287,12.427046992222062],[76.96718345090854,12.426818001749542],[76.96718828557916,12.426537064449285],[76.96736294891485,12.426313719948007],[76.96763913974853,12.426235171603306],[76.96790935258137,12.426331904035926],[76.96806801663661,12.426566323755397],[76.96805333692382,12.426846954364967],[76.96787102705011,12.427064361730853],[76.96762349305345,12.427134797568261]]]}"
000000000000000001bf,Mandya,0.7355073748672472,MM-MD-0339,0.6000000000000001,0.44793087767166895,14.622401247401253,511.23469845205545,77.08545684631996,ESA_WorldCover_Cropland,0.220383882522583,6.1,Malavalli,23.69476690354693,Bheemanahalli,"{""type"":""Polygon"",""coordinates"":[[[76.96277256921456,12.43189579769509],[76.96249926827761,12.431808065513087],[76.96233250957316,12.431579062573276],[76.96233743234261,12.431298121961966],[76.96251201471638,12.431074859079354],[76.96278830443804,12.430996237356633],[76.96305844010901,12.4310929781275],[76.96321711047331,12.431327410167283],[76.96320243017679,12.431607962349007],[76.9630201130538,12.43182536901821],[76.96277256921456,12.43189579769509]]]}"
000000000000000001cb,Mandya,0.735507374865457,MM-MD-0455,0.6000000000000001,0.5572107479719638,10.878118503118504,511.23469845205545,77.08545684631996,ESA_WorldCover_Cropland,0.220383882522583,6.217562370062367,Malavalli,23.69476690354693,Bheemanahalli,"{""type"":""Polygon"",""coordinates"":[[[76.96061664860574,12.43557890709226],[76.96034334284138,12.43549116673199],[76.96017658119152,12.43526215414864],[76.96018141613975,12.434981201910913],[76.96035608950531,12.43475794112629],[76.96063229619932,12.434679318952968],[76.96090243664213,12.434776068073381],[76.96106110980935,12.43501050972783],[76.9610464292535,12.43529106903559],[76.96086419681754,12.43550848184782],[76.96061664860574,12.43557890709226]]]}"
000000000000000001d0,Mandya,0.73550737486603,MM-MD-0520,0.6000000000000001,0.43613466046526544,15.0,511.23469845205545,77.08545684631996,ESA_WorldCover_Cropland,0.220383882522583,6.111086278586285,Malavalli,23.69476690354693,Bheemanahalli,"{""type"":""Polygon"",""coordinates"":[[[76.9633116093457,12.431177159322269],[76.96303822170982,12.431089424566654],[76.96287155164802,12.430860427787504],[76.96287638648953,12.430579484221253],[76.96305105599839,12.430356140220587],[76.96332725659379,12.430277598944366],[76.96359739107173,12.430374337981718],[76.96375606073524,12.430608768151622],[76.96374138050355,12.430889319057101],[76.96355906418577,12.431106725540783],[76.9633116093457,12.431177159322269]]]}"
000000000000000001d1,Mandya,0.7355073748670796,MM-MD-0523,0.6000000000000001,0.5253726960739914,10.0,511.23469845205545,77.08545684631996,ESA_WorldCover_Cropland,0.220383882522583,6.237103649027967,Malavalli,23.69476690354693,Bheemanahalli,"{""type"":""Polygon"",""coordinates"":[[[76.97076764730444,12.430368724463346],[76.97049427637958,12.430280997968394],[76.9703275286045,12.430051999021174],[76.9703324510513,12.429771054871365],[76.97050702198294,12.429547696656043],[76.97078329359606,12.429469062872966],[76.97105341156127,12.429565879564192],[76.97121207152541,12.429800222352824],[76.97119739219114,12.430080864109263],[76.9710150870182,12.430298280704807],[76.97076764730444,12.430368724463346]]]}"
000000000000000001d2,Mandya,0.735507374865977,MM-MD-0538,0.6000000000000001,,10.0,511.23469845205545,77.08545684631996,ESA_WorldCover_Cropland,0.220383882522583,6.2,Malavalli,23.69476690354693,Bheemanahalli,"{""type"":""Polygon"",""coordinates"":[[[76.96942012488046,12.43423142280097],[76.96914675093433,12.434143688575421],[76.96898008921825,12.433914683791253],[76.96898492381764,12.433633726810756],[76.96915958458024,12.433410454864475],[76.969435771345,12.43333181946961],[76.96970598019692,12.43342856273772],[76.96986464191453,12.433663001307936],[76.96984996241802,12.433943651428992],[76.96966765523028,12.43416098570691],[76.96942012488046,12.43423142280097]]]}"
000000000000000001d4,Mandya,0.7355073748668106,MM-MD-0572,0.6000000000000001,0.7018731042153978,12.885285097978073,511.23469845205545,77.08545684631996,ESA_WorldCover_Cropland,0.220383882522583,6.206954623421169,Malavalli,23.69476690354693,Bheemanahalli,"{""type"":""Polygon"",""coordinates"":[[[76.9605268067655,12.434860298034902],[76.96025350080002,12.434772558797674],[76.96008673902742,12.434543548096167],[76.96009166188743,12.434262602046061],[76.96026624747331,12.434039252518765],[76.96054245437061,12.433960630351283],[76.96081259501224,12.434057378293106],[76.96097126829623,12.434291818043933],[76.96095658772958,12.434572461115875],[76.96077435515949,12.43478987279542],[76.9605268067655,12.434860298034902]]]}"
000000000000000001d5,Mandya,0.7355073748663495,MM-MD-0578,0.6000000000000001,0.5240983563068646,10.0,511.23469845205545,77.08545684631996,ESA_WorldCover_Cropland,0.220383882522583,6.188914297593674,Malavalli,23.69476690354693,Bheemanahalli,"{""type"":""Polygon"",""coordinates"":[[[76.96753365637218,12.427044953484929],[76.9672603661003,12.42695723385175],[76.96709361390313,12.426728157969507],[76.96709853648049,12.426447225256545],[76.96727311204168,12.426223876745356],[76.9675493909816,12.426145332792862],[76.96781951611067,12.426242060871866],[76.96797818028276,12.42647648034896],[76.96796350055916,12.426757110646385],[76.96778119055118,12.42697451775208],[76.96753365637218,12.427044953484929]]]}"
000000000000000001d8,Mandya,0.7355073748670811,MM-MD-0592,0.6000000000000001,0.3945163711181045,11.514111960081086,511.23469845205545,77.08545684631996,ESA_WorldCover_Cropland,0.220383882522583,6.181282810956904,Malavalli,23.69476690354693,Bheemanahalli,"{""type"":""Polygon"",""coordinates"":[[[76.97076764730444,12.433063612730226],[76.97049427637958,12.432975881712496],[76.9703275286045,12.432746875707789],[76.9703324510513,12.432465924718663],[76.97050702198294,12.432242648197974],[76.97078329359606,12.432164014887706],[76.97105341156127,12.432260750646044],[76.97121207152541,12.432495186203676],[76.97119739219114,12.432775834707487],[76.9710150870182,12.432993169394852],[76.97076764730444,12.433063612730226]]]}"
000000000000000001da,Mandya,0.7355073748661286,MM-MD-0595,0.6000000000000001,,10.0,511.23469845205545,77.08545684631996,ESA_WorldCover_Cropland,0.220383882522583,6.2,Malavalli,23.69476690354693,Bheemanahalli,"{""type"":""Polygon"",""coordinates"":[[[76.97004897053164,12.43396198583712],[76.96977559799538,12.433874252646168],[76.96960884923743,12.433645244289542],[76.96961377171326,12.433364291687196],[76.96978834367388,12.433140929270046],[76.9700646169155,12.433062297177566],[76.97033473647298,12.433159120792785],[76.97049348527311,12.433393477310767],[76.97047880585232,12.433674127366709],[76.97029649960484,12.433891547869505],[76.97004897053164,12.43396198583712]]]}"
000000000000000001dc,Mandya,0.7355073748662874,MM-MD-0627,0.6000000000000001,,10.0,511.23469845205545,77.08545684631996,ESA_WorldCover_Cropland,0.220383882522583,6.2,Malavalli,23.69476690354693,Bheemanahalli,"{""type"":""Polygon"",""coordinates"":[[[76.97013880535991,12.433602595898938],[76.96986543302508,12.433514863394308],[76.96969868438997,12.43328585597866],[76.96970360686217,12.433004989855506],[76.96987817869417,12.432781627831563],[76.97015445173223,12.432702995543464],[76.9704245710907,12.432799732799857],[76.9705832318732,12.433034169747549],[76.97056864036388,12.43331482326786],[76.97038633425073,12.433532243407186],[76.97013880535991,12.433602595898938]]]}"
000000000000000001e0,Mandya,0.7355073748660929,MM-MD-0665,0.6000000000000001,,10.0,511.23469845205545,77.08545684631996,ESA_WorldCover_Cropland,0.220383882522583,6.2,Malavalli,23.69476690354693,Bheemanahalli,"{""type"":""Polygon"",""coordinates"":[[[76.96977946564968,12.434141587578619],[76.96950609250918,12.434053853836652],[76.96933934338267,12.433824845009925],[76.96934426586938,12.43354397785268],[76.96951892611729,12.433320619851088],[76.96979511206811,12.433241983910541],[76.97006532012371,12.43333872670411],[76.97022398137372,12.43357316505635],[76.97020930192048,12.433853815300848],[76.97002699527003,12.434071149995484],[76.96977946564968,12.434141587578619]]]}"
000000000000000001e6,Mandya,0.735507374867051,MM-MD-0760,0.6000000000000001,0.4882218028725259,15.0,511.23469845205545,77.08545684631996,ESA_WorldCover_Cropland,0.220383882522583,6.1,Malavalli,23.69476690354693,Bheemanahalli,"{""type"":""Polygon"",""coordinates"":[[[76.96367096811032,12.431536470651533],[76.96339758127952,12.43144873562539],[76.96323082380259,12.431219733625847],[76.96323574653579,12.430938793093198],[76.96341032762447,12.430715529397506],[76.96368661531233,12.43063690628641],[76.96395674899475,12.430733645635575],[76.96411541819097,12.430968076774533],[76.96410073800253,12.431248714575421],[76.96391842222165,12.431466036451871],[76.96367096811032,12.431536470651533]]]}"
000000000000000001e8,Mandya,0.735507374865849,MM-MD-0782,0.6000000000000001,0.31028746267497065,10.893237694266853,511.23469845205545,77.08545684631996,ESA_WorldCover_Cropland,0.220383882522583,6.181703830760427,Malavalli,23.69476690354693,Bheemanahalli,"{""type"":""Polygon"",""coordinates"":[[[76.9705879785084,12.43315345546297],[76.97031460718068,12.433065724128072],[76.97014785915987,12.432836717888222],[76.97015278161393,12.432555766837691],[76.97032735280281,12.432332490453181],[76.97060362482308,12.432253857423683],[76.97087374318637,12.432350593497796],[76.97103240338434,12.43258502928311],[76.97101772402843,12.432865677837693],[76.97083550648728,12.433083016655681],[76.9705879785084,12.43315345546297]]]}"
000000000000000001e9,Mandya,0.7355073748669788,MM-MD-0784,0.6000000000000001,0.5006213052271082,10.0,511.23469845205545,77.08545684631996,ESA_WorldCover_Cropland,0.220383882522583,6.1637767035708775,Malavalli,23.69476690354693,Bheemanahalli,"{""type"":""Polygon"",""coordinates"":[[[76.9705879785084,12.430458566555638],[76.97031460718068,12.43037075409482],[76.97014785915987,12.430141754912652],[76.97015278161393,12.429860810701584],[76.97032735280283,12.429637538270628],[76.97060362482308,12.42955890476826],[76.97087374318637,12.429655636126943],[76.97103240338434,12.429890064791582],[76.97101772402843,12.43017070659886],[76.97083541858682,12.430388123048528],[76.9705879785084,12.430458566555638]]]}"
000000000000000001ed,Mandya,0.735507374865239,MM-MD-0811,0.6000000000000001,0.5390592726041649,10.0,511.23469845205545,77.08545684631996,ESA_WorldCover_Cropland,0.220383882522583,6.199542595769005,Malavalli,23.69476690354693,Bheemanahalli,"{""type"":""Polygon"",""coordinates"":[[[76.96726414593134,12.428392412766081],[76.96699085505557,12.428304690621662],[76.96682410248995,12.428075696854432],[76.96682902507818,12.427794760969975],[76.96700360102511,12.427571410881894],[76.96727988057553,12.427492781918563],[76.9675500063015,12.42758951259391],[76.9677086708242,12.427823935618152],[76.96769399106816,12.428104569029413],[76.96751168065731,12.428321977601314],[76.96726414593134,12.428392412766081]]]}"
000000000000000001ee,Mandya,0.73550737486646,MM-MD-0814,0.6000000000000001,0.4720079407757484,10.075103950103951,511.23469845205545,77.08545684631996,ESA_WorldCover_Cropland,0.220383882522583,6.15413201663201,Malavalli,23.69476690354693,Bheemanahalli,"{""type"":""Polygon"",""coordinates"":[[[76.97040830944758,12.432973840357532],[76.970134937717,12.432886109157664],[76.96996818945047,12.432657103388252],[76.9699731119118,12.432376152960071],[76.97014768335792,12.4321527914569],[76.97042395578532,12.43207415866086],[76.97069407454669,12.432170980229383],[76.97085273497848,12.432405329880039],[76.97083805560094,12.432685977810637],[76.97065583779124,12.432903401759395],[76.97040830944758,12.432973840357532]]]}"
000000000000000001f0,Mandya,0.7355073748660543,MM-MD-0825,0.6000000000000001,0.560867799543342,12.301455301455306,511.23469845205545,77.08545684631996,ESA_WorldCover_Cropland,0.220383882522583,6.232811850311849,Malavalli,23.69476690354693,Bheemanahalli,"{""type"":""Polygon"",""coordinates"":[[[76.96043696485916,12.435219591111782],[76.96016365869252,12.43513185118827],[76.95999689679721,12.434902839545986],[76.96000181966085,12.434621892667716],[76.96017640537521,12.43439862839664],[76.96045270038374,12.434320010705928],[76.96072284122398,12.434416759356],[76.96088151462463,12.434651114402001],[76.9608668340472,12.434931758286119],[76.96068451343533,12.435149166047973],[76.96043696485916,12.435219591111782]]]}"
000000000000000001f1,Mandya,0.7355073748668947,MM-MD-0852,0.6000000000000001,0.5455487171029909,15.0,511.23469845205545,77.08545684631996,ESA_WorldCover_Cropland,0.220383882522583,6.1,Malavalli,23.69476690354693,Bheemanahalli,"{""type"":""Polygon"",""coordinates"":[[[76.96340144913606,12.432165368841405],[76.96312806170147,12.432077632509827],[76.96296130385622,12.431848628863332],[76.9629662266003,12.431567601337008],[76.96314089598059,12.431344341400077],[76.96341709637264,12.431265714518343],[76.9636872306517,12.431362455205987],[76.96384590019838,12.431596887991997],[76.96383121997752,12.431877527105863],[76.96364890379397,12.43209493509696],[76.96340144913606,12.432165368841405]]]}"
000000000000000001f2,Mandya,0.7355073748654165,MM-MD-0870,0.6000000000000001,0.6486824590124786,10.0,511.23469845205545,77.08545684631996,ESA_WorldCover_Cropland,0.220383882522583,6.1787422037422,Malavalli,23.69476690354693,Bheemanahalli,"{""type"":""Polygon"",""coordinates"":[[[76.96645569893931,12.426056762238044],[76.9661823183484,12.425969038990464],[76.96601565258143,12.425740055619796],[76.96602048729834,12.425459122139658],[76.96619515230624,12.425235780963515],[76.96647134578417,12.425157148506827],[76.96674147330074,12.425253961450595],[76.96690013887525,12.425488292612913],[76.9668854590219,12.425768919389702],[76.96670323530596,12.425986327773852],[76.96645569893931,12.426056762238044]]]}"
000000000000000001f8,Mandya,0.7355073748660077,MM-MD-0950,0.6000000000000001,0.4193777257096357,14.399168399168406,511.23469845205545,77.08545684631996,ESA_WorldCover_Cropland,0.220383882522583,6.2,Malavalli,23.69476690354693,Bheemanahalli,"{""type"":""Polygon"",""coordinates"":[[[76.97121681813611,12.433243320918793],[76.97094344821845,12.433155590015481],[76.9707767010577,12.432926583539947],[76.97078153558587,12.432645627401916],[76.97095619377485,12.432422268573758],[76.9712324643701,12.432343720283024],[76.97150258134008,12.4324404559593],[76.97166124071961,12.432674892015871],[76.97164656143944,12.432955455753763],[76.9714642569382,12.433172877018238],[76.97121681813611,12.433243320918793]]]}"
000000000000000001fb,Mandya,0.735507374866443,MM-MD-0984,0.6000000000000001,0.683647961848417,10.0,511.23469845205545,77.08545684631996,ESA_WorldCover_Cropland,0.220383882522583,6.1,Malavalli,23.69476690354693,Bheemanahalli,"{""type"":""Polygon"",""coordinates"":[[[76.96959979539744,12.42812293197538],[76.96932642185413,12.428035208168938],[76.96915976038359,12.42780613373454],[76.96916459497588,12.42752519209328],[76.96933925548112,12.42730192883883],[76.96961544183893,12.4272232921089],[76.96988565029268,12.427320024527207],[76.9700443117765,12.427554446965779],[76.97002963230163,12.42783508196611],[76.96984732538255,12.428052493682367],[76.96959979539744,12.42812293197538]]]}"
000000000000000001fc,Mandya,0.7355073748665998,MM-MD-0988,0.6000000000000001,0.5362525868212874,13.347105290510344,511.23469845205545,77.08545684631996,ESA_WorldCover_Cropland,0.220383882522583,6.266942105810209,Malavalli,23.69476690354693,Bheemanahalli,"{""type"":""Polygon"",""coordinates"":[[[76.96025736875619,12.435668728888196],[76.95998397427921,12.43558098376302],[76.95981721213843,12.435352056594516],[76.95982213500932,12.435071108743351],[76.95999672098064,12.434847758432634],[76.96027301639585,12.434769141086381],[76.96054315763372,12.434865890681174],[76.96070183126794,12.435100332553446],[76.96068715066889,12.435380891737559],[76.96050482978866,12.435598299851675],[76.96025736875619,12.435668728888196]]]}"
000000000000000001fe,Mandya,0.7355073748667005,MM-MD-0997,0.6000000000000001,0.3498181141107779,12.064601631931817,511.23469845205545,77.08545684631996,ESA_WorldCover_Cropland,0.220383882522583,6.130549347747004,Malavalli,23.69476690354693,Bheemanahalli,"{""type"":""Polygon"",""coordinates"":[[[76.96456927248677,12.430727998898663],[76.96429588766863,12.430640266061635],[76.96412913141928,12.430411266178847],[76.96413405411626,12.430130326864925],[76.96430863391973,12.42990697736841],[76.96458491957358,12.429828438436727],[76.96485505126722,12.42992517557809],[76.96501371929527,12.430159604629235],[76.9649990392149,12.430440155629562],[76.96481672477633,12.43065756338483],[76.96456927248677,12.430727998898663]]]}"
000000000000000001ff,Mandya,0.7355073748659386,MM-MD-0999,0.6000000000000001,0.6383902922346516,10.0,511.23469845205545,77.08545684631996,ESA_WorldCover_Cropland,0.220383882522583,6.178742203742201,Malavalli,23.69476690354693,Bheemanahalli,"{""type"":""Polygon"",""coordinates"":[[[76.96645569893931,12.426146603141929],[76.9661823183484,12.426058879743493],[76.96601565258143,12.42582989613743],[76.96602048729834,12.425548962429124],[76.96619515230624,12.425325621121045],[76.96647134578417,12.42524698868009],[76.96674147330074,12.425343716137386],[76.96690013887525,12.425578133180972],[76.9668854590219,12.425858760182832],[76.96670323530596,12.426076168691871],[76.96645569893931,12.426146603141929]]]}"
000000000000000001b5,Mandya,0.7355073748656024,MM-MD-0241,0.7000000000000001,0.6600544064781946,15.0,511.23469845205545,77.08545684631996,ESA_WorldCover_Cropland,0.220383882522583,6.2,Malavalli,23.69476690354693,Bheemanahalli,"{""type"":""Polygon"",""coordinates"":[[[76.96537773198044,12.423631326328593],[76.96510434897382,12.423543606156606],[76.96493768173416,12.423314629143237],[76.96494251649379,12.423033617181835],[76.96511718304507,12.422810281176366],[76.96539337896355,12.422731735525502],[76.96566350886717,12.4228284595297],[76.96582217584377,12.423062869863958],[76.9658074958607,12.42334348951851],[76.96562518263023,12.423560888631481],[76.96537773198044,12.423631326328593]]]}"
000000000000000001eb,Mandya,0.735507374866583,MM-MD-0792,0.7000000000000001,0.671490935718537,15.0,511.23469845205545,77.08545684631996,ESA_WorldCover_Cropland,0.220383882522583,6.2,Malavalli,23.69476690354693,Bheemanahalli,"{""type"":""Polygon"",""coordinates"":[[[76.9651980552438,12.423541483935384],[76.9649247597393,12.423453768023753],[76.96475800434946,12.423224786970435],[76.96476283911622,12.422943775403974],[76.96493750592472,12.422720525439813],[76.96521370224998,12.422641894396659],[76.96548383255143,12.422738618401981],[76.96564249976171,12.422973028488846],[76.96562781975702,12.423253647744056],[76.9654455941624,12.42347105073697],[76.9651980552438,12.423541483935384]]]}"
000000000000000000cf,Mandya,0.7355073748663521,MM-MD-0005,0.609213465634578,0.573670327626145,10.0,551.5740271359682,76.20049410213744,ESA_WorldCover_Cropland,0.22066688537597656,6.8,Maddur,24.173760171861204,Ankegowdanadoddi,"{""type"":""Polygon"",""coordinates"":[[[77.12428966112704,12.533585134108698],[77.12401628641852,12.533497361455966],[77.1238493993673,12.533268420777178],[77.1238543155594,12.532987417705648],[77.12402901582634,12.532764125918936],[77.12430537532539,12.532685476058418],[77.12457558898298,12.532782271495773],[77.12473431069081,12.533016647991193],[77.12471965001092,12.533297265875964],[77.12453731314137,12.53351470029578],[77.12428966112704,12.533585134108698]]]}"
000000000000000000d2,Mandya,0.7355073748665122,MM-MD-0022,0.6092077922077919,0.6127293574816313,10.0,551.5740271359682,76.20049410213744,ESA_WorldCover_Cropland,0.22066688537597656,6.8,Maddur,24.173760171861204,Ankegowdanadoddi,"{""type"":""Polygon"",""coordinates"":[[[77.12357101965945,12.533585156985543],[77.12329755551862,12.533497379407823],[77.1231307552541,12.533268357199525],[77.12313567147574,12.532987440556026],[77.12331037279246,12.532764149838057],[77.12358673395225,12.53268550104086],[77.12385694923367,12.53278229712106],[77.12401567189535,12.533016673588545],[77.12400101112736,12.53329729078537],[77.12381867316205,12.533514724125427],[77.12357101965945,12.533585156985543]]]}"
000000000000000000e3,Mandya,0.735507374866972,MM-MD-0171,0.589981297729752,0.6183466957159899,10.0,551.5740271359682,76.20049410213744,ESA_WorldCover_Cropland,0.22066688537597656,6.8,Maddur,24.173760171861204,Ankegowdanadoddi,"{""type"":""Polygon"",""coordinates"":[[[77.12357101965945,12.533674958915272],[77.12329755551862,12.533587181188732],[77.1231307552541,12.533358244518617],[77.12313567147574,12.533077241879747],[77.12331037279246,12.532853951031699],[77.12358673395225,12.532775302250021],[77.12385694923367,12.532872098485385],[77.12401567189535,12.533106475187079],[77.12400101112736,12.533387092605876],[77.12381867316205,12.533604526069102],[77.12357101965945,12.533674958915272]]]}"
000000000000000000f0,Mandya,0.7355073748657603,MM-MD-0326,0.5226672901080635,0.6792304822880164,10.0,551.5740271359682,76.20049410213744,ESA_WorldCover_Cropland,0.22066688537597656,6.268334372402324,Maddur,24.173760171861204,Ankegowdanadoddi,"{""type"":""Polygon"",""coordinates"":[[[77.11674388597343,12.532686843545983],[77.1164704062279,12.532599061056034],[77.11630359644552,12.532370041076557],[77.1163085129477,12.532089132932738],[77.11648313643859,12.531865763650018],[77.11675951336859,12.531787210567098],[77.11702974407001,12.53188392543358],[77.11718847578953,12.53211838505816],[77.11717381418488,12.532398993496523],[77.11699146581411,12.532616415344847],[77.11674388597343,12.532686843545983]]]}"
000000000000000000fb,Mandya,0.7355073748659463,MM-MD-0453,0.6728165428378453,0.5294879338932568,10.0,551.5740271359682,76.20049410213744,ESA_WorldCover_Cropland,0.22066688537597656,6.3,Maddur,24.173760171861204,Ankegowdanadoddi,"{""type"":""Polygon"",""coordinates"":[[[77.11728285433934,12.537807193726328],[77.11700937582528,12.537719489026289],[77.11684256679399,12.537490455814657],[77.11684748327404,12.537209534350675],[77.11702219377281,12.536986161102062],[77.11729848166412,12.536907603859142],[77.11756879894244,12.537004331343502],[77.11772752994703,12.537238718575816],[77.11771278061478,12.537519335929732],[77.11753043306516,12.537736765607471],[77.11728285433934,12.537807193726328]]]}"
00000000000000000121,Mandya,0.735507374866603,MM-MD-0815,0.5298093407449737,0.7241339673178635,10.0,551.5740271359682,76.20049410213744,ESA_WorldCover_Cropland,0.22066688537597656,6.69381266559301,Maddur,24.173760171861204,Ankegowdanadoddi,"{""type"":""Polygon"",""coordinates"":[[[77.12231343059537,12.536819082136134],[77.12203996357916,12.5367312980201],[77.12187316156081,12.5365023532059],[77.12187799004357,12.536221339586977],[77.1220526931973,12.5359980460565],[77.12232905726313,12.535919399679834],[77.12259936317615,12.536016206725009],[77.12275808750684,12.536250591576833],[77.12274342658469,12.536531215561702],[77.12256099891195,12.53674864719366],[77.12231343059537,12.536819082136134]]]}"
00000000000000000122,Mandya,0.7355073748661571,MM-MD-0831,0.6025509143807158,0.40645103616999567,10.0,551.5740271359682,76.20049410213744,ESA_WorldCover_Cropland,0.22066688537597656,6.3,Maddur,24.173760171861204,Ankegowdanadoddi,"{""type"":""Polygon"",""coordinates"":[[[77.11818115882011,12.53834623811361],[77.1179076823587,12.53825844759079],[77.11774087457943,12.53802949877102],[77.11774579102256,12.537748489362505],[77.11792050021002,12.53752519976885],[77.11819687382089,12.537446559773045],[77.1184671012769,12.537543368901796],[77.11862583109004,12.537777757574641],[77.11861116966149,12.538058381375432],[77.1184287356876,12.538275723114683],[77.11818115882011,12.53834623811361]]]}"
0000000000000000012e,Mandya,0.7355073748654986,MM-MD-0934,0.5969063327965095,0.6361001024996742,10.0,551.5740271359682,76.20049410213744,ESA_WorldCover_Cropland,0.22066688537597656,6.0163956569172425,Maddur,24.173760171861204,Ankegowdanadoddi,"{""type"":""Polygon"",""coordinates"":[[[77.11836078378985,12.541759751553563],[77.11808739553231,12.541672045574147],[77.11792050021002,12.541443083681319],[77.11792541664578,12.541162065559167],[77.11810012557102,12.540938770759382],[77.11837649876706,12.540860131090803],[77.11864672581747,12.540956945956395],[77.11880545539233,12.54119134353503],[77.11879079398578,12.541471975939375],[77.11860844807873,12.541689326877027],[77.11836078378985,12.541759751553563]]]}"
00000000000000000131,Mandya,0.7355073748665885,MM-MD-0960,0.6317471037456495,0.6464496472919498,10.0,551.5740271359682,76.20049410213744,ESA_WorldCover_Cropland,0.22066688537597656,6.8,Maddur,24.173760171861204,Ankegowdanadoddi,"{""type"":""Polygon"",""coordinates"":[[[77.11818115882011,12.533854660953484],[77.1179076823587,12.533766877875182],[77.11774087457943,12.533537854895318],[77.11774579102256,12.533256942509663],[77.11792050021002,12.53303357364966],[77.11819687382089,12.532955018643401],[77.1184671012769,12.533051734241502],[77.11862583109004,12.533286196970085],[77.11861116966149,12.533566809671857],[77.1184287356876,12.533784145259173],[77.11818115882011,12.533854660953484]]]}"
000000000000000000da,Mandya,0.7355073748661017,MM-MD-0085,0.5,0.6488270210672541,10.0,551.5740271359682,76.20049410213744,ESA_WorldCover_Cropland,0.22066688537597656,6.705683412125309,Maddur,24.173760171861204,Ankegowdanadoddi,"{""type"":""Polygon"",""coordinates"":[[[77.12285237387347,12.53708852771979],[77.12257890808944,12.537000829435826],[77.1224121068227,12.536771798160055],[77.12241702307388,12.53649087339812],[77.12259172544032,12.536267578675629],[77.12286808826069,12.536188931547885],[77.12313830516582,12.536285734323966],[77.1232970287813,12.536520119899489],[77.1232823679252,12.536800745066348],[77.1231000288642,12.53701809635722],[77.12285237387347,12.53708852771979]]]}"
000000000000000000db,Mandya,0.7355073748659875,MM-MD-0094,0.5,0.6415793680332125,10.0,551.5740271359682,76.20049410213744,ESA_WorldCover_Cropland,0.22066688537597656,6.8,Maddur,24.173760171861204,Ankegowdanadoddi,"{""type"":""Polygon"",""coordinates"":[[[77.12348121111972,12.535112253259804],[77.12320774677352,12.535024558838959],[77.12304094638375,12.534795532680912],[77.12304586260909,12.534514612293625],[77.123220564057,12.534291233726218],[77.1234969254243,12.534212671097036],[77.12376714090865,12.534309384124931],[77.12392586368955,12.534543764571463],[77.12391120291053,12.534824471228347],[77.12372886480829,12.535041820756026],[77.12348121111972,12.535112253259804]]]}"
000000000000000000eb,Mandya,0.7355073748663633,MM-MD-0215,0.5,0.5534809121551894,10.0,551.5740271359682,76.20049410213744,ESA_WorldCover_Cropland,0.22066688537597656,6.332010389610386,Maddur,24.173760171861204,Ankegowdanadoddi,"{""type"":""Polygon"",""coordinates"":[[[77.11898964464616,12.53304617103457],[77.11871617003237,12.532958390054521],[77.11854936338003,12.532729369176483],[77.11855427978995,12.532448458076406],[77.1187289877971,12.532225089185058],[77.1190052717481,12.532146528589372],[77.1192755851711,12.532243246319995],[77.11943431391178,12.53247770697102],[77.11941965258228,12.532758318448671],[77.119237219841,12.53297573991232],[77.11898964464616,12.53304617103457]]]}"
000000000000000000ef,Mandya,0.7355073748661596,MM-MD-0321,0.5,0.7182841638555172,10.0,551.5740271359682,76.20049410213744,ESA_WorldCover_Cropland,0.22066688537597656,6.799064886487616,Maddur,24.173760171861204,Ankegowdanadoddi,"{""type"":""Polygon"",""coordinates"":[[[77.12330159383791,12.53538179792701],[77.12302812908102,12.535294017119384],[77.12286132844075,12.535064990262187],[77.12286615688359,12.53478406511232],[77.12304085859401,12.534560772193108],[77.12331722037658,12.534482124105335],[77.12358743626696,12.534578923530812],[77.12374624707557,12.53481330892487],[77.12373149848531,12.535093926052484],[77.12354916010906,12.53531136145144],[77.12330159383791,12.53538179792701]]]}"
0000000000000000012c,Mandya,0.7355073748657643,MM-MD-0918,0.5,0.5857236381437774,10.0,551.5740271359682,76.20049410213744,ESA_WorldCover_Cropland,0.22066688537597656,6.726550649350645,Maddur,24.173760171861204,Ankegowdanadoddi,"{""type"":""Polygon"",""coordinates"":[[[77.12321169730625,12.537268216865346],[77.1229382323438,12.537180518620927],[77.12277143157814,12.536951486885775],[77.12277634781456,12.536670561344998],[77.12295104965615,12.536447180055182],[77.12322741164624,12.536368618199466],[77.12349762773955,12.536465335191586],[77.12365635087814,12.536699721249326],[77.1236416900661,12.536980347203968],[77.12345935155292,12.537197785054222],[77.12321169730625,12.537268216865346]]]}"
000000000000000000d0,Mandya,0.7355073748676655,MM-MD-0016,0.6000000000000001,0.6173361043281606,10.0,551.5740271359682,76.20049410213744,ESA_WorldCover_Cropland,0.22066688537597656,6.2,Maddur,24.173760171861204,Ankegowdanadoddi,"{""type"":""Polygon"",""coordinates"":[[[77.11809134623412,12.540502181006595],[77.11781786956749,12.540414386826804],[77.11765106166303,12.540185432435122],[77.11765597810985,12.53990450348296],[77.11783059963486,12.539681120874073],[77.11810697345334,12.5396025671597],[77.1183772889055,12.539699298575231],[77.11853601883779,12.539933692865167],[77.11852126960517,12.540214317650136],[77.11833892328742,12.540431752235568],[77.11809134623412,12.540502181006595]]]}"
000000000000000000d3,Mandya,0.735507374866775,MM-MD-0026,0.6000000000000001,0.5394911690574539,10.0,551.5740271359682,76.20049410213744,ESA_WorldCover_Cropland,0.22066688537597656,6.5,Maddur,24.173760171861204,Ankegowdanadoddi,"{""type"":""Polygon"",""coordinates"":[[[77.1197083136374,12.54005303960141],[77.1194348406661,12.53996524768295],[77.11926803501557,12.539736294474972],[77.11927295139596,12.539455279393136],[77.11944757056146,12.539231980802855],[77.11972394064546,12.539153338842903],[77.11999425244488,12.53925015380833],[77.1201529802322,12.539484546990249],[77.1201382311989,12.539765172215233],[77.11995588734523,12.53998252284147],[77.1197083136374,12.54005303960141]]]}"
000000000000000000dd,Mandya,0.7355073748659949,MM-MD-0127,0.6000000000000001,0.6290851520313864,10.0,551.5740271359682,76.20049410213744,ESA_WorldCover_Cropland,0.22066688537597656,6.471827107901716,Maddur,24.173760171861204,Ankegowdanadoddi,"{""type"":""Polygon"",""coordinates"":[[[77.11898964464616,12.541310664375336],[77.11871617003237,12.541222869698775],[77.11854936338003,12.540993913231349],[77.11855427978995,12.5407129814329],[77.1187289877971,12.540489600572332],[77.1190052717481,12.540411041414128],[77.1192755851711,12.540507773421373],[77.11943431391178,12.540742169853617],[77.11941965258228,12.541022801750987],[77.119237219841,12.541240234539016],[77.11898964464616,12.541310664375336]]]}"
000000000000000000e4,Mandya,0.7355073748669902,MM-MD-0177,0.6000000000000001,0.5305026850724007,10.0,551.5740271359682,76.20049410213744,ESA_WorldCover_Cropland,0.22066688537597656,6.2,Maddur,24.173760171861204,Ankegowdanadoddi,"{""type"":""Polygon"",""coordinates"":[[[77.11800153358074,12.539693694775162],[77.11772805670887,12.539605901850843],[77.11756124867924,12.539376949546758],[77.11756607733598,12.539096018445669],[77.1177407867858,12.538872641396322],[77.11801716081169,12.538794001900595],[77.1182873886735,12.538890813518295],[77.11844611872502,12.539125205697115],[77.11843145727443,12.539405832654344],[77.11824911081983,12.539623265997223],[77.11800153358074,12.539693694775162]]]}"
00000000000000000101,Mandya,0.7355073748660784,MM-MD-0483,0.6000000000000001,0.5806539293800735,10.0,551.5740271359682,76.20049410213744,ESA_WorldCover_Cropland,0.22066688537597656,6.412905236907729,Maddur,24.173760171861204,Ankegowdanadoddi,"{""type"":""Polygon"",""coordinates"":[[[77.11889983266697,12.540681782509457],[77.11862635784792,12.540594074565359],[77.11845955107037,12.540365119721093],[77.11846446748397,12.540084103804707],[77.1186390878293,12.539860805507054],[77.1189154597806,12.539782164853184],[77.1191857734065,12.539878981629071],[77.11934450226634,12.540113376418807],[77.11932975313337,12.540394002422149],[77.11914740804761,12.54061135269423],[77.11889983266697,12.540681782509457]]]}"
00000000000000000102,Mandya,0.7355073748667799,MM-MD-0507,0.6000000000000001,0.5800547640959441,10.0,551.5740271359682,76.20049410213744,ESA_WorldCover_Cropland,0.22066688537597656,6.542389610389613,Maddur,24.173760171861204,Ankegowdanadoddi,"{""type"":""Polygon"",""coordinates"":[[[77.12051678914494,12.539424208321094],[77.12024331802155,12.539336418203076],[77.12007651349812,12.539107466631457],[77.1200814298453,12.538826452384333],[77.12025604783089,12.538603153501617],[77.1205324160474,12.53852451023574],[77.12080272602023,12.538621323390753],[77.12096145273492,12.538855714964772],[77.12094679159256,12.539136343665291],[77.12076436117981,12.539353776165783],[77.12051678914494,12.539424208321094]]]}"
00000000000000000108,Mandya,0.7355073748670631,MM-MD-0556,0.6000000000000001,0.508097419722639,10.0,551.5740271359682,76.20049410213744,ESA_WorldCover_Cropland,0.22066688537597656,6.5,Maddur,24.173760171861204,Ankegowdanadoddi,"{""type"":""Polygon"",""coordinates"":[[[77.11943879132342,12.540592023301022],[77.11916531773613,12.540504230236621],[77.11899851170988,12.540275275632254],[77.11900342810134,12.539994259447381],[77.11917813545273,12.539770964732943],[77.11945450615906,12.539692323265463],[77.11972473077502,12.539789135148709],[77.11988345891989,12.540023529725161],[77.11986879764542,12.540304160277831],[77.11968636558893,12.540521592757063],[77.11943879132342,12.540592023301022]]]}"
00000000000000000118,Mandya,0.7355073748665454,MM-MD-0716,0.6000000000000001,0.6173627584175333,10.0,551.5740271359682,76.20049410213744,ESA_WorldCover_Cropland,0.22066688537597656,6.503231504571905,Maddur,24.173760171861204,Ankegowdanadoddi,"{""type"":""Polygon"",""coordinates"":[[[77.12087611959367,12.539603820526073],[77.12060264929167,12.539516116221998],[77.12043584526921,12.539287078417082],[77.12044076160163,12.539006149165115],[77.12061537906277,12.538782849487857],[77.1208917464492,12.538704205721256],[77.12116205561013,12.538801018865028],[77.12132078184807,12.539035410921443],[77.12130612074975,12.539316040409927],[77.12112369088496,12.539533387922235],[77.12087611959367,12.539603820526073]]]}"
0000000000000000011c,Mandya,0.7355073748659563,MM-MD-0744,0.6000000000000001,0.62049710628976,10.0,551.5740271359682,76.20049410213744,ESA_WorldCover_Cropland,0.22066688537597656,6.502706915363435,Maddur,24.173760171861204,Ankegowdanadoddi,"{""type"":""Polygon"",""coordinates"":[[[77.12096593008941,12.539603798081389],[77.12069245999268,12.539516093861632],[77.12052565609545,12.53928714183228],[77.12053057242417,12.53900612672394],[77.1207052775457,12.538782831167165],[77.12098164472447,12.538704187267491],[77.1212518658912,12.538800996076906],[77.12141059200997,12.539035388136746],[77.12139593092265,12.539316017711178],[77.12121350119482,12.539533365358453],[77.12096593008941,12.539603798081389]]]}"
00000000000000000134,Mandya,0.7355073748652191,MM-MD-0995,0.6000000000000001,0.6713807905269586,10.0,551.5740271359682,76.20049410213744,ESA_WorldCover_Cropland,0.22066688537597656,6.2,Maddur,24.173760171861204,Ankegowdanadoddi,"{""type"":""Polygon"",""coordinates"":[[[77.11827097133867,12.540771642778077],[77.11799749508252,12.540683934094929],[77.11783068742842,12.540454893235047],[77.11783560386787,12.540173963443854],[77.11801031292423,12.539950670207064],[77.11828668632768,12.539872030499675],[77.11855691358089,12.53996875796443],[77.11871564327488,12.540203152963766],[77.11870098185734,12.540483782841607],[77.11851863581343,12.540701218066307],[77.11827097133867,12.540771642778077]]]}"
000000000000000000df,Mandya,0.7355073748675464,MM-MD-0140,0.7000000000000001,0.6959601138918309,10.0,551.5740271359682,76.20049410213744,ESA_WorldCover_Cropland,0.22066688537597656,6.460483116883112,Maddur,24.173760171861204,Ankegowdanadoddi,"{""type"":""Polygon"",""coordinates"":[[[77.12069641060849,12.534932592829007],[77.12042293989568,12.534844896093439],[77.12025613562267,12.534615870360938],[77.12026105196247,12.53433495297226],[77.12043575747757,12.534111578808075],[77.12071212527893,12.534032934497647],[77.12098234705446,12.534129735477494],[77.12114107353085,12.534364115347],[77.12112641241049,12.534644733121732],[77.12094407006295,12.534862163989933],[77.12069641060849,12.534932592829007]]]}"
0000000000000000010b,Mandya,0.735507374867342,MM-MD-0587,0.7000000000000001,0.7491444872364572,10.0,551.5740271359682,76.20049410213744,ESA_WorldCover_Cropland,0.22066688537597656,6.7,Maddur,24.173760171861204,Ankegowdanadoddi,"{""type"":""Polygon"",""coordinates"":[[[77.11943879132342,12.536010534987009],[77.11916531773613,12.535922835285998],[77.11899851170988,12.535693806749073],[77.11900342810134,12.535412887811315],[77.11917813545273,12.535189599727376],[77.11945450615906,12.535110957464909],[77.11972473077502,12.535207675661772],[77.11988345891989,12.535442144064385],[77.11986879764542,12.535722763298853],[77.11968636558893,12.535940103730004],[77.11943879132342,12.536010534987009]]]}"
0000000000000000010e,Mandya,0.7355073748656042,MM-MD-0620,0.7000000000000001,0.4950625195856409,10.0,551.5740271359682,76.20049410213744,ESA_WorldCover_Cropland,0.22066688537597656,6.2271910229102785,Maddur,24.173760171861204,Ankegowdanadoddi,"{""type"":""Polygon"",""coordinates"":[[[77.11827097133867,12.536998732428158],[77.11799749508252,12.536910944222793],[77.11783068742842,12.53668199888659],[77.11783560386787,12.536401078542742],[77.11801031292423,12.536177704994484],[77.11828668632768,12.536099064631834],[77.11855691358089,12.536195871351845],[77.11871564327488,12.536430256514665],[77.11870098185734,12.536710877072277],[77.11851863581343,12.536928307127496],[77.11827097133867,12.536998732428158]]]}"
00000000000000000117,Mandya,0.7355073748659295,MM-MD-0699,0.7000000000000001,0.6093614244834051,10.0,551.5740271359682,76.20049410213744,ESA_WorldCover_Cropland,0.22066688537597656,6.230939886735591,Maddur,24.173760171861204,Ankegowdanadoddi,"{""type"":""Polygon"",""coordinates"":[[[77.11997774755227,12.534663109831584],[77.11970436298897,12.534575331351006],[77.11953755771417,12.534346392075651],[77.11954238629119,12.534065385996836],[77.11971709285565,12.53384209906225],[77.11999346231711,12.533763455768668],[77.12026368571584,12.533860256925733],[77.1204224131457,12.53409463606436],[77.1204077519373,12.534375252484876],[77.12022540849439,12.534592681903543],[77.11997774755227,12.534663109831584]]]}"
00000000000000000126,Mandya,0.735507374867035,MM-MD-0864,0.7000000000000001,0.6181758094352747,10.0,551.5740271359682,76.20049410213744,ESA_WorldCover_Cropland,0.22066688537597656,6.579182252701581,Maddur,24.173760171861204,Ankegowdanadoddi,"{""type"":""Polygon"",""coordinates"":[[[77.11863030853193,12.534663102115445],[77.11835683309694,12.534575403888265],[77.11819002594372,12.534346378823914],[77.11819494236839,12.534065378231936],[77.11836965090016,12.533842093301784],[77.11864602347374,12.533763452002248],[77.11891624991551,12.53386025436463],[77.11907497913288,12.534094633450534],[77.11906031775935,12.534375248580606],[77.11887788447021,12.534592671720798],[77.11863030853193,12.534663102115445]]]}"
00000000000000000135,Mandya,0.7355073748667225,MM-MD-0011,0.6000000000000001,0.6985434934029806,10.0,498.27986676990986,76.7133851783598,ESA_WorldCover_Cropland,0.22522014379501343,6.495013000520012,Malavalli,23.912546723808372,Malagalali,"{""type"":""Polygon"",""coordinates"":[[[77.07461283865763,12.301729921513461],[77.07433961419031,12.30164224573658],[77.07417300931671,12.301413242722923],[77.07417783971955,12.301132270548546],[77.07435243669606,12.300908957576926],[77.07462855936511,12.30083032542795],[77.07489853365219,12.30092708655081],[77.07505714545897,12.301161525682309],[77.075042478706,12.301442114422239],[77.07486024195542,12.301659501717914],[77.07461283865763,12.301729921513461]]]}"
00000000000000000138,Mandya,0.7355073748657731,MM-MD-0028,0.6000000000000001,0.6912685713511443,10.0,498.27986676990986,76.7133851783598,ESA_WorldCover_Cropland,0.22522014379501343,6.408761894857261,Malavalli,23.912546723808372,Malagalali,"{""type"":""Polygon"",""coordinates"":[[[77.08018240744454,12.30155025408265],[77.07990919562774,12.301462583701944],[77.07974251064644,12.301233576946794],[77.07974742864708,12.300952604302788],[77.07992192971848,12.300729279173213],[77.08019803960299,12.300650638867483],[77.08046808921071,12.30074739901581],[77.08062669367322,12.300981837982201],[77.08061202759936,12.301262431624103],[77.08042979928697,12.301479826978847],[77.08018240744454,12.30155025408265]]]}"
00000000000000000139,Mandya,0.7355073748652609,MM-MD-0032,0.6000000000000001,0.5323939734834235,10.0,498.27986676990986,76.7133851783598,ESA_WorldCover_Cropland,0.22522014379501343,6.7,Malavalli,23.912546723808372,Malagalali,"{""type"":""Polygon"",""coordinates"":[[[77.07865527628032,12.302807892737247],[77.07838206099402,12.302720218843222],[77.07821537389606,12.302491208766142],[77.07822029195917,12.302210234288214],[77.07839479524648,12.301986909527031],[77.07867090863729,12.30190827164884],[77.07894096167446,12.302005035337636],[77.0790995681512,12.302239477576057],[77.07908490189108,12.3025200729451],[77.07890267126446,12.30273746780886],[77.07865527628032,12.302807892737247]]]}"
0000000000000000014d,Mandya,0.7355073748679273,MM-MD-0218,0.6000000000000001,0.584363100428957,10.0,498.27986676990986,76.7133851783598,ESA_WorldCover_Cropland,0.22522014379501343,6.4,Malavalli,23.912546723808372,Malagalali,"{""type"":""Polygon"",""coordinates"":[[[77.081979038508,12.301370662233778],[77.08170583077376,12.301282908220315],[77.08153914828316,12.301053901934061],[77.08154406621031,12.300772928099127],[77.08171856467423,12.300549600584336],[77.08199467043286,12.300470957628427],[77.08226471600513,12.30056780147291],[77.08242331809748,12.300802154482996],[77.08240865224279,12.301082834974512],[77.08222642665358,12.301300232755478],[77.081979038508,12.301370662233778]]]}"
0000000000000000014e,Mandya,0.7355073748669021,MM-MD-0223,0.6000000000000001,0.705461278076588,10.0,498.27986676990986,76.7133851783598,ESA_WorldCover_Cropland,0.22522014379501343,6.7,Malavalli,23.912546723808372,Malagalali,"{""type"":""Polygon"",""coordinates"":[[[77.07757734132612,12.30325712491154],[77.07730412359123,12.303169363697053],[77.07713743499944,12.302940352435616],[77.07714235310662,12.302659377793207],[77.07731685795781,12.302436053950926],[77.07759297382322,12.302357503294955],[77.0778629414579,12.302454264517822],[77.07802154935627,12.302688622316689],[77.07800688296469,12.302969217789954],[77.07782465070468,12.303186611683005],[77.07757734132612,12.30325712491154]]]}"
00000000000000000167,Mandya,0.7355073748655971,MM-MD-0548,0.6000000000000001,0.6390265068259197,10.0,498.27986676990986,76.7133851783598,ESA_WorldCover_Cropland,0.22522014379501343,6.537089812262722,Malavalli,23.912546723808372,Malagalali,"{""type"":""Polygon"",""coordinates"":[[[77.07497221878666,12.302268937963353],[77.07469899513536,12.302181176030857],[77.0745323029341,12.301952167393893],[77.07453722114778,12.301671283272444],[77.0747117297777,12.30144796476463],[77.07498785162225,12.30136933217667],[77.07525782510318,12.301466093933472],[77.07541643643633,12.301700448947988],[77.07540176972714,12.301981124980298],[77.07521953352075,12.302198513578897],[77.07497221878666,12.302268937963353]]]}"
00000000000000000171,Mandya,0.7355073748677416,MM-MD-0663,0.6000000000000001,0.5397170375674616,10.0,498.27986676990986,76.7133851783598,ESA_WorldCover_Cropland,0.22522014379501343,6.6132768214675695,Malavalli,23.912546723808372,Malagalali,"{""type"":""Polygon"",""coordinates"":[[[77.0806316116377,12.301909652395034],[77.08035840084158,12.301821896242137],[77.08019171648296,12.301592888534648],[77.08019663446524,12.301311914551432],[77.08037113488474,12.301088588218338],[77.08064724373777,12.301009947313828],[77.080917204516,12.301106789086393],[77.08107580838607,12.301341143459751],[77.081061142367,12.301621738446878],[77.08087900255592,12.301839224754888],[77.0806316116377,12.301909652395034]]]}"
0000000000000000017b,Mandya,0.7355073748659129,MM-MD-0709,0.6000000000000001,0.5745796317481447,10.0,498.27986676990986,76.7133851783598,ESA_WorldCover_Cropland,0.22522014379501343,6.321248049922001,Malavalli,23.912546723808372,Malagalali,"{""type"":""Polygon"",""coordinates"":[[[77.0809908859634,12.301101150357661],[77.08071767598364,12.301013395894518],[77.08055099212308,12.300784390324957],[77.08055591009065,12.300503418093982],[77.0807304978095,12.300280096637303],[77.08100660583727,12.30020154065779],[77.08127656580864,12.300298295119616],[77.08143516920464,12.300532647354851],[77.08142050322941,12.300813326210424],[77.08123827614236,12.301030722133095],[77.0809908859634,12.301101150357661]]]}"
0000000000000000019c,Mandya,0.7355073748665927,MM-MD-0932,0.6000000000000001,0.5399852185278351,10.0,498.27986676990986,76.7133851783598,ESA_WorldCover_Cropland,0.22522014379501343,6.327519500780038,Malavalli,23.912546723808372,Malagalali,"{""type"":""Polygon"",""coordinates"":[[[77.07542135461385,12.301370614902599],[77.07514813198246,12.30128285489367],[77.0749814404034,12.301053848632083],[77.07498635859872,12.300772966410724],[77.07516086657726,12.30054964858791],[77.07543698739111,12.300471015202099],[77.07570704768861,12.300567779184375],[77.0758655706053,12.300802127630956],[77.07585090395085,12.30108280181175],[77.07566875624917,12.301300193998662],[77.07542135461385,12.301370614902599]]]}"
00000000000000000143,Mandya,0.7355073748661004,MM-MD-0136,0.7000000000000001,0.6853406985686681,10.0,498.27986676990986,76.7133851783598,ESA_WorldCover_Cropland,0.22522014379501343,6.7,Malavalli,23.912546723808372,Malagalali,"{""type"":""Polygon"",""coordinates"":[[[77.0699415897781,12.301011324921044],[77.0696684425358,12.300923564704872],[77.0695017433677,12.300694559416195],[77.06950666178693,12.300413597591957],[77.0696811777104,12.300190288409636],[77.06995731109568,12.300111662964795],[77.07022729586072,12.300208426894162],[77.07038591382353,12.300442863841106],[77.0703712465013,12.300723446258418],[77.0701890026778,12.300940825557136],[77.0699415897781,12.301011324921044]]]}"
0000000000000000017c,Mandya,0.7355073748665687,MM-MD-0722,0.7000000000000001,0.6526929240946349,10.0,498.27986676990986,76.7133851783598,ESA_WorldCover_Cropland,0.22522014379501343,6.7,Malavalli,23.912546723808372,Malagalali,"{""type"":""Polygon"",""coordinates"":[[[77.06940267230914,12.301101095665851],[77.0691294360151,12.301013416182911],[77.06896273610076,12.300784410658677],[77.06896765454199,12.300503449099526],[77.06914217124668,12.30028014057924],[77.06941830586813,12.300201515935433],[77.06968829184181,12.300298280492234],[77.06984691051476,12.300532632074212],[77.06983224312687,12.300813299775317],[77.06964999848746,12.301030678396891],[77.06940267230914,12.301101095665851]]]}"
00000000000000000191,Mandya,0.7355073748653849,MM-MD-0830,0.7000000000000001,0.6430175184006555,10.0,498.27986676990986,76.7133851783598,ESA_WorldCover_Cropland,0.22522014379501343,6.508704695543655,Malavalli,23.912546723808372,Malagalali,"{""type"":""Polygon"",""coordinates"":[[[77.06850435406122,12.301550301337754],[77.06823111572879,12.301462534702273],[77.06806441457087,12.301233527993148],[77.0680693330488,12.300952566104561],[77.06824385105539,12.300729258238226],[77.06851998773683,12.30065063497709],[77.06878997572474,12.300747401105735],[77.06894859558108,12.300981839410442],[77.06893392808374,12.301262421813949],[77.0687516820847,12.301479885307302],[77.06850435406122,12.301550301337754]]]}"
00000000000000000149,Mandya,0.7355073748660819,MM-MD-0179,0.8500000000000001,0.4675882832737685,10.0,498.27986676990986,76.7133851783598,ESA_WorldCover_Cropland,0.22522014379501343,6.766943996672043,Malavalli,23.912546723808372,Malagalali,"{""type"":""Polygon"",""coordinates"":[[[77.06230596877523,12.301011285323698],[77.06203271638378,12.300923599502383],[77.06186609448325,12.300694598446896],[77.06187092537976,12.300413639459107],[77.0620455402,12.300190260196162],[77.06232160325527,12.300111641697894],[77.06259160513541,12.300208412278401],[77.06275023315374,12.300442848789443],[77.06273556490167,12.30072350942668],[77.06255330952494,12.30094087732117],[77.06230596877523,12.301011285323698]]]}"
00000000000000000179,Mandya,0.73550737486749,MM-MD-0704,0.8500000000000001,0.7101307332804185,10.0,498.27986676990986,76.7133851783598,ESA_WorldCover_Cropland,0.22522014379501343,6.7,Malavalli,23.912546723808372,Malagalali,"{""type"":""Polygon"",""coordinates"":[[[77.06329409905992,12.300921446572403],[77.06302084890902,12.300833761806011],[77.06285422837469,12.300604760983491],[77.06285914706535,12.300323805516383],[77.06303367262011,12.300100420726622],[77.06330973341174,12.300021800771855],[77.0635797330779,12.300118570333725],[77.06373835979547,12.30035300666133],[77.06372369166368,12.30063366802212],[77.06354143778145,12.300851037264929],[77.06329409905992,12.300921446572403]]]}"
00000000000000000184,Mandya,0.735507374866804,MM-MD-0762,0.6000000000000001,0.5676967119965157,10.0,500.40548105477376,76.7133851783598,ESA_WorldCover_Cropland,0.22522014379501343,6.387015755810938,Malavalli,23.912546723808372,Malagalali,"{""type"":""Polygon"",""coordinates"":[[[77.07515182062384,12.300651993020281],[77.07487868520538,12.300564238170532],[77.07471199325305,12.300335233811717],[77.07471691145938,12.300054268114112],[77.0748914198287,12.299830951768913],[77.0751675412609,12.299752318662533],[77.07543751433862,12.299849077421861],[77.0755961254349,12.300083513704886],[77.07558145874762,12.300364100223478],[77.07539922281339,12.300581572366566],[77.07515182062384,12.300651993020281]]]}"
0000000000000000014f,Mandya,0.7355073748670844,MM-MD-0229,0.7203312704768834,0.5150738522222957,10.0,501.62330479945325,76.7133851783598,ESA_WorldCover_Cropland,0.22522014379501343,6.8,Malavalli,23.912546723808372,Malagalali,"{""type"":""Polygon"",""coordinates"":[[[77.06023982804494,12.300562147084554],[77.0599665709694,12.300474374559071],[77.0597999462127,12.30024537470284],[77.059804865028,12.2999644229773],[77.05997939500544,12.29974112881646],[77.06025546279298,12.299662513262343],[77.06052546930165,12.29975928485282],[77.06068410003934,12.299993720045574],[77.06066943153581,12.300274291978504],[77.06048717303469,12.300491741719622],[77.06023982804494,12.300562147084554]]]}"
00000000000000000169,Mandya,0.7355073748661128,MM-MD-0582,0.7427041081643277,0.6579581335311941,10.0,502.8931636008274,76.7133851783598,ESA_WorldCover_Cropland,0.22522014379501343,6.537082683307327,Malavalli,23.912546723808372,Malagalali,"{""type"":""Polygon"",""coordinates"":[[[77.06868396554923,12.300472348513152],[77.06841081545404,12.300384588055644],[77.06824411454488,12.300155584198796],[77.06824903301548,12.29987462492195],[77.06842355076164,12.299651318408364],[77.06869968703103,12.299572694713582],[77.06896967461603,12.299669458791202],[77.06912820640645,12.299903890029704],[77.069113538931,12.300184469866238],[77.06893138103312,12.300401850717803],[77.06868396554923,12.300472348513152]]]}"
0000000000000000019b,Mandya,0.735507374866535,MM-MD-0930,0.7630115970669308,0.5798067803310184,10.0,502.8934035143347,76.7133851783598,ESA_WorldCover_Cropland,0.22522014379501343,6.7,Malavalli,23.912546723808372,Malagalali,"{""type"":""Polygon"",""coordinates"":[[[77.06455169173351,12.300472329623918],[77.06427853226728,12.300384565390516],[77.06411182563922,12.300155561551692],[77.06411674427855,12.299874606082861],[77.06429126801179,12.299651305679706],[77.06456741375467,12.299572688016891],[77.06483741060252,12.29966945569378],[77.06499594783207,12.299903886694839],[77.06498127985338,12.300184462552492],[77.06479911570581,12.300401837234071],[77.06455169173351,12.300472329623918]]]}"
00000000000000000163,Mandya,0.735507374867458,MM-MD-0524,0.6000000000000001,0.5955400636406128,10.0,502.8936732447548,76.7133851783598,ESA_WorldCover_Cropland,0.22522014379501343,6.321248049922001,Malavalli,23.912546723808372,Malagalali,"{""type"":""Polygon"",""coordinates"":[[[77.0809908859634,12.300472326553665],[77.08071767598364,12.300384573149303],[77.08055099212308,12.300155569243657],[77.08055591009067,12.299874598632861],[77.0807304978095,12.299651278120566],[77.08100660583727,12.299572722041297],[77.08127656580864,12.299669475398634],[77.08143516920464,12.299903825955143],[77.08142050322941,12.300184503211845],[77.08123827614236,12.300401898239947],[77.0809908859634,12.300472326553665]]]}"
0000000000000000019d,Mandya,0.73550737486587,MM-MD-0946,0.6231161266836556,0.5677771929107744,10.0,504.1584055249027,76.7133851783598,ESA_WorldCover_Cropland,0.22522014379501343,6.6,Malavalli,23.912546723808372,Malagalali,"{""type"":""Polygon"",""coordinates"":[[[77.07335526323203,12.300382439384991],[77.07308203590944,12.300294764726614],[77.07291534146839,12.300065761088137],[77.07292025974813,12.299784797739548],[77.07309477072289,12.299561484454877],[77.0733708962777,12.299482853927929],[77.07364087338637,12.299579613778812],[77.07379948685092,12.299814049240226],[77.07378481994463,12.300094633344862],[77.0736025812894,12.30031201684644],[77.07335526323203,12.300382439384991]]]}"
000000000000000001a0,Mandya,0.7355073748661568,MM-MD-0992,0.7300312012480501,0.5356810315336082,10.0,504.1586094725871,76.7133851783598,ESA_WorldCover_Cropland,0.22522014379501343,6.8,Malavalli,23.912546723808372,Malagalali,"{""type"":""Polygon"",""coordinates"":[[[77.06176692931028,12.300382481551166],[77.06149376353143,12.300294714924608],[77.06132705305093,12.300065711336181],[77.06133197180392,12.29978475866573],[77.06150649957024,12.299561462515914],[77.06178265169478,12.299482848904086],[77.06205265478238,12.29957961884853],[77.06221119567589,12.29981404944915],[77.06219652735821,12.300094622396383],[77.06201435900064,12.300312078363591],[77.06176692931028,12.300382481551166]]]}"
0000000000000000015e,Mandya,0.7355073748660559,MM-MD-0443,0.7394805262336851,0.5602625233514347,10.0,505.41552997217883,76.7133851783598,ESA_WorldCover_Cropland,0.22522014379501343,6.7,Malavalli,23.912546723808372,Malagalali,"{""type"":""Polygon"",""coordinates"":[[[77.06464154437434,12.300292643855364],[77.06436838511182,12.300204880006818],[77.0642016786081,12.299975876643238],[77.06420659724375,12.299694921554588],[77.06438112084685,12.29947162128832],[77.06465726638378,12.29939300346573],[77.06492726303026,12.299489770748483],[77.06508580014156,12.299724201274762],[77.06507113217381,12.300004776762192],[77.06488896816211,12.300222236895097],[77.06464154437434,12.300292643855364]]]}"
00000000000000000166,Mandya,0.7355073748659862,MM-MD-0545,0.6000000000000001,0.6104170506832689,10.0,506.54621149569704,76.7133851783598,ESA_WorldCover_Cropland,0.22522014379501343,6.3,Malavalli,23.912546723808372,Malagalali,"{""type"":""Polygon"",""coordinates"":[[[77.08072145227496,12.30020281657337],[77.08044815386204,12.300115059183417],[77.08028155744888,12.299886060185019],[77.08028638760645,12.299605086323712],[77.08046097571662,12.29938176661459],[77.08073708436334,12.299303210885789],[77.08100704493987,12.299399964004511],[77.08116564869142,12.29963439940304],[77.0811509826833,12.299914990138435],[77.08096875518775,12.300132384380815],[77.08072145227496,12.30020281657337]]]}"
0000000000000000013d,Mandya,0.7355073748678985,MM-MD-0062,0.6503042279889742,0.6992098776297647,10.0,508.080319494009,76.7133851783598,ESA_WorldCover_Cropland,0.22522014379501343,6.6,Malavalli,23.912546723808372,Malagalali,"{""type"":""Polygon"",""coordinates"":[[[77.06787549216828,12.294812947791398],[77.067602252409,12.294725191934369],[77.06743563821104,12.294496207260547],[77.06744055671466,12.294215263315293],[77.0676150756324,12.29399188092971],[77.06789112592554,12.293913253320783],[77.06816111532335,12.294010093722566],[77.06831973600804,12.29424442842211],[77.06830506843411,12.29452507865912],[77.06812290931325,12.294742450251022],[77.06787549216828,12.294812947791398]]]}"
00000000000000000140,Mandya,0.7355073748668671,MM-MD-0111,0.6700088408133553,0.7385793586015541,10.0,508.080319494009,76.7133851783598,ESA_WorldCover_Cropland,0.22522014379501343,6.864917572416655,Malavalli,23.912546723808372,Malagalali,"{""type"":""Polygon"",""coordinates"":[[[77.06482124945494,12.292028122339342],[77.06454800276735,12.291940368386623],[77.06438138434478,12.291711391103428],[77.0643863029731,12.291430457153757],[77.06456082631588,12.2912071690374],[77.06483688360862,12.291128545443122],[77.06510687985255,12.291225298037824],[77.0652655045595,12.291459710687095],[77.06525083661364,12.291740350896228],[77.06506858504152,12.291957709768193],[77.06482124945494,12.292028122339342]]]}"
00000000000000000141,Mandya,0.7355073748672577,MM-MD-0126,0.6367796962762631,0.5608458360177824,10.0,508.080319494009,76.7133851783598,ESA_WorldCover_Cropland,0.22522014379501343,6.765883087164557,Malavalli,23.912546723808372,Malagalali,"{""type"":""Polygon"",""coordinates"":[[[77.07470268379052,12.291668822620823],[77.0744294595272,12.291581078299291],[77.07426285477798,12.2913521019177],[77.07426777300267,12.291071159790757],[77.07444228202338,12.290847772041598],[77.07471831666115,12.290769219546622],[77.07498837857173,12.290865967101988],[77.0751469024353,12.291100375165746],[77.07513223569325,12.291381023975372],[77.07495008690357,12.291598401279115],[77.07470268379052,12.291668822620823]]]}"
00000000000000000147,Mandya,0.7355073748651813,MM-MD-0169,0.6004419946960645,0.6024677556216963,10.0,508.080319494009,76.7133851783598,ESA_WorldCover_Cropland,0.22522014379501343,6.5,Malavalli,23.912546723808372,Malagalali,"{""type"":""Polygon"",""coordinates"":[[[77.07524166535428,12.294004419927235],[77.07496844231483,12.2939166721626],[77.0748018383119,12.293687689593972],[77.07480675651455,12.29340674094773],[77.07498126475357,12.293183434458287],[77.07525738597958,12.293104800169875],[77.07552735885571,12.29320154716929],[77.07568596983356,12.29343596569811],[77.07567130315722,12.293716620970315],[77.07548906735907,12.29393399821209],[77.07524166535428,12.294004419927235]]]}"
0000000000000000014b,Mandya,0.7355073748670636,MM-MD-0203,0.7974469633943422,0.6050108969076355,10.0,508.080319494009,76.7133851783598,ESA_WorldCover_Cropland,0.22522014379501343,6.4,Malavalli,23.912546723808372,Malagalali,"{""type"":""Polygon"",""coordinates"":[[[77.06571950734208,12.296699425666006],[77.06544635052374,12.296611668856947],[77.06527964551161,12.296382675001503],[77.06528456410327,12.296101728179773],[77.06545908614478,12.29587834614639],[77.06573522921084,12.295799726178844],[77.0660052234414,12.295896486205665],[77.06616375913406,12.296130907194586],[77.06614909129758,12.296411560154311],[77.06596692891593,12.296628931212538],[77.06571950734208,12.296699425666006]]]}"
0000000000000000014c,Mandya,0.73550737486555,MM-MD-0206,0.6530965628412455,0.611824141929507,10.0,508.080319494009,76.7133851783598,ESA_WorldCover_Cropland,0.22522014379501343,6.641989496126042,Malavalli,23.912546723808372,Malagalali,"{""type"":""Polygon"",""coordinates"":[[[77.06257544368661,12.291758671086898],[77.06230227974032,12.29167091973436],[77.06213557037819,12.291441938979766],[77.06214048909818,12.291161007795052],[77.0623150156937,12.29093763783934],[77.06259107813167,12.290859017478331],[77.06286107940807,12.290955771553373],[77.06301970707167,12.291190183352525],[77.0630050388524,12.291470820712213],[77.06282278388323,12.29168817584706],[77.06257544368661,12.291758671086898]]]}"
00000000000000000155,Mandya,0.7355073748667373,MM-MD-0287,0.6501144045761824,0.7733415682548221,10.0,508.080319494009,76.7133851783598,ESA_WorldCover_Cropland,0.22522014379501343,6.737389495579817,Malavalli,23.912546723808372,Malagalali,"{""type"":""Polygon"",""coordinates"":[[[77.0643720740835,12.291668847914742],[77.06409882637719,12.291581094157502],[77.06393220733345,12.291352117828305],[77.06393712598012,12.291071099654012],[77.06411164997354,12.290847812741896],[77.06438770829544,12.290769189745928],[77.06465770554601,12.290865942099503],[77.06481633084438,12.291100353762172],[77.06480166284382,12.291380992624026],[77.06461941059219,12.291598350313725],[77.0643720740835,12.291668847914742]]]}"
00000000000000000157,Mandya,0.7355073748661409,MM-MD-0301,0.557202662644963,0.6523196763516265,10.0,508.080319494009,76.7133851783598,ESA_WorldCover_Cropland,0.22522014379501343,6.702553434916006,Malavalli,23.912546723808372,Malagalali,"{""type"":""Polygon"",""coordinates"":[[[77.06598906245048,12.289602682545755],[77.06571581841169,12.289514933748913],[77.06554920160426,12.2892859628843],[77.06555412018488,12.289005034114357],[77.06572864183592,12.288781662354408],[77.0660046964526,12.288703036673231],[77.06627469007915,12.288799869549804],[77.06643331324833,12.289034275781754],[77.06641864544466,12.289314825377602],[77.06623639563934,12.289532268104107],[77.06598906245048,12.289602682545755]]]}"
00000000000000000158,Mandya,0.7355073748666127,MM-MD-0324,0.6055411097821007,0.6646759725743788,10.0,508.080319494009,76.7133851783598,ESA_WorldCover_Cropland,0.22522014379501343,6.7,Malavalli,23.912546723808372,Malagalali,"{""type"":""Polygon"",""coordinates"":[[[77.07209758683815,12.292387468327007],[77.07182435666047,12.292299720414858],[77.07165774830494,12.292070742142867],[77.07166257880876,12.291789796368354],[77.07183717943421,12.291566501150003],[77.07211322004717,12.291487866999526],[77.07238319997705,12.291584613893415],[77.07254181509911,12.291819027921141],[77.07252714803957,12.292099676051935],[77.07234499530678,12.292317050491958],[77.07209758683815,12.292387468327007]]]}"
0000000000000000015a,Mandya,0.7355073748660879,MM-MD-0357,0.5003432315773052,0.6662860672984111,10.0,508.080319494009,76.7133851783598,ESA_WorldCover_Cropland,0.22522014379501343,6.8,Malavalli,23.912546723808372,Malagalali,"{""type"":""Polygon"",""coordinates"":[[[77.06967213134513,12.291668820470434],[77.06939889566256,12.291581071554083],[77.06923228395038,12.291352095197428],[77.06923720238062,12.291071157704382],[77.06941171869464,12.290847777391098],[77.06968776486913,12.290769232231195],[77.0699577502386,12.290865979972475],[77.07011636855654,12.291100391940203],[77.07010170120148,12.291380950339565],[77.06991954479857,12.291598405703526],[77.06967213134513,12.291668820470434]]]}"
0000000000000000015d,Mandya,0.7355073748654426,MM-MD-0426,0.6530970459746197,0.7199107762064968,10.0,508.080319494009,76.7133851783598,ESA_WorldCover_Cropland,0.22522014379501343,6.7,Malavalli,23.912546723808372,Malagalali,"{""type"":""Polygon"",""coordinates"":[[[77.06410260318995,12.291758652333826],[77.06382935487252,12.29167089817905],[77.06366273545616,12.291441921613416],[77.06366765411381,12.291160989021074],[77.06384217849755,12.290937616807149],[77.06411823743689,12.290858994218471],[77.06438823529133,12.290955832529722],[77.06454677311194,12.291190154655604],[77.06453210507857,12.291470793486347],[77.06434994025184,12.291688240663536],[77.06410260318995,12.291758652333826]]]}"
0000000000000000016d,Mandya,0.735507374865491,MM-MD-0614,0.6421732799417543,0.6955492325932584,10.0,508.080319494009,76.7133851783598,ESA_WorldCover_Cropland,0.22522014379501343,6.7,Malavalli,23.912546723808372,Malagalali,"{""type"":""Polygon"",""coordinates"":[[[77.07227728079243,12.291848496912788],[77.07200405102265,12.291760750073106],[77.07183735508863,12.291531769034037],[77.07184227341243,12.291250828677734],[77.07201678595015,12.29102744424329],[77.07229291397812,12.290948899506445],[77.07256289350492,12.291045645296391],[77.07272150839019,12.291280057893779],[77.07270684135254,12.291560619257892],[77.07252460106498,12.291778074573063],[77.07227728079243,12.291848496912788]]]}"
00000000000000000175,Mandya,0.735507374865888,MM-MD-0678,0.7006032868733103,0.42022432366179674,10.0,508.080319494009,76.7133851783598,ESA_WorldCover_Cropland,0.22522014379501343,6.619814853338883,Malavalli,23.912546723808372,Malagalali,"{""type"":""Polygon"",""coordinates"":[[[77.06895351402288,12.286997552588803],[77.06868027670961,12.286909810891098],[77.06851366400312,12.286680846912562],[77.06851849463307,12.286399917939143],[77.06869301198871,12.286176545717646],[77.06896914764019,12.286097919495507],[77.06923913462101,12.286194745209825],[77.06939766605667,12.286429140453677],[77.06938308644305,12.286709776028912],[77.06920084112382,12.28692713390503],[77.06895351402288,12.286997552588803]]]}"
00000000000000000178,Mandya,0.7355073748652324,MM-MD-0702,0.6235373654376208,0.6864505301275651,10.0,508.080319494009,76.7133851783598,ESA_WorldCover_Cropland,0.22522014379501343,6.4,Malavalli,23.912546723808372,Malagalali,"{""type"":""Polygon"",""coordinates"":[[[77.06958228245719,12.296340023160065],[77.06930913439977,12.296252356055701],[77.06914243473423,12.296023363134186],[77.06914735316812,12.295742413679314],[77.06932186961237,12.295519026474159],[77.06959791599286,12.295440396616907],[77.06986798939245,12.29553724241473],[77.07002652000011,12.295771577095799],[77.0700118526341,12.296052232861607],[77.06982969609524,12.29626960917494],[77.06958228245719,12.296340023160065]]]}"
0000000000000000017a,Mandya,0.7355073748671838,MM-MD-0706,0.6030968849134126,0.6226393944628283,10.0,508.080319494009,76.7133851783598,ESA_WorldCover_Cropland,0.22522014379501343,6.6,Malavalli,23.912546723808372,Malagalali,"{""type"":""Polygon"",""coordinates"":[[[77.06293477190898,12.287626422392593],[77.06266160877722,12.287538678335176],[77.06249489991215,12.287309622965896],[77.06249981861747,12.287028702109904],[77.06267434469262,12.286805423400969],[77.06295040630744,12.28672680186176],[77.06322040677874,12.286823548354992],[77.06337903396933,12.28705794912529],[77.0633643657938,12.287338576311775],[77.06318211136809,12.287555926098985],[77.06293477190898,12.287626422392593]]]}"
0000000000000000017e,Mandya,0.7355073748654329,MM-MD-0740,0.6197306152166,0.32201275956217856,10.0,508.080319494009,76.7133851783598,ESA_WorldCover_Cropland,0.22522014379501343,6.5,Malavalli,23.912546723808372,Malagalali,"{""type"":""Polygon"",""coordinates"":[[[77.07155859119318,12.294094246413831],[77.07128535979204,12.294006495132978],[77.0711187506905,12.293777512344068],[77.07112358121593,12.293496562664147],[77.07129818262318,12.293273265677362],[77.07157422447219,12.293194632582292],[77.07184420561101,12.293291382945828],[77.07200282144338,12.293525801504398],[77.07198815431815,12.293806453459512],[77.07180600076967,12.294023829525662],[77.07155859119318,12.294094246413831]]]}"
00000000000000000185,Mandya,0.7355073748667148,MM-MD-0765,0.7322585677882367,0.4786660044495177,10.0,508.080319494009,76.7133851783598,ESA_WorldCover_Cropland,0.22522014379501343,6.697654584221754,Malavalli,23.912546723808372,Malagalali,"{""type"":""Polygon"",""coordinates"":[[[77.06958228245719,12.28726706307464],[77.06930913439977,12.287179325689642],[77.06914243473423,12.286950356800606],[77.06914735316812,12.286669430745537],[77.06932186961237,12.286446057188838],[77.06959791599286,12.28636742589939],[77.0698679015638,12.286464251541158],[77.07002652000013,12.286698651734802],[77.0700118526341,12.286979198845364],[77.06982969609524,12.287196647800481],[77.06958228245719,12.28726706307464]]]}"
0000000000000000018b,Mandya,0.7355073748665591,MM-MD-0806,0.6001300119611013,0.5030060818555346,10.0,508.080319494009,76.7133851783598,ESA_WorldCover_Cropland,0.22522014379501343,6.7,Malavalli,23.912546723808372,Malagalali,"{""type"":""Polygon"",""coordinates"":[[[77.07155859119318,12.292746789105749],[77.07128535979204,12.292659040095685],[77.0711187506905,12.292430060874816],[77.07112366904366,12.292149118863843],[77.07129818262318,12.29192581970821],[77.07157422447219,12.291847186400513],[77.07184420561101,12.291943934395231],[77.07200282144338,12.292178349352508],[77.07198815431815,12.292458997878805],[77.07180600076967,12.292676372026206],[77.07155859119318,12.292746789105749]]]}"
0000000000000000018c,Mandya,0.7355073748666482,MM-MD-0808,0.5600202797566426,0.5773818795512377,10.0,508.080319494009,76.7133851783598,ESA_WorldCover_Cropland,0.22522014379501343,6.634891581301027,Malavalli,23.912546723808372,Malagalali,"{""type"":""Polygon"",""coordinates"":[[[77.06877381510749,12.292028169934197],[77.06850057738646,12.291940419591617],[77.06833396443135,12.291711442287808],[77.06833888289826,12.291430419128961],[77.0685134005142,12.29120712516983],[77.06878944874812,12.291128495810325],[77.06905943613187,12.29122524496511],[77.06921805563323,12.29145965784163],[77.06920338816873,12.291740301857452],[77.06902123040678,12.291957756392522],[77.06877381510749,12.292028169934197]]]}"
0000000000000000018e,Mandya,0.7355073748656085,MM-MD-0812,0.6012115854609753,0.5660481656622552,10.0,508.080319494009,76.7133851783598,ESA_WorldCover_Cropland,0.22522014379501343,6.5,Malavalli,23.912546723808372,Malagalali,"{""type"":""Polygon"",""coordinates"":[[[77.07569080017566,12.29544172571244],[77.07541766598074,12.295353980130038],[77.0752509747751,12.295124989560707],[77.07525589295939,12.294844036795155],[77.075430400547,12.294620727481453],[77.07570652074229,12.29454209276471],[77.0759764926106,12.294638841899205],[77.0761351029963,12.294873264294297],[77.07612043637474,12.29515392365574],[77.07593820125689,12.295371303614044],[77.07569080017566,12.29544172571244]]]}"
0000000000000000019f,Mandya,0.7355073748674147,MM-MD-0976,0.6027563969211561,0.5955387166467297,10.0,508.080319494009,76.7133851783598,ESA_WorldCover_Cropland,0.22522014379501343,6.759980237154151,Malavalli,23.912546723808372,Malagalali,"{""type"":""Polygon"",""coordinates"":[[[77.06562974333698,12.289153506031768],[77.06535649848317,12.28906575766418],[77.06518988117875,12.288836787991466],[77.06519471194201,12.288555856516394],[77.06536923411372,12.28833248596365],[77.06564537738574,12.28825395049387],[77.06591537181767,12.288350697329113],[77.0660739076286,12.288585098144557],[77.06605923978117,12.288865731815218],[77.06587707726364,12.289083091995884],[77.06562974333698,12.289153506031768]]]}"
00000000000000000136,Mandya,0.735507374865779,MM-MD-0013,0.5,0.5714956031893745,10.0,508.080319494009,76.7133851783598,ESA_WorldCover_Cropland,0.22522014379501343,6.797290832510017,Malavalli,23.912546723808372,Malagalali,"{""type"":""Polygon"",""coordinates"":[[[77.06625852912438,12.288704378374415],[77.06598537352833,12.288616635533021],[77.06581866926213,12.288387662852047],[77.06582358783177,12.288106736151212],[77.06599810909239,12.287883365344543],[77.06627416309153,12.287804739128493],[77.06654415611409,12.287901484626557],[77.0667027789284,12.288135888471809],[77.06668811115756,12.28841652160454],[77.06650586175995,12.288633963453266],[77.06625852912438,12.288704378374415]]]}"
00000000000000000145,Mandya,0.735507374865966,MM-MD-0144,0.5,0.45842060969401993,10.0,508.080319494009,76.7133851783598,ESA_WorldCover_Cropland,0.22522014379501343,6.6576317021165945,Malavalli,23.912546723808372,Malagalali,"{""type"":""Polygon"",""coordinates"":[[[77.06868396554923,12.291399325052204],[77.06841081545404,12.29131157988229],[77.06824411454488,12.291082600049732],[77.06824903301548,12.290801664162194],[77.06842355076164,12.290578285715155],[77.06869968703103,12.29049966058174],[77.06896967461601,12.290596494275082],[77.06912820640645,12.290830901271354],[77.069113538931,12.291111458033734],[77.06893138103312,12.29132891153859],[77.06868396554923,12.291399325052204]]]}"
00000000000000000146,Mandya,0.7355073748665878,MM-MD-0158,0.5,0.3995369966148484,10.0,508.080319494009,76.7133851783598,ESA_WorldCover_Cropland,0.22522014379501343,6.8,Malavalli,23.912546723808372,Malagalali,"{""type"":""Polygon"",""coordinates"":[[[77.06733647762218,12.290770487508142],[77.06706332447071,12.290682742167926],[77.06689662169637,12.290453764007657],[77.06690154022199,12.29017283098368],[77.06707605992081,12.289949455474735],[77.0673521992799,12.289870917772761],[77.0676221898859,12.289967665966824],[77.06778072345026,12.29020207120417],[77.06776605581067,12.290482710634945],[77.0675838958745,12.29070007566639],[77.06733647762218,12.290770487508142]]]}"
00000000000000000160,Mandya,0.7355073748677468,MM-MD-0491,0.5,0.4647647789069022,10.0,508.080319494009,76.7133851783598,ESA_WorldCover_Cropland,0.22522014379501343,6.796531280877848,Malavalli,23.912546723808372,Malagalali,"{""type"":""Polygon"",""coordinates"":[[[77.06706701335983,12.289602656161222],[77.06679385959725,12.289514998108267],[77.06662715644997,12.289285937478487],[77.0666320749866,12.289005007715232],[77.06680659507583,12.288781719925858],[77.06708264722204,12.288703092672614],[77.06735263843231,12.28879983904735],[77.06751126018186,12.289034245341384],[77.06749659250946,12.289314881539871],[77.06731443216573,12.289532244505649],[77.06706701335983,12.289602656161222]]]}"
0000000000000000016b,Mandya,0.7355073748668236,MM-MD-0601,0.5,0.5344803851558284,10.0,508.080319494009,76.7133851783598,ESA_WorldCover_Cropland,0.22522014379501343,6.8,Malavalli,23.912546723808372,Malagalali,"{""type"":""Polygon"",""coordinates"":[[[77.06913312484093,12.2911298489813],[77.06885997576461,12.291042104675611],[77.06869327547724,12.290813125554742],[77.06869819392948,12.290532104382319],[77.06887271102471,12.29030881124274],[77.0691487584349,12.290230181217346],[77.06941883284199,12.290326932673857],[77.06957736404105,12.290561338975573],[77.06956269662031,12.290841981051024],[77.06938053940193,12.291059434842328],[77.06913312484093,12.2911298489813]]]}"
0000000000000000019a,Mandya,0.7355073748663983,MM-MD-0911,0.5,0.6071625133667126,10.0,508.080319494009,76.7133851783598,ESA_WorldCover_Cropland,0.22522014379501343,6.8,Malavalli,23.912546723808372,Malagalali,"{""type"":""Polygon"",""coordinates"":[[[77.0699415897781,12.291129866345035],[77.0696684425358,12.291042122777402],[77.0695017433677,12.29081305808614],[77.06950666178693,12.290532121735104],[77.0696811777104,12.290308827400576],[77.06995731109568,12.290230200389898],[77.07022729586072,12.290326946948795],[77.07038582599527,12.290561353297294],[77.07037115867303,12.290841996151281],[77.0701890026778,12.291059365582482],[77.0699415897781,12.291129866345035]]]}"
0000000000000000013b,Mandya,0.7355073748661858,MM-MD-0048,0.55,0.540938166206037,10.0,508.080319494009,76.7133851783598,ESA_WorldCover_Cropland,0.22522014379501343,6.7,Malavalli,23.912546723808372,Malagalali,"{""type"":""Polygon"",""coordinates"":[[[77.05871270743366,12.29813669641783],[77.05843944689676,12.298048926585333],[77.05827282002946,12.297819933157792],[77.05827773890708,12.297538989090567],[77.05845227109523,12.297315700829815],[77.05872834237975,12.297237087118146],[77.05899835230873,12.297333855773484],[77.05915689721947,12.297568194628694],[77.0591422285301,12.297848844493403],[77.05896005555664,12.298066292702801],[77.05871270743366,12.29813669641783]]]}"
00000000000000000151,Mandya,0.7355073748663034,MM-MD-0243,0.55,0.6731470071638496,7.665245202558637,508.080319494009,76.7133851783598,ESA_WorldCover_Cropland,0.22522014379501343,6.700379634926408,Malavalli,23.912546723808372,Malagalali,"{""type"":""Polygon"",""coordinates"":[[[77.05871270743366,12.297597696437045],[77.05843944689676,12.297509927513296],[77.05827282002946,12.29728093551285],[77.05827773890708,12.296999992834827],[77.05845227109523,12.296776705383431],[77.05872834237975,12.29669809158592],[77.05899835230873,12.29679485929333],[77.05915689721947,12.297029282277359],[77.0591422285301,12.297309845202586],[77.05896005555664,12.297527292644935],[77.05871270743366,12.297597696437045]]]}"
0000000000000000015f,Mandya,0.7355073748666043,MM-MD-0461,0.55,0.5308856644226684,10.0,508.080319494009,76.7133851783598,ESA_WorldCover_Cropland,0.22522014379501343,6.740015600624024,Malavalli,23.912546723808372,Malagalali,"{""type"":""Polygon"",""coordinates"":[[[77.05889233351802,12.299573962549916],[77.05861916122507,12.299486280229878],[77.05845244676917,12.299257278795132],[77.05845736563947,12.298976330858084],[77.0586318975676,12.298752954603836],[77.05890796844082,12.298674340859009],[77.05917797796752,12.29877111188545],[77.05933661047835,12.299005544360641],[77.05932194181086,12.29928619805391],[77.05913976910895,12.299503563006423],[77.05889233351802,12.299573962549916]]]}"
0000000000000000017f,Mandya,0.7355073748659594,MM-MD-0743,0.55,0.525107675524178,10.0,508.080319494009,76.7133851783598,ESA_WorldCover_Cropland,0.22522014379501343,6.752919764962822,Malavalli,23.912546723808372,Malagalali,"{""type"":""Polygon"",""coordinates"":[[[77.05880247659093,12.299663792619258],[77.05852930409439,12.299576110065761],[77.05836267735128,12.299347112594626],[77.0583675083882,12.299066160307936],[77.05854204044641,12.298842784051704],[77.0588181993621,12.298764174652996],[77.05908820908982,12.298860945915594],[77.0592467538824,12.299095374425043],[77.05923208520397,12.29937602826015],[77.05904991236629,12.299593393206187],[77.05880247659093,12.299663792619258]]]}"
00000000000000000181,Mandya,0.735507374866576,MM-MD-0754,0.55,0.5303097336726877,10.0,508.080319494009,76.7133851783598,ESA_WorldCover_Cropland,0.22522014379501343,6.752925269124761,Malavalli,23.912546723808372,Malagalali,"{""type"":""Polygon"",""coordinates"":[[[77.05898219037815,12.29966383063698],[77.058708930452,12.299576058476223],[77.05854230395713,12.299347061004303],[77.05854722282375,12.29906611275304],[77.05872175462181,12.298842821800916],[77.05899782528928,12.298764207939254],[77.05926783461474,12.298860979045477],[77.05942646700736,12.299095411765945],[77.0594117983508,12.299375980203822],[77.05922953794827,12.299593426788073],[77.05898219037815,12.29966383063698]]]}"
0000000000000000015b,Mandya,0.7355073748671223,MM-MD-0376,0.6000000000000001,0.5623547945226484,10.0,508.080319494009,76.7133851783598,ESA_WorldCover_Cropland,0.22522014379501343,6.7063546541861765,Malavalli,23.912546723808372,Malagalali,"{""type"":""Polygon"",""coordinates"":[[[77.06464154437434,12.287446722006083],[77.06436838511182,12.287358979809268],[77.0642016786081,12.287130010469154],[77.06420659724375,12.286849088503423],[77.06438112084685,12.286625721979913],[77.06465726638378,12.28654710211787],[77.064927175198,12.286643842615723],[77.06508580014156,12.286878243004248],[77.06507113217381,12.287158871377333],[77.06488896816211,12.28737631321396],[77.06464154437434,12.287446722006083]]]}"
00000000000000000164,Mandya,0.7355073748660932,MM-MD-0542,0.6000000000000001,0.6062048372692341,10.0,508.080319494009,76.7133851783598,ESA_WorldCover_Cropland,0.22522014379501343,6.594149461750479,Malavalli,23.912546723808372,Malagalali,"{""type"":""Polygon"",""coordinates"":[[[77.07227728079243,12.293375641536487],[77.07200405102265,12.293287892123185],[77.07183735508863,12.293058907039564],[77.07184227341243,12.29277796274504],[77.07201678595015,12.292554576013382],[77.07229291397812,12.292476031519026],[77.07256289350492,12.2925727799937],[77.07272150839019,12.292807196672852],[77.07270684135254,12.293087761922159],[77.07252460106498,12.293305219413003],[77.07227728079243,12.293375641536487]]]}"
00000000000000000168,Mandya,0.7355073748679579,MM-MD-0579,0.6000000000000001,0.6294162480448454,10.0,508.080319494009,76.7133851783598,ESA_WorldCover_Cropland,0.22522014379501343,6.544334078735244,Malavalli,23.912546723808372,Malagalali,"{""type"":""Polygon"",""coordinates"":[[[77.07254673339413,12.293555283277144],[77.07227350423602,12.293467533807274],[77.07210689650219,12.293238552440675],[77.07211181481499,12.292957607434635],[77.07228632696192,12.292734305603139],[77.07256236654483,12.292655670981746],[77.07283243329373,12.292752423731216],[77.07299095999738,12.292986836712341],[77.07297629299258,12.293267488247379],[77.07279414093954,12.293484865020785],[77.07254673339413,12.293555283277144]]]}"
00000000000000000173,Mandya,0.7355073748660429,MM-MD-0668,0.6000000000000001,0.62643966084907,10.0,508.080319494009,76.7133851783598,ESA_WorldCover_Cropland,0.22522014379501343,6.494893661276065,Malavalli,23.912546723808372,Malagalali,"{""type"":""Polygon"",""coordinates"":[[[77.07236703984213,12.297957042506155],[77.07209389810315,12.29786928965079],[77.07192720229355,12.29764029243641],[77.0719321206137,12.297359336248418],[77.07210663302115,12.297136028067635],[77.07238276084297,12.297057398598472],[77.07265274016825,12.297154155047666],[77.07281135493511,12.297388583973872],[77.07279668790842,12.297669160961275],[77.0726144477569,12.297886625110257],[77.07236703984213,12.297957042506155]]]}"
00000000000000000177,Mandya,0.7355073748672832,MM-MD-0680,0.6000000000000001,0.7081475012400968,10.0,508.080319494009,76.7133851783598,ESA_WorldCover_Cropland,0.22522014379501343,6.518418178981855,Malavalli,23.912546723808372,Malagalali,"{""type"":""Polygon"",""coordinates"":[[[77.07515182062384,12.29777736752925],[77.07487868520538,12.297689617520613],[77.07471199325305,12.29746062077026],[77.07471691145936,12.297179662480481],[77.0748914198287,12.296956350453462],[77.0751675412609,12.296877716892203],[77.07543751433862,12.296974470600519],[77.0755961254349,12.297208899205106],[77.07558145874762,12.297489563989112],[77.07539922281339,12.297706946466956],[77.07515182062384,12.29777736752925]]]}"
0000000000000000017d,Mandya,0.7355073748653926,MM-MD-0731,0.6000000000000001,0.6664973880779018,10.0,508.080319494009,76.7133851783598,ESA_WorldCover_Cropland,0.22522014379501343,6.5972594903796224,Malavalli,23.912546723808372,Malagalali,"{""type"":""Polygon"",""coordinates"":[[[77.06212625994337,12.287267115192714],[77.06185309497894,12.28717937100334],[77.06168647283009,12.286950320786858],[77.0616913037338,12.286669397407469],[77.06186583097981,12.286446034873187],[77.06214198228099,12.286367418651682],[77.06241189672949,12.286464246581584],[77.06257052498437,12.286698646344025],[77.06255585671042,12.286979271836683],[77.06237368889602,12.287196624100599],[77.06212625994337,12.287267115192714]]]}"
00000000000000000195,Mandya,0.7355073748670464,MM-MD-0856,0.6000000000000001,0.7520784480648175,10.0,508.080319494009,76.7133851783598,ESA_WorldCover_Cropland,0.22522014379501343,6.5,Malavalli,23.912546723808372,Malagalali,"{""type"":""Polygon"",""coordinates"":[[[77.07560104360509,12.297687575130762],[77.07532782138173,12.29759982148958],[77.07516113005163,12.297370824975088],[77.07516604823958,12.297089866503136],[77.07534055595752,12.296866553947211],[77.07561667635898,12.296787919716396],[77.0758866484289,12.296884672875791],[77.07604525893306,12.297119101266004],[77.07603059230054,12.29739968068041],[77.07584835704661,12.29761706370081],[77.07560104360509,12.297687575130762]]]}"
00000000000000000196,Mandya,0.7355073748656674,MM-MD-0859,0.6000000000000001,0.404609560302654,10.0,508.080319494009,76.7133851783598,ESA_WorldCover_Cropland,0.22522014379501343,6.447077483099316,Malavalli,23.912546723808372,Malagalali,"{""type"":""Polygon"",""coordinates"":[[[77.07452299345768,12.295441756753322],[77.07424985661179,12.295354010104239],[77.07408316378836,12.295125019539777],[77.07408808202038,12.294844067849628],[77.07426259130166,12.294620760261758],[77.07453871417688,12.294542127248826],[77.07480868866554,12.29463887740012],[77.07496730059077,12.2948732997288],[77.07495263382683,12.29515387239481],[77.07477039694018,12.295371336181462],[77.07452299345768,12.295441756753322]]]}"
00000000000000000197,Mandya,0.7355073748664812,MM-MD-0862,0.6000000000000001,0.5475964828222882,10.0,508.080319494009,76.7133851783598,ESA_WorldCover_Cropland,0.22522014379501343,6.543361589266213,Malavalli,23.912546723808372,Malagalali,"{""type"":""Polygon"",""coordinates"":[[[77.07200773976042,12.293555301095335],[77.07173450937879,12.293467551133032],[77.0715679008989,12.293238569769004],[77.07157281923371,12.29295762525941],[77.07174733216209,12.292734238655841],[77.0720233729811,12.292655690389251],[77.07229344093939,12.292752443608123],[77.072451968353,12.292986856558278],[77.07243730128249,12.293267422005187],[77.07225514841372,12.29348488354351],[77.07200773976042,12.293555301095335]]]}"
0000000000000000013a,Mandya,0.7355073748658327,MM-MD-0043,0.65,0.4957743339311673,10.0,508.080319494009,76.7133851783598,ESA_WorldCover_Cropland,0.22522014379501343,6.5,Malavalli,23.912546723808372,Malagalali,"{""type"":""Polygon"",""coordinates"":[[[77.06365342513934,12.290051817825834],[77.06338017580327,12.289964151702982],[77.0632135557658,12.289735094096972],[77.06321847444178,12.289454166321097],[77.06339299947611,12.28923079733873],[77.06366905944454,12.28915226069866],[77.06393905830554,12.289249010833517],[77.06409768455005,12.289483418131548],[77.064083016462,12.289764052185422],[77.0639007631233,12.28998140649992],[77.06365342513934,12.290051817825834]]]}"
0000000000000000013c,Mandya,0.7355073748674811,MM-MD-0049,0.65,0.5970839840975702,10.0,508.080319494009,76.7133851783598,ESA_WorldCover_Cropland,0.22522014379501343,6.8,Malavalli,23.912546723808372,Malagalali,"{""type"":""Polygon"",""coordinates"":[[[77.0638330438607,12.298855318610219],[77.0635598827652,12.298767642016056],[77.06339317514285,12.298538642460924],[77.06339809381151,12.29825769182106],[77.06357261858568,12.298034309337835],[77.06384876597564,12.29795569246657],[77.06411876443393,12.298052457926618],[77.06427730260913,12.298286884566808],[77.06426263454294,12.298567541192954],[77.0640804693088,12.298784912501786],[77.0638330438607,12.298855318610219]]]}"
0000000000000000013f,Mandya,0.7355073748672079,MM-MD-0098,0.65,0.6938499517331478,10.0,508.080319494009,76.7133851783598,ESA_WorldCover_Cropland,0.22522014379501343,6.594576465082416,Malavalli,23.912546723808372,Malagalali,"{""type"":""Polygon"",""coordinates"":[[[77.06032968390069,12.289512854838774],[77.06005642702884,12.289425101025554],[77.05988980239634,12.289196130429994],[77.05989472120798,12.288915207108442],[77.06006925105531,12.288691843851671],[77.06034531863709,12.288613226410568],[77.06061532494448,12.288709978488956],[77.06077386772864,12.288944379956428],[77.06075919923605,12.289225009435732],[77.06057702870606,12.289442447779606],[77.06032968390069,12.289512854838774]]]}"
00000000000000000148,Mandya,0.7355073748663324,MM-MD-0173,0.65,0.4641444668949013,10.0,508.080319494009,76.7133851783598,ESA_WorldCover_Cropland,0.22522014379501343,6.711082795922607,Malavalli,23.912546723808372,Malagalali,"{""type"":""Polygon"",""coordinates"":[[[77.06527042315172,12.289512826206305],[77.0649971774829,12.289425162468923],[77.06483055968152,12.289196106282033],[77.0648353904592,12.288915174210919],[77.06500991315143,12.288691803648774],[77.0652860572471,12.288613268760244],[77.06555605248437,12.288710016540133],[77.06571458876819,12.288944418295387],[77.06569992087701,12.289225052534698],[77.06551775781611,12.289442412690912],[77.06527042315172,12.289512826206305]]]}"
00000000000000000150,Mandya,0.7355073748665273,MM-MD-0230,0.65,0.4825707007687179,10.0,508.080319494009,76.7133851783598,ESA_WorldCover_Cropland,0.22522014379501343,6.698226821278138,Malavalli,23.912546723808372,Malagalali,"{""type"":""Polygon"",""coordinates"":[[[77.06913312484095,12.29535187630477],[77.06885997576461,12.295264210454178],[77.06869327547724,12.295035134581523],[77.06869819392948,12.29475418808806],[77.06887271102471,12.294530888601987],[77.06914875843492,12.294452259243688],[77.06941883284199,12.294549018124954],[77.06957736404105,12.294783435710308],[77.06956269662031,12.295064088529774],[77.06938053940193,12.295281462766194],[77.06913312484095,12.29535187630477]]]}"
00000000000000000152,Mandya,0.7355073748657949,MM-MD-0247,0.65,0.566937579794908,10.0,508.080319494009,76.7133851783598,ESA_WorldCover_Cropland,0.22522014379501343,6.700228821051531,Malavalli,23.912546723808372,Malagalali,"{""type"":""Polygon"",""coordinates"":[[[77.07164843860616,12.288794201268908],[77.07137520740896,12.288706459002896],[77.07120859843178,12.288477490250314],[77.0712134289536,12.288196554158933],[77.07138803023054,12.28797317944243],[77.07166407187351,12.28789454538078],[77.07193405281082,12.287991371912478],[77.07209266852479,12.28822577630856],[77.0720780014105,12.288506414860468],[77.07189576017082,12.288723779318685],[77.07164843860616,12.288794201268908]]]}"
00000000000000000153,Mandya,0.7355073748656887,MM-MD-0263,0.65,0.5635828965307849,10.0,508.080319494009,76.7133851783598,ESA_WorldCover_Cropland,0.22522014379501343,6.559986480162238,Malavalli,23.912546723808372,Malagalali,"{""type"":""Polygon"",""coordinates"":[[[77.06167716236058,12.28915353028048],[77.06140390854345,12.289065778303684],[77.06123728577361,12.28883680865261],[77.06124220453026,12.288555885015752],[77.06141673242658,12.288332520306964],[77.06169279692219,12.288253900843545],[77.06196280021108,12.288350651117455],[77.06212134122279,12.288585051702714],[77.06210667289417,12.288865681565577],[77.06192450440079,12.289083121409341],[77.06167716236058,12.28915353028048]]]}"
00000000000000000159,Mandya,0.7355073748670902,MM-MD-0334,0.65,0.5589872319537151,10.0,508.080319494009,76.7133851783598,ESA_WorldCover_Cropland,0.22522014379501343,6.8,Malavalli,23.912546723808372,Malagalali,"{""type"":""Polygon"",""coordinates"":[[[77.06158730750933,12.298406184279054],[77.06131405348849,12.29831841661937],[77.06114743059443,12.298089422463578],[77.06115234935476,12.297808475051523],[77.06132687738118,12.297585182134581],[77.06160294208259,12.29750656427065],[77.06187294557279,12.297603330896733],[77.06203157453707,12.297837760406523],[77.06201690619753,12.298118328156626],[77.06183464973395,12.29833577684399],[77.06158730750933,12.298406184279054]]]}"
0000000000000000015c,Mandya,0.7355073748649832,MM-MD-0405,0.65,0.38366615849867014,10.0,508.080319494009,76.7133851783598,ESA_WorldCover_Cropland,0.22522014379501343,6.5,Malavalli,23.912546723808372,Malagalali,"{""type"":""Polygon"",""coordinates"":[[[77.06140759760586,12.290321340998656],[77.06113443101262,12.290233591003306],[77.06096780787026,12.290004618259742],[77.06097263880275,12.28972368766181],[77.0611471670894,12.289500321594888],[77.06142332003725,12.289421706906339],[77.06169323609524,12.289518455272534],[77.06185186529603,12.289752863161155],[77.06183719693463,12.290033495737243],[77.06165502803394,12.290250936842783],[77.06140759760586,12.290321340998656]]]}"
00000000000000000161,Mandya,0.7355073748655773,MM-MD-0494,0.65,0.55730261388261,7.72193041759842,508.080319494009,76.7133851783598,ESA_WorldCover_Cropland,0.22522014379501343,6.745696604087576,Malavalli,23.912546723808372,Malagalali,"{""type"":""Polygon"",""coordinates"":[[[77.06032968390069,12.2973282025572],[77.06005642702884,12.297240435565445],[77.05988980239634,12.297011444270114],[77.05989472120798,12.296730500795833],[77.06006925105531,12.296507211357632],[77.06034531863709,12.296428595157513],[77.06061532494448,12.296525360983065],[77.06077386772864,12.2967597833407],[77.06075919923605,12.297040347138404],[77.06057702870606,12.297257796612431],[77.06032968390069,12.2973282025572]]]}"
00000000000000000162,Mandya,0.7355073748673165,MM-MD-0503,0.65,0.6826219463293047,10.0,508.080319494009,76.7133851783598,ESA_WorldCover_Cropland,0.22522014379501343,6.8,Malavalli,23.912546723808372,Malagalali,"{""type"":""Polygon"",""coordinates"":[[[77.07191789261562,12.29023148420959],[77.0716447498574,12.290143743960138],[77.07147805342579,12.289914767205888],[77.07148297176428,12.289633831351237],[77.07165748482292,12.289410535446812],[77.07193361367511,12.289331905411382],[77.07220359400785,12.289428648671015],[77.07236212153978,12.289663052732516],[77.07234745445834,12.289943695202801],[77.0721653014536,12.29016106630357],[77.07191789261562,12.29023148420959]]]}"
00000000000000000165,Mandya,0.7355073748661631,MM-MD-0543,0.65,0.5174595796345937,10.0,508.080319494009,76.7133851783598,ESA_WorldCover_Cropland,0.22522014379501343,6.8,Malavalli,23.912546723808372,Malagalali,"{""type"":""Polygon"",""coordinates"":[[[77.06284491799539,12.299124864174654],[77.06257175465994,12.29903710065233],[77.06240504567059,12.298808100388333],[77.06240996437957,12.29852714996486],[77.06258449058484,12.298303854108893],[77.06286055240551,12.298225234523946],[77.06313055307812,12.298322001318493],[77.063289180387,12.298556347249752],[77.06327451220055,12.29883700360923],[77.06309234547251,12.299054373825811],[77.06284491799539,12.299124864174654]]]}"
0000000000000000016c,Mandya,0.7355073748663318,MM-MD-0604,0.65,0.5302856670214875,10.0,508.080319494009,76.7133851783598,ESA_WorldCover_Cropland,0.22522014379501343,6.5,Malavalli,23.912546723808372,Malagalali,"{""type"":""Polygon"",""coordinates"":[[[77.0638330438607,12.290770499776844],[77.0635598827652,12.290682751238325],[77.06339326297622,12.290453777291637],[77.06339809381151,12.290172843300104],[77.06357261858567,12.289949472971047],[77.06384876597564,12.289870854815067],[77.06411876443393,12.289967606057559],[77.06427730260913,12.290202011091457],[77.06426263454294,12.290482647147536],[77.0640804693088,12.290700092514477],[77.0638330438607,12.290770499776844]]]}"
0000000000000000016e,Mandya,0.7355073748662553,MM-MD-0621,0.65,0.6130518498759961,10.0,508.080319494009,76.7133851783598,ESA_WorldCover_Cropland,0.22522014379501343,6.515059019291769,Malavalli,23.912546723808372,Malagalali,"{""type"":""Polygon"",""coordinates"":[[[77.06068901881856,12.289872192387781],[77.06041576276128,12.289784438296644],[77.06024913862548,12.289555466747023],[77.06025405742245,12.289274542167218],[77.06042849891399,12.289051173641576],[77.06070465350834,12.288972559930242],[77.06097465901085,12.289069312328193],[77.06113320132238,12.289303714777413],[77.0611185328735,12.289584345517714],[77.0609363628866,12.289801784910171],[77.06068901881856,12.289872192387781]]]}"
00000000000000000170,Mandya,0.7355073748668463,MM-MD-0648,0.65,0.5745243402796159,10.0,508.080319494009,76.7133851783598,ESA_WorldCover_Cropland,0.22522014379501343,6.5341151385927505,Malavalli,23.912546723808372,Malagalali,"{""type"":""Polygon"",""coordinates"":[[[77.06392289703744,12.289333203662546],[77.06364973614566,12.289245457629193],[77.06348302864762,12.28901648329386],[77.06348794731261,12.288735471560143],[77.06366247195663,12.288512188823681],[77.0639385313077,12.288433566113294],[77.06420852956485,12.288530314749472],[77.06436715545459,12.288764720141309],[77.06435248739935,12.289045352625196],[77.06417032230105,12.28926279607805],[77.06392289703744,12.289333203662546]]]}"
00000000000000000176,Mandya,0.735507374865625,MM-MD-0679,0.65,0.5877493987640103,10.0,508.080319494009,76.7133851783598,ESA_WorldCover_Cropland,0.22522014379501343,6.593805908050767,Malavalli,23.912546723808372,Malagalali,"{""type"":""Polygon"",""coordinates"":[[[77.06158730750933,12.28888407770454],[77.06131405348849,12.288796326100139],[77.06114743059443,12.288567271601037],[77.06115234935476,12.288286348742378],[77.06132687738118,12.288063070134074],[77.06160294208259,12.287984450759044],[77.06187294557279,12.288081200637077],[77.06203148670271,12.288315600496611],[77.06201681836315,12.288596229586911],[77.06183464973395,12.288813583349668],[77.06158730750933,12.28888407770454]]]}"
00000000000000000182,Mandya,0.7355073748672151,MM-MD-0756,0.65,0.5827428301338665,10.0,508.080319494009,76.7133851783598,ESA_WorldCover_Cropland,0.22522014379501343,6.5,Malavalli,23.912546723808372,Malagalali,"{""type"":""Polygon"",""coordinates"":[[[77.06356357176162,12.289782361824713],[77.06329041005525,12.289694614706109],[77.06312370206008,12.28946563918251],[77.06312862073975,12.289184712184541],[77.0633031459042,12.288961343740395],[77.06357920607849,12.288882721625132],[77.06384920514083,12.288979471364035],[77.06400783150363,12.289213877936147],[77.06399316340465,12.289494511217315],[77.0638109977631,12.289711954773832],[77.06356357176162,12.289782361824713]]]}"
00000000000000000183,Mandya,0.7355073748663457,MM-MD-0761,0.65,0.5590698830325568,10.0,508.080319494009,76.7133851783598,ESA_WorldCover_Cropland,0.22522014379501343,6.715653440116486,Malavalli,23.912546723808372,Malagalali,"{""type"":""Polygon"",""coordinates"":[[[77.07191789261562,12.288973831834012],[77.0716447498574,12.288886179269578],[77.07147805342579,12.288657120281453],[77.07148297176428,12.288376187671108],[77.07165748482292,12.288152893658326],[77.07193361367511,12.288074263424436],[77.07220359400785,12.2881710044727],[77.07236212153977,12.288405405172224],[77.07234745445834,12.288686044440883],[77.0721653014536,12.288903413749724],[77.07191789261562,12.288973831834012]]]}"
00000000000000000186,Mandya,0.7355073748657773,MM-MD-0774,0.65,0.5914112733611968,10.0,508.080319494009,76.7133851783598,ESA_WorldCover_Cropland,0.22522014379501343,6.620821632865323,Malavalli,23.912546723808372,Malagalali,"{""type"":""Polygon"",""coordinates"":[[[77.0642822212417,12.288794204060505],[77.06400906116454,12.288706459263858],[77.06384235416364,12.288477486354886],[77.06384727281397,12.288196561243728],[77.06402179693752,12.287973193223744],[77.06429785546531,12.28789456990407],[77.06456785291725,12.287991317279495],[77.06472647833391,12.28822572125078],[77.06471181032241,12.288506352708588],[77.06452964576742,12.288723795929648],[77.0642822212417,12.288794204060505]]]}"
00000000000000000187,Mandya,0.735507374867466,MM-MD-0787,0.65,0.6939063645927168,10.0,508.080319494009,76.7133851783598,ESA_WorldCover_Cropland,0.22522014379501343,6.51430057202288,Malavalli,23.912546723808372,Malagalali,"{""type"":""Polygon"",""coordinates"":[[[77.06850435406122,12.293106116223012],[77.06823111572879,12.293018363817339],[77.06806450240083,12.292789383660129],[77.0680693330488,12.292508439341178],[77.06824385105539,12.292285144159907],[77.06851998773683,12.29220651955884],[77.06878997572474,12.292303270843686],[77.06894859558106,12.292537686586334],[77.06893392808374,12.292818333086139],[77.0687516820847,12.29303569899171],[77.06850435406122,12.293106116223012]]]}"
00000000000000000188,Mandya,0.7355073748667251,MM-MD-0788,0.65,0.7870414860713585,10.0,508.080319494009,76.7133851783598,ESA_WorldCover_Cropland,0.22522014379501343,6.9,Malavalli,23.912546723808372,Malagalali,"{""type"":""Polygon"",""coordinates"":[[[77.06931282322012,12.294004440456042],[77.06903958672218,12.293916687274839],[77.06887297451283,12.293687704734738],[77.06887780512837,12.293406757354518],[77.06905232196328,12.293183459627935],[77.06932845679076,12.293104833989547],[77.06959844296593,12.293201586150115],[77.06975706175723,12.293436004340128],[77.06974239435839,12.293716568335475],[77.06956014958301,12.293934022295682],[77.06931282322012,12.294004440456042]]]}"
0000000000000000018f,Mandya,0.7355073748665096,MM-MD-0826,0.65,0.6060370048119554,9.193489678123864,508.080319494009,76.7133851783598,ESA_WorldCover_Cropland,0.22522014379501343,6.78246061047268,Malavalli,23.912546723808372,Malagalali,"{""type"":""Polygon"",""coordinates"":[[[77.06059916323066,12.297328165942508],[77.06032590696968,12.297240484766155],[77.06015928270968,12.297011493469297],[77.06016420151032,12.296730549746448],[77.0603387309675,12.296507174341123],[77.0606147979321,12.29642855774775],[77.06088480363587,12.296525323338598],[77.06104343390068,12.296759749910937],[77.06102876544088,12.297040399537343],[77.06084650748309,12.297257759645415],[77.06059916323066,12.297328165942508]]]}"
00000000000000000190,Mandya,0.7355073748660255,MM-MD-0829,0.65,0.6669546155790935,10.0,508.080319494009,76.7133851783598,ESA_WorldCover_Cropland,0.22522014379501343,6.584346559883515,Malavalli,23.912546723808372,Malagalali,"{""type"":""Polygon"",""coordinates"":[[[77.06122797526939,12.288973863143351],[77.06095480826906,12.28888611525612],[77.06078809704313,12.288657141886894],[77.0607930158181,12.28837621912765],[77.06096754436483,12.288152855353374],[77.06124360988927,12.288074236516657],[77.06151361418445,12.28817098686526],[77.06167215578705,12.288405386943918],[77.0616575752384,12.288686020112968],[77.06147531823144,12.288903454833635],[77.06122797526939,12.288973863143351]]]}"
00000000000000000194,Mandya,0.7355073748667362,MM-MD-0849,0.65,0.5655304800458141,10.0,508.080319494009,76.7133851783598,ESA_WorldCover_Cropland,0.22522014379501343,6.577019085755888,Malavalli,23.912546723808372,Malagalali,"{""type"":""Polygon"",""coordinates"":[[[77.06006011613248,12.291129787948847],[77.05978694648557,12.291042120924315],[77.05962032148061,12.290813060482437],[77.05962515246712,12.290532129040768],[77.05979968270474,12.290308849314066],[77.06007583873964,12.290230236720042],[77.06034584565063,12.29032699187772],[77.06050438878924,12.290561397652864],[77.06048972026383,12.290842030988644],[77.06030754932661,12.291059385669849],[77.06006011613248,12.291129787948847]]]}"
00000000000000000198,Mandya,0.7355073748673548,MM-MD-0887,0.65,0.3877539814970129,10.0,508.080319494009,76.7133851783598,ESA_WorldCover_Cropland,0.22522014379501343,6.5,Malavalli,23.912546723808372,Malagalali,"{""type"":""Polygon"",""coordinates"":[[[77.06266529780112,12.290501053512271],[77.0623920462244,12.290413300165346],[77.06222542482067,12.29018424137476],[77.06223034353701,12.28990331335114],[77.0624048700024,12.289680030717902],[77.06268093223454,12.289601410026602],[77.0629509333096,12.289698161811302],[77.06310947302136,12.289932566056953],[77.06309480481302,12.290213200302126],[77.06291263781333,12.290430557977073],[77.06266529780112,12.290501053512271]]]}"
00000000000000000199,Mandya,0.7355073748662393,MM-MD-0907,0.65,0.7448228962017505,10.0,508.080319494009,76.7133851783598,ESA_WorldCover_Cropland,0.22522014379501343,6.778753054963345,Malavalli,23.912546723808372,Malagalali,"{""type"":""Polygon"",""coordinates"":[[[77.07263658006954,12.290141723063124],[77.07236335111538,12.29005397942816],[77.07219674350593,12.289824921534699],[77.0722015739881,12.289543981057049],[77.07237617383171,12.289320688418435],[77.07265221320856,12.289242053128056],[77.07292219192942,12.289338795604412],[77.07308080634118,12.289573203659646],[77.0730661393473,12.28985384659313],[77.07288398743025,12.290071218638298],[77.07263658006954,12.290141723063124]]]}"
0000000000000000019e,Mandya,0.7355073748669431,MM-MD-0967,0.65,0.6520392770278031,10.0,508.080319494009,76.7133851783598,ESA_WorldCover_Cropland,0.22522014379501343,6.566098081023453,Malavalli,23.912546723808372,Malagalali,"{""type"":""Polygon"",""coordinates"":[[[77.06446192685826,12.290500980945819],[77.06418867935574,12.290413229239762],[77.06402206043627,12.290184256003661],[77.06402697907926,12.289903326323973],[77.06420150294252,12.289679955470472],[77.06447756105857,12.289601417722812],[77.06474755810778,12.289698167944245],[77.06490609545556,12.289932572294356],[77.06489151529821,12.290213212465995],[77.06470926318251,12.290430568627217],[77.06446192685826,12.290500980945819]]]}"
0000000000000000013e,Mandya,0.7355073748660181,MM-MD-0075,0.7000000000000001,0.6339175232345666,10.0,508.080319494009,76.7133851783598,ESA_WorldCover_Cropland,0.22522014379501343,6.9,Malavalli,23.912546723808372,Malagalali,"{""type"":""Polygon"",""coordinates"":[[[77.06401275014721,12.294543411176205],[77.063739501626,12.294455652244439],[77.0635728820854,12.294226668303958],[77.06357780074673,12.293945728613442],[77.0637523252606,12.293722437912207],[77.0640283844058,12.293643815895827],[77.06429838246159,12.293740573617693],[77.06445700823303,12.293974992943964],[77.06444234018875,12.294255638774898],[77.06426008739355,12.29447300001957],[77.06401275014721,12.294543411176205]]]}"
00000000000000000142,Mandya,0.7355073748660534,MM-MD-0132,0.7000000000000001,0.5155548459959786,10.0,508.080319494009,76.7133851783598,ESA_WorldCover_Cropland,0.22522014379501343,6.8669474778991155,Malavalli,23.912546723808372,Malagalali,"{""type"":""Polygon"",""coordinates"":[[[77.06446192685826,12.294543398578094],[77.06418867935574,12.294455725624656],[77.06402206043627,12.294226656113954],[77.06402689124636,12.29394571181228],[77.06420150294252,12.29372242464412],[77.06447756105857,12.29364380197243],[77.06474755810778,12.293740559303274],[77.06490618328783,12.293974978655344],[77.06489151529821,12.29425562491893],[77.06470926318251,12.294472986834347],[77.06446192685826,12.294543398578094]]]}"
00000000000000000144,Mandya,0.7355073748663012,MM-MD-0137,0.7000000000000001,0.6016313376149172,10.0,508.080319494009,76.7133851783598,ESA_WorldCover_Cropland,0.22522014379501343,6.80585604327022,Malavalli,23.912546723808372,Malagalali,"{""type"":""Polygon"",""coordinates"":[[[77.06374327845003,12.293375629965693],[77.06347002931774,12.293287872756483],[77.06330340940451,12.293058891910023],[77.0633082402434,12.292777951281874],[77.06348285298102,12.292554581364735],[77.0637589127436,12.29247595955636],[77.06402891140324,12.292572801025369],[77.06418744969666,12.29280712745132],[77.06417278161955,12.293087770050937],[77.06399061624955,12.293305218995034],[77.06374327845003,12.293375629965693]]]}"
0000000000000000014a,Mandya,0.7355073748667125,MM-MD-0192,0.7000000000000001,0.718475936378068,10.0,508.080319494009,76.7133851783598,ESA_WorldCover_Cropland,0.22522014379501343,6.772805283960894,Malavalli,23.912546723808372,Malagalali,"{""type"":""Polygon"",""coordinates"":[[[77.0672467148221,12.286997602927443],[77.06697347363628,12.286909859671434],[77.06680685856848,12.28668081013948],[77.06681168926688,12.286399882738221],[77.06698620909587,12.28617659860186],[77.06726234866098,12.286097974869069],[77.0675323394684,12.28619471650534],[77.06769087315102,12.286429111649943],[77.0676762055005,12.286709741388526],[77.06749404542845,12.286927186473378],[77.0672467148221,12.286997602927443]]]}"
00000000000000000156,Mandya,0.7355073748665268,MM-MD-0297,0.7000000000000001,0.6646012700900397,10.0,508.080319494009,76.7133851783598,ESA_WorldCover_Cropland,0.22522014379501343,6.9,Malavalli,23.912546723808372,Malagalali,"{""type"":""Polygon"",""coordinates"":[[[77.06329409905992,12.294363773245156],[77.06302084890902,12.294276013959685],[77.06285422837469,12.294047030498646],[77.06285914706535,12.293766091933698],[77.06303367262011,12.293542716998058],[77.06330973341174,12.293464181568558],[77.0635797330779,12.29356093960008],[77.06373835979547,12.293795272837562],[77.06372369166368,12.294075917518905],[77.06354143778145,12.294293363002282],[77.06329409905992,12.294363773245156]]]}"
0000000000000000016a,Mandya,0.7355073748658192,MM-MD-0596,0.7000000000000001,0.5335156426702615,10.0,508.080319494009,76.7133851783598,ESA_WorldCover_Cropland,0.22522014379501343,6.820093603744159,Malavalli,23.912546723808372,Malagalali,"{""type"":""Polygon"",""coordinates"":[[[77.06482124945494,12.293734924722255],[77.06454800276735,12.293647167892058],[77.06438138434478,12.293418186088436],[77.0643863029731,12.293137247737347],[77.06456082631588,12.292913957055655],[77.06483688360862,12.29283533373165],[77.06510687985255,12.292932089327998],[77.0652655045595,12.293166506539794],[77.06525083661364,12.293447151092392],[77.06506858504152,12.29366451239381],[77.06482124945494,12.293734924722255]]]}"
0000000000000000016f,Mandya,0.7355073748655709,MM-MD-0638,0.7000000000000001,0.6602754471134706,10.0,508.080319494009,76.7133851783598,ESA_WorldCover_Cropland,0.22522014379501343,6.802553302132093,Malavalli,23.912546723808372,Malagalali,"{""type"":""Polygon"",""coordinates"":[[[77.06616867768962,12.293734957399051],[77.0658955218898,12.293647205996116],[77.06572881749926,12.293418219989071],[77.06573373607256,12.293137280396103],[77.06590825746336,12.292913902155115],[77.06618439949976,12.2928352810615],[77.06645439272351,12.292932121052209],[77.06661292782502,12.293166448578013],[77.06659826004322,12.293447094428332],[77.06641609834085,12.293664547505765],[77.06616867768962,12.293734957399051]]]}"
00000000000000000172,Mandya,0.7355073748661757,MM-MD-0667,0.7000000000000001,0.655209896196478,10.0,508.080319494009,76.7133851783598,ESA_WorldCover_Cropland,0.22522014379501343,6.9,Malavalli,23.912546723808372,Malagalali,"{""type"":""Polygon"",""coordinates"":[[[77.06302462575559,12.29526210745977],[77.06275137499365,12.295174346413635],[77.06258475408671,12.294945360575097],[77.06258958495444,12.294664415744489],[77.06276419873339,12.294441044054869],[77.06304026014237,12.29436242359412],[77.06331026041234,12.294459183439875],[77.06346879965133,12.294693600432336],[77.06345421932005,12.294974251337296],[77.06327196503025,12.295191612128841],[77.06302462575559,12.29526210745977]]]}"
00000000000000000174,Mandya,0.7355073748655284,MM-MD-0672,0.7000000000000001,0.4363287897568291,8.875975039001561,508.080319494009,76.7133851783598,ESA_WorldCover_Cropland,0.22522014379501343,6.737769110764426,Malavalli,23.912546723808372,Malagalali,"{""type"":""Polygon"",""coordinates"":[[[77.06014997212219,12.295262120645162],[77.05987680267891,12.2951743611717],[77.05971008996208,12.294945371149085],[77.05971500878105,12.294664433166455],[77.05988953888857,12.294441061530547],[77.0601656068819,12.294362445264127],[77.06043561359182,12.294459207612368],[77.06059424444777,12.294693628636926],[77.0605795759333,12.294974272574606],[77.06039740513188,12.295191633271767],[77.06014997212219,12.295262120645162]]]}"
00000000000000000180,Mandya,0.7355073748670121,MM-MD-0753,0.7000000000000001,0.5430090614516213,10.0,508.080319494009,76.7133851783598,ESA_WorldCover_Cropland,0.22522014379501343,6.878747855025737,Malavalli,23.912546723808372,Malagalali,"{""type"":""Polygon"",""coordinates"":[[[77.0643720740835,12.294453622356134],[77.06409882637719,12.29436586390401],[77.06393220733345,12.294136880199446],[77.06393712598012,12.293855940409241],[77.06411164997354,12.293632563744383],[77.06438770829544,12.293553941189533],[77.06465770554601,12.293650698440567],[77.06481633084438,12.293885117547289],[77.06480166284382,12.294165763495684],[77.06461941059219,12.294383125149047],[77.0643720740835,12.294453622356134]]]}"
00000000000000000189,Mandya,0.7355073748668296,MM-MD-0799,0.7000000000000001,0.41470215335943866,10.0,508.080319494009,76.7133851783598,ESA_WorldCover_Cropland,0.22522014379501343,6.498169526781072,Malavalli,23.912546723808372,Malagalali,"{""type"":""Polygon"",""coordinates"":[[[77.0607787865042,12.292567141559331],[77.06050561848589,12.292479387203436],[77.0603389944743,12.292250408514153],[77.060343825432,12.291969472702705],[77.06051835462911,12.29174610418822],[77.06079450901761,12.291667490774024],[77.06106442648375,12.291764243637047],[77.06122305651216,12.29199865749386],[77.06120838807422,12.292279295180066],[77.06102621822312,12.292496738546024],[77.0607787865042,12.292567141559331]]]}"
0000000000000000018a,Mandya,0.7355073748663346,MM-MD-0802,0.7000000000000001,0.623972048482269,10.0,508.080319494009,76.7133851783598,ESA_WorldCover_Cropland,0.22522014379501343,6.8,Malavalli,23.912546723808372,Malagalali,"{""type"":""Polygon"",""coordinates"":[[[77.06769587947446,12.28654845382272],[77.06742263930768,12.286460711734126],[77.06725602486124,12.286231663390076],[77.06726085554162,12.285950736734241],[77.06743537471978,12.285727367047862],[77.06771151325502,12.285648828150945],[77.0679815030555,12.285745568606464],[77.06814003614687,12.285979962576102],[77.06812536855105,12.2862605916035],[77.06794320915837,12.286477951155629],[77.06769587947446,12.28654845382272]]]}"
0000000000000000018d,Mandya,0.7355073748652677,MM-MD-0809,0.7000000000000001,0.7138283142785614,10.0,508.080319494009,76.7133851783598,ESA_WorldCover_Cropland,0.22522014379501343,6.5,Malavalli,23.912546723808372,Malagalali,"{""type"":""Polygon"",""coordinates"":[[[77.076858683382,12.294992610965055],[77.07658546401481,12.294904863012967],[77.07641877442718,12.294675873627828],[77.07642369256375,12.294394920944763],[77.07659819845748,12.294171610580376],[77.07687431597247,12.294092974089027],[77.0771442852201,12.29418972141752],[77.07730289406612,12.294424142679015],[77.0772882275869,12.294704716450056],[77.07710599423811,12.294922183083768],[77.076858683382,12.294992610965055]]]}"
00000000000000000192,Mandya,0.7355073748669704,MM-MD-0835,0.7000000000000001,0.6379053777821104,10.0,508.080319494009,76.7133851783598,ESA_WorldCover_Cropland,0.22522014379501343,6.759982318373291,Malavalli,23.912546723808372,Malagalali,"{""type"":""Polygon"",""coordinates"":[[[77.06787549216828,12.287087433910177],[77.06760234023932,12.28699969527038],[77.06743563821104,12.286770641303105],[77.06744055671466,12.28648971728439],[77.0676150756324,12.286266432083465],[77.06789112592554,12.286187803254391],[77.06816111532335,12.286284544501727],[77.06831973600804,12.286518944116304],[77.06830506843411,12.286799574689276],[77.06812290931325,12.287017020840855],[77.06787549216828,12.287087433910177]]]}"
00000000000000000193,Mandya,0.7355073748669338,MM-MD-0837,0.7000000000000001,0.5573346511680879,10.0,508.080319494009,76.7133851783598,ESA_WorldCover_Cropland,0.22522014379501343,6.711082219564194,Malavalli,23.912546723808372,Malagalali,"{""type"":""Polygon"",""coordinates"":[[[77.06796534232976,12.287446726027484],[77.06769210277434,12.287358982670273],[77.06752548870067,12.287130017506934],[77.06753040720062,12.286849092478114],[77.06770492598817,12.286625721041036],[77.06798097607536,12.286547092137592],[77.06825096527172,12.28664391950162],[77.06840958583807,12.286878320082465],[77.06839491827508,12.287158866093742],[77.06821267146027,12.287376308698207],[77.06796534232976,12.287446726027484]]]}"
00000000000000000137,Mandya,0.7355073748670007,MM-MD-0014,0.8,0.6270525450394977,10.0,508.080319494009,76.7133851783598,ESA_WorldCover_Cropland,0.22522014379501343,6.5,Malavalli,23.912546723808372,Malagalali,"{""type"":""Polygon"",""coordinates"":[[[77.06814495462172,12.299034972066648],[77.06787180330392,12.298947299110587],[77.06770510164863,12.298718299060607],[77.06771002014123,12.298437343984059],[77.06788453866852,12.298213954853862],[77.06816067617387,12.298135417289403],[77.06843066496738,12.298232179310242],[77.06858928529701,12.298466525303393],[77.0685746177559,12.298747186539677],[77.06839237121306,12.298964560345006],[77.06814495462172,12.299034972066648]]]}"
00000000000000000154,Mandya,0.7355073748650358,MM-MD-0267,0.8,0.6484227340359032,10.0,508.080319494009,76.7133851783598,ESA_WorldCover_Cropland,0.22522014379501343,6.9,Malavalli,23.912546723808372,Malagalali,"{""type"":""Polygon"",""coordinates"":[[[77.0658992108147,12.299124799386664],[77.0656259665721,12.299037120028686],[77.06545934964038,12.29880812394903],[77.06546426822469,12.298527170710432],[77.06563879000589,12.298303784766441],[77.06591484482848,12.298225246295715],[77.06618483865644,12.29832201043035],[77.06634346194392,12.298556356535704],[77.06632879412932,12.298837015837425],[77.06614654418806,12.299054386416621],[77.0658992108147,12.299124799386664]]]}"
00000000000000000011,Mandya,0.7355073748658708,MM-MD-0190,0.5987248740456043,0.5822647368236238,10.0,711.2964332103729,82.67409021621668,ESA_WorldCover_Cropland,0.2510055899620056,6.5,Krishnarajpet,22.48683727987455,Laxmipura,"{""type"":""Polygon"",""coordinates"":[[[76.40860193378971,12.629974355042538],[76.4083283155713,12.629886586637737],[76.408161442612,12.62965761660311],[76.40816638699903,12.629376703192959],[76.40834111798534,12.629153365217322],[76.40861756153134,12.629074701266104],[76.40888791233745,12.629171463394032],[76.40904674979815,12.629405927184642],[76.40903200502808,12.629686507288296],[76.40884959354382,12.629903883967888],[76.40860193378971,12.629974355042538]]]}"
0000000000000000001e,Mandya,0.7355073748670113,MM-MD-0295,0.5529190256063987,0.5193093053136645,10.0,711.2964332103729,82.67409021621668,ESA_WorldCover_Cropland,0.2510055899620056,6.545707162520128,Krishnarajpet,22.48683727987455,Laxmipura,"{""type"":""Polygon"",""coordinates"":[[[76.41030870173378,12.627908188736269],[76.41003517536649,12.627820515641742],[76.40986830457824,12.627591465304514],[76.40987316060948,12.627310550825928],[76.41004797761396,12.627087217675285],[76.41032441756326,12.62700863631859],[76.41059476485182,12.62710539326644],[76.41075351195497,12.627339761569045],[76.41073885566762,12.62762042853134],[76.41055644655678,12.627837805127115],[76.41030870173378,12.627908188736269]]]}"
00000000000000000020,Mandya,0.7355073748670702,MM-MD-0325,0.6235342992158701,0.6412425782611317,10.0,711.2964332103729,82.67409021621668,ESA_WorldCover_Cropland,0.2510055899620056,6.5,Krishnarajpet,22.48683727987455,Laxmipura,"{""type"":""Polygon"",""coordinates"":[[[76.41318334282819,12.62961506435733],[76.4129097341668,12.62952730086413],[76.41274286703593,12.62929833168801],[76.41274781125027,12.629017329103522],[76.41292253613368,12.628793984588734],[76.41319897002394,12.62871539928197],[76.41346931138682,12.628812156679539],[76.41362814329925,12.629046534209081],[76.41361348733318,12.62932720824947],[76.41343099393168,12.629544587011177],[76.41318334282819,12.62961506435733]]]}"
00000000000000000030,Mandya,0.7355073748658595,MM-MD-0441,0.6077130836752718,0.6734918727837186,10.0,711.2964332103729,82.67409021621668,ESA_WorldCover_Cropland,0.2510055899620056,6.3,Krishnarajpet,22.48683727987455,Laxmipura,"{""type"":""Polygon"",""coordinates"":[[[76.41120706143512,12.629435385624122],[76.41093344865044,12.629347620580992],[76.41076657900494,12.629118651903916],[76.41077152329379,12.628837651673773],[76.41094625081024,12.628614310448683],[76.41122268886639,12.628535728084556],[76.41149303430346,12.628632486930737],[76.41165186860965,12.628866949494274],[76.41163712413241,12.629147530905227],[76.41145471627084,12.62936491091493],[76.41120706143512,12.629435385624122]]]}"
00000000000000000033,Mandya,0.7355073748669443,MM-MD-0500,0.6106731068868809,0.40206382430860416,10.0,711.2964332103729,82.67409021621668,ESA_WorldCover_Cropland,0.2510055899620056,7.2,Krishnarajpet,22.48683727987455,Laxmipura,"{""type"":""Polygon"",""coordinates"":[[[76.40357138182536,12.63186077846951],[76.4032977531194,12.631773087779175],[76.40313087376417,12.631544112926388],[76.40313581834071,12.631263114044772],[76.40331055602412,12.631039781161443],[76.40358701016599,12.630961210882063],[76.40385737133481,12.631057980843815],[76.40401612658859,12.631292359018545],[76.40400146954873,12.631572943222562],[76.40381905107238,12.631790400231832],[76.40357138182536,12.63186077846951]]]}"
00000000000000000035,Mandya,0.7355073748656451,MM-MD-0514,0.5635990651778765,0.6915653395157036,10.0,711.2964332103729,82.67409021621668,ESA_WorldCover_Cropland,0.2510055899620056,6.5,Krishnarajpet,22.48683727987455,Laxmipura,"{""type"":""Polygon"",""coordinates"":[[[76.40941042417158,12.629435390799253],[76.4091368076393,12.629347624069514],[76.40896993570833,12.629118655421895],[76.40897488006487,12.628837656926464],[76.40914960997446,12.628614318463288],[76.40942605181688,12.628535738811706],[76.40969640095695,12.628632499263679],[76.40985523743876,12.62886687605584],[76.40984049275957,12.629147541299135],[76.40965808239946,12.62936491852072],[76.40941042417158,12.629435390799253]]]}"
00000000000000000038,Mandya,0.7355073748654236,MM-MD-0564,0.5944588699626099,0.5113380088008033,10.0,711.2964332103729,82.67409021621668,ESA_WorldCover_Cropland,0.2510055899620056,6.5,Krishnarajpet,22.48683727987455,Laxmipura,"{""type"":""Polygon"",""coordinates"":[[[76.40725440931777,12.629884543350439],[76.40698087658284,12.629796778388293],[76.40681400190999,12.629567808609211],[76.40681894634778,12.629286811079753],[76.40699367912835,12.629063475301704],[76.40727012551311,12.628984899007994],[76.40754047909553,12.629081662181395],[76.40769922989448,12.629316035442777],[76.40768457326593,12.629596704165923],[76.40750215990838,12.629814078635494],[76.40725440931777,12.629884543350439]]]}"
0000000000000000003a,Mandya,0.7355073748660634,MM-MD-0573,0.5780164130265418,0.5389533770111405,10.0,711.2964332103729,82.67409021621668,ESA_WorldCover_Cropland,0.2510055899620056,6.343369864436714,Krishnarajpet,22.48683727987455,Laxmipura,"{""type"":""Polygon"",""coordinates"":[[[76.41587825610078,12.631052330430924],[76.41560474135132,12.630964571577858],[76.41543787765058,12.63073559862459],[76.41544273347556,12.63045467096264],[76.41561745476743,12.630231320291138],[76.41589397126272,12.630152735795441],[76.41616430706807,12.630249493325657],[76.41632304742811,12.630483870257894],[76.41630839176332,12.6307644648871],[76.41612599040064,12.630981939930946],[76.41587825610078,12.631052330430924]]]}"
0000000000000000003d,Mandya,0.7355073748667073,MM-MD-0599,0.5636009555463238,0.598213214853601,10.0,711.2964332103729,82.67409021621668,ESA_WorldCover_Cropland,0.2510055899620056,6.5,Krishnarajpet,22.48683727987455,Laxmipura,"{""type"":""Polygon"",""coordinates"":[[[76.40851205216619,12.629435385653228],[76.40823852205291,12.62934762263456],[76.4080716489794,12.629118654001736],[76.40807659336983,12.628837656373713],[76.40825132447571,12.628614319291525],[76.40852776821089,12.628535740996208],[76.40879811920203,12.628632502251026],[76.40895686847936,12.628866874425606],[76.40894221199129,12.629147543316845],[76.40875980038219,12.629364919144347],[76.40851205216619,12.629435385653228]]]}"
00000000000000000040,Mandya,0.7355073748660759,MM-MD-0639,0.5870631004933786,0.6829940905997381,10.0,711.2964332103729,82.67409021621668,ESA_WorldCover_Cropland,0.2510055899620056,6.468693845754348,Krishnarajpet,22.48683727987455,Laxmipura,"{""type"":""Polygon"",""coordinates"":[[[76.41560880258159,12.630603179912617],[76.41533519898208,12.630515417017541],[76.41516833493822,12.630286445235297],[76.4151732790611,12.630005523500882],[76.41534800071211,12.629782173873009],[76.41562442948825,12.62970358512994],[76.41589476584952,12.62980034210694],[76.41605359482331,12.630034722395655],[76.4160389391284,12.630315315653906],[76.41585644910329,12.630532785133328],[76.41560880258159,12.630603179912617]]]}"
00000000000000000045,Mandya,0.7355073748667014,MM-MD-0715,0.5764632562970665,0.685370103066296,10.0,711.2964332103729,82.67409021621668,ESA_WorldCover_Cropland,0.2510055899620056,6.5,Krishnarajpet,22.48683727987455,Laxmipura,"{""type"":""Polygon"",""coordinates"":[[[76.40959009783444,12.629615004356415],[76.40931648167691,12.629527323134157],[76.40914960997446,12.629298268372825],[76.40915455432425,12.629017354901299],[76.40932928399452,12.628794015910067],[76.40960572545835,12.628715436028275],[76.40987607422811,12.628812196637513],[76.41003491049239,12.629046573913099],[76.41002016583337,12.62932715413349],[76.40983775572312,12.629544617515714],[76.40959009783444,12.629615004356415]]]}"
0000000000000000004b,Mandya,0.7355073748666378,MM-MD-0768,0.5757686714448949,0.6444601046690553,10.0,711.2964332103729,82.67409021621668,ESA_WorldCover_Cropland,0.2510055899620056,6.5,Krishnarajpet,22.48683727987455,Laxmipura,"{""type"":""Polygon"",""coordinates"":[[[76.41569859105368,12.630333654350139],[76.4154250759293,12.630245982195651],[76.41525821199987,12.630016925465668],[76.41526306783152,12.629735999762058],[76.41543778936287,12.629512650373938],[76.41571430623716,12.62943406598542],[76.41598464241308,12.62953082240552],[76.4161433829907,12.629765197443204],[76.41612872730583,12.630045875778567],[76.41594632569313,12.630263263946063],[76.41569859105368,12.630333654350139]]]}"
00000000000000000055,Mandya,0.7355073748660228,MM-MD-0865,0.6042616735054284,0.47821293249291713,10.0,711.2964332103729,82.67409021621668,ESA_WorldCover_Cropland,0.2510055899620056,6.212382485846353,Krishnarajpet,22.48683727987455,Laxmipura,"{""type"":""Polygon"",""coordinates"":[[[76.40267305814767,12.628447201554447],[76.4023995158661,12.628359520377918],[76.40223263536929,12.628130468768914],[76.40223749168302,12.62784956032054],[76.40241223056192,12.627626233600923],[76.40268868659521,12.627547578255324],[76.40295904961384,12.627644342980144],[76.40311780595385,12.62787879779043],[76.40310314881371,12.628159372731874],[76.40292072908922,12.628376823830955],[76.40267305814767,12.628447201554447]]]}"
0000000000000000000b,Mandya,0.735507374866801,MM-MD-0101,0.55,0.5795198845138979,10.0,711.2964332103729,82.67409021621668,ESA_WorldCover_Cropland,0.2510055899620056,6.5,Krishnarajpet,22.48683727987455,Laxmipura,"{""type"":""Polygon"",""coordinates"":[[[76.40985956372157,12.628357348732926],[76.40958603641775,12.628269674453898],[76.40941916505817,12.62804062295674],[76.40942402110602,12.627759707795562],[76.4095987504174,12.627536370152777],[76.40987519131339,12.627457789576843],[76.41014553952782,12.627554547720655],[76.41030437546578,12.627788921720853],[76.41028971912826,12.628069589330536],[76.41010722110153,12.628286961270181],[76.40985956372157,12.628357348732926]]]}"
00000000000000000018,Mandya,0.7355073748657305,MM-MD-0239,0.55,0.710979373479214,10.0,711.2964332103729,82.67409021621668,ESA_WorldCover_Cropland,0.2510055899620056,6.5,Krishnarajpet,22.48683727987455,Laxmipura,"{""type"":""Polygon"",""coordinates"":[[[76.40896128308388,12.6289862322855],[76.40868766561489,12.628898465897587],[76.40852079311263,12.6286694984244],[76.40852573748612,12.628388501478673],[76.40870046799387,12.628165164335469],[76.4089769107827,12.628086585259368],[76.40924726084832,12.628183345318254],[76.40940609787395,12.62841772090203],[76.40939135314426,12.628698384592429],[76.40920894215965,12.628915760522947],[76.40896128308388,12.6289862322855]]]}"
0000000000000000001f,Mandya,0.735507374866267,MM-MD-0310,0.55,0.49294160168136414,10.0,711.2964332103729,82.67409021621668,ESA_WorldCover_Cropland,0.2510055899620056,6.473048356100349,Krishnarajpet,22.48683727987455,Laxmipura,"{""type"":""Polygon"",""coordinates"":[[[76.41030870173378,12.62880650332002],[76.41003517536649,12.628718828699608],[76.40986830457824,12.628489776027525],[76.40987316060948,12.628208859317095],[76.41004797761396,12.627985524907553],[76.41032441756326,12.627906943755994],[76.41059476485182,12.628003702292832],[76.41075351195497,12.628238072948394],[76.41073885566762,12.628518742110993],[76.41055644655678,12.628736119895065],[76.41030870173378,12.62880650332002]]]}"
00000000000000000028,Mandya,0.7355073748653053,MM-MD-0362,0.55,0.49384698779836955,10.0,711.2964332103729,82.67409021621668,ESA_WorldCover_Cropland,0.2510055899620056,6.49106206180213,Krishnarajpet,22.48683727987455,Laxmipura,"{""type"":""Polygon"",""coordinates"":[[[76.41030870173378,12.628716748617782],[76.41003517536649,12.628628988506208],[76.40986830457824,12.628399936067622],[76.40987316060948,12.628119019580389],[76.41004797761396,12.627895685296743],[76.41032441756326,12.627817104124661],[76.41059476485182,12.62791386250259],[76.41075351195497,12.628148232922845],[76.41073885566762,12.6284289018654],[76.41055644655678,12.628646279530635],[76.41030870173378,12.628716748617782]]]}"
00000000000000000044,Mandya,0.7355073748647555,MM-MD-0714,0.55,0.7147513764597897,10.0,711.2964332103729,82.67409021621668,ESA_WorldCover_Cropland,0.2510055899620056,6.5,Krishnarajpet,22.48683727987455,Laxmipura,"{""type"":""Polygon"",""coordinates"":[[[76.40896128308388,12.628896392202122],[76.40868766561489,12.628808625966913],[76.40852079311264,12.628579658727162],[76.40852573748612,12.628298662004664],[76.40870046799387,12.628075324987377],[76.4089769107827,12.627996745890743],[76.40924726084832,12.628093505790712],[76.40940609787395,12.628327881139146],[76.40939135314426,12.628608544609541],[76.40920894215965,12.62882592042123],[76.40896128308388,12.628896392202122]]]}"
00000000000000000051,Mandya,0.7355073748665809,MM-MD-0816,0.55,0.5547369660022445,10.0,711.2964332103729,82.67409021621668,ESA_WorldCover_Cropland,0.2510055899620056,6.5,Krishnarajpet,22.48683727987455,Laxmipura,"{""type"":""Polygon"",""coordinates"":[[[76.40985956372157,12.627818396345464],[76.40958603641775,12.627730637339138],[76.40941916505817,12.627501672885654],[76.40942402110602,12.62722067342116],[76.4095987504174,12.626997422176235],[76.40987519131339,12.626918755834945],[76.41014553952782,12.627015513025238],[76.41030437546578,12.62724997125595],[76.41028971912826,12.627530551902643],[76.41010722110153,12.627747923129412],[76.40985956372157,12.627818396345464]]]}"
00000000000000000000,Mandya,0.735507374866869,MM-MD-0003,0.6000000000000001,0.42972211763258933,10.0,711.2964332103729,82.67409021621668,ESA_WorldCover_Cropland,0.2510055899620056,6.402549987016352,Krishnarajpet,22.48683727987455,Laxmipura,"{""type"":""Polygon"",""coordinates"":[[[76.41381213733636,12.631232025380642],[76.4135386182761,12.63114426428317],[76.41337175194556,12.630915290896404],[76.41337660784707,12.630634279134918],[76.41355133189259,12.63041101703349],[76.413827852746,12.630332350053024],[76.41409819281219,12.630429109747848],[76.41425693567423,12.630663572650418],[76.41424227977845,12.630944165637802],[76.41405987554081,12.631161552066194],[76.41381213733636,12.631232025380642]]]}"
00000000000000000001,Mandya,0.7355073748673473,MM-MD-0027,0.6000000000000001,0.658697164404879,10.0,711.2964332103729,82.67409021621668,ESA_WorldCover_Cropland,0.2510055899620056,6.401890614449689,Krishnarajpet,22.48683727987455,Laxmipura,"{""type"":""Polygon"",""coordinates"":[[[76.41075783820814,12.63248963566471],[76.41048431277741,12.632401869563955],[76.41031744256053,12.632172892959975],[76.41032229857512,12.631891966667899],[76.41049711498104,12.631668626407969],[76.41077355398379,12.631590045419868],[76.41104390034664,12.631686810069263],[76.41120273519675,12.63192119495613],[76.41118799066902,12.63220178338969],[76.41100558218281,12.63241916674098],[76.41075783820814,12.63248963566471]]]}"
00000000000000000002,Mandya,0.7355073748655437,MM-MD-0029,0.6000000000000001,0.6529528934124375,10.0,711.2964332103729,82.67409021621668,ESA_WorldCover_Cropland,0.2510055899620056,6.7,Krishnarajpet,22.48683727987455,Laxmipura,"{""type"":""Polygon"",""coordinates"":[[[76.40761376230245,12.631950674663573],[76.40734023031658,12.631862906527514],[76.40717335610069,12.631633931374768],[76.40717821223166,12.631352923810127],[76.40735294453384,12.63112967022975],[76.40762947845474,12.631051012776714],[76.40789983129679,12.631147779283582],[76.408058581661,12.631382157981475],[76.40804392507256,12.631662832126198],[76.40786142392176,12.631880205329757],[76.40761376230245,12.631950674663573]]]}"
00000000000000000003,Mandya,0.7355073748662985,MM-MD-0046,0.6000000000000001,0.48640719490407414,10.0,711.2964332103729,82.67409021621668,ESA_WorldCover_Cropland,0.2510055899620056,6.4,Krishnarajpet,22.48683727987455,Laxmipura,"{""type"":""Polygon"",""coordinates"":[[[76.4137223475722,12.631411621180524],[76.41344874003556,12.631323940787269],[76.41328187359063,12.631094881288805],[76.41328681778465,12.630813959367053],[76.41346154194981,12.630590611505866],[76.41373797470372,12.630512025795385],[76.41400831495523,12.630608785888269],[76.4141671462147,12.630843168161196],[76.41415240202028,12.631123842591686],[76.4139699976576,12.631341229118204],[76.4137223475722,12.631411621180524]]]}"
00000000000000000005,Mandya,0.7355073748656162,MM-MD-0057,0.6000000000000001,0.5135982696728059,10.0,711.2964332103729,82.67409021621668,ESA_WorldCover_Cropland,0.2510055899620056,6.494744222279928,Krishnarajpet,22.48683727987455,Laxmipura,"{""type"":""Polygon"",""coordinates"":[[[76.40994935613048,12.63042352057111],[76.40967582901388,12.630335757222056],[76.40950895776852,12.63010678599836],[76.40951381381305,12.629825865617788],[76.40968863129642,12.629602529495171],[76.40996507200299,12.629523863611297],[76.41023542003218,12.629620625329263],[76.4103941675702,12.629855085838704],[76.41037951124272,12.63013567295426],[76.41019710163215,12.630353052319107],[76.40994935613048,12.63042352057111]]]}"
00000000000000000007,Mandya,0.7355073748672384,MM-MD-0065,0.6000000000000001,0.5832663170203004,10.0,711.2964332103729,82.67409021621668,ESA_WorldCover_Cropland,0.2510055899620056,6.657740846533364,Krishnarajpet,22.48683727987455,Laxmipura,"{""type"":""Polygon"",""coordinates"":[[[76.40806290800305,12.631142146789976],[76.40778937695345,12.631054466094211],[76.40762250330873,12.630825407389677],[76.40762735942309,12.630544487044514],[76.40780217942007,12.63032115281625],[76.40807862410155,12.63024257558942],[76.40834897601816,12.630339340264847],[76.40850772583894,12.630573716877624],[76.40849306930069,12.630854303850898],[76.40831065706713,12.631071766883114],[76.40806290800305,12.631142146789976]]]}"
0000000000000000000a,Mandya,0.7355073748667587,MM-MD-0073,0.6000000000000001,0.6771171492306749,10.0,711.2964332103729,82.67409021621668,ESA_WorldCover_Cropland,0.2510055899620056,6.34336310760283,Krishnarajpet,22.48683727987455,Laxmipura,"{""type"":""Polygon"",""coordinates"":[[[76.41542913716518,12.631052298424013],[76.41515553319064,12.630964620244058],[76.41498866891807,12.63073556165123],[76.41499361304771,12.630454638974816],[76.41516833493822,12.630231288993665],[76.41544476409322,12.630152700624278],[76.41571510082505,12.630249458555998],[76.41587393001655,12.630483840008198],[76.41585927430155,12.630764519831772],[76.4156767840263,12.630981903979562],[76.41542913716518,12.631052298424013]]]}"
0000000000000000000d,Mandya,0.7355073748662249,MM-MD-0120,0.6000000000000001,0.4385879059085657,10.0,711.2964332103729,82.67409021621668,ESA_WorldCover_Cropland,0.2510055899620056,6.383858737990133,Krishnarajpet,22.48683727987455,Laxmipura,"{""type"":""Polygon"",""coordinates"":[[[76.41237487570264,12.630872702863202],[76.41210126535435,12.630784936473853],[76.41193439719471,12.630555964043744],[76.41193934143953,12.630274959115289],[76.41211406740017,12.630051614080715],[76.41239050299475,12.629973030281644],[76.41266084602444,12.630069790625942],[76.4128196789162,12.630304257037963],[76.41280493457026,12.630584843144437],[76.41262252833305,12.63080222686722],[76.41237487570264,12.630872702863202]]]}"
0000000000000000000e,Mandya,0.7355073748666698,MM-MD-0122,0.6000000000000001,0.5494966891829444,10.0,711.2964332103729,82.67409021621668,ESA_WorldCover_Cropland,0.2510055899620056,6.388917164372884,Krishnarajpet,22.48683727987455,Laxmipura,"{""type"":""Polygon"",""coordinates"":[[[76.4109375100254,12.631142180763751],[76.41066398496937,12.63105441712097],[76.41049711498106,12.63082544401418],[76.41050197098899,12.630544520895176],[76.41067678715547,12.630321182246297],[76.41095322577955,12.630242515033805],[76.41122357177206,12.630339277139496],[76.41138231811412,12.63057373960197],[76.41136766189703,12.63085432947265],[76.41118525366069,12.63107171132132],[76.4109375100254,12.631142180763751]]]}"
0000000000000000000f,Mandya,0.7355073748668445,MM-MD-0152,0.6000000000000001,0.6700083661763042,10.0,711.2964332103729,82.67409021621668,ESA_WorldCover_Cropland,0.2510055899620056,6.641293170605038,Krishnarajpet,22.48683727987455,Laxmipura,"{""type"":""Polygon"",""coordinates"":[[[76.40833237702694,12.632220107943201],[76.40805884653908,12.632132425669514],[76.40789197323707,12.631903364159394],[76.40789691763426,12.631622445432319],[76.4080716489794,12.631399104724588],[76.40834809309315,12.631320527337458],[76.40861844445453,12.631417293678599],[76.40877728224147,12.631651677688309],[76.40876253744112,12.631932348662511],[76.40858012558219,12.632149727893143],[76.40833237702694,12.632220107943201]]]}"
00000000000000000010,Mandya,0.7355073748653834,MM-MD-0168,0.6000000000000001,0.6433937930237703,10.0,711.2964332103729,82.67409021621668,ESA_WorldCover_Cropland,0.2510055899620056,6.4,Krishnarajpet,22.48683727987455,Laxmipura,"{""type"":""Polygon"",""coordinates"":[[[76.41210532669317,12.631501490176223],[76.41183180407263,12.631413727019025],[76.41166493557013,12.631184752959914],[76.41166979153485,12.630903827821822],[76.41184460614475,12.630680486873885],[76.41212104230735,12.630601903625296],[76.41239138589256,12.630698665322596],[76.41255013082102,12.630933043163568],[76.41253547473445,12.631213635090647],[76.41235306812241,12.631431019226724],[76.41210532669317,12.631501490176223]]]}"
00000000000000000015,Mandya,0.735507374866768,MM-MD-0222,0.6000000000000001,0.6428711679297585,10.0,711.2964332103729,82.67409021621668,ESA_WorldCover_Cropland,0.2510055899620056,6.666929829117536,Krishnarajpet,22.48683727987455,Laxmipura,"{""type"":""Polygon"",""coordinates"":[[[76.40815278993425,12.632130335298985],[76.40787917077921,12.632042562808117],[76.4077122972487,12.631813587179863],[76.40771724165263,12.631532668849166],[76.40789197323707,12.631309328543455],[76.40816841772937,12.63123066576205],[76.40843876946097,12.631327432104875],[76.40859760746544,12.631561815866542],[76.40858286264488,12.631842486439531],[76.40840045053616,12.632059865272492],[76.40815278993425,12.632130335298985]]]}"
00000000000000000019,Mandya,0.7355073748667769,MM-MD-0254,0.6000000000000001,0.7416861530000193,10.0,711.2964332103729,82.67409021621668,ESA_WorldCover_Cropland,0.2510055899620056,6.5,Krishnarajpet,22.48683727987455,Laxmipura,"{""type"":""Polygon"",""coordinates"":[[[76.41318334282819,12.630333716172643],[76.4129097341668,12.630245951458235],[76.41274286703593,12.63001698041516],[76.41274781125027,12.629735976045222],[76.41292253613368,12.629512630523216],[76.41319897002394,12.62943404538046],[76.41346931138682,12.629530804048928],[76.41362814329925,12.6297651834607],[76.41361348733318,12.63004585926101],[76.41343099393167,12.630263238972974],[76.41318334282819,12.630333716172643]]]}"
00000000000000000021,Mandya,0.7355073748665119,MM-MD-0336,0.6000000000000001,0.717723860326575,10.0,711.2964332103729,82.67409021621668,ESA_WorldCover_Cropland,0.2510055899620056,6.656632388075199,Krishnarajpet,22.48683727987455,Laxmipura,"{""type"":""Polygon"",""coordinates"":[[[76.40680526084984,12.631052338505276],[76.40653172717873,12.630964571137003],[76.40636485193475,12.630735598331285],[76.40636970809565,12.630454679422895],[76.40654452976806,12.630231347254595],[76.40682097709897,12.630152686262447],[76.40709133160674,12.630249451903063],[76.40725008294905,12.63048391383513],[76.40723542627033,12.630764499320803],[76.40705301228843,12.630981874637266],[76.40680526084984,12.631052338505276]]]}"
00000000000000000022,Mandya,0.7355073748666693,MM-MD-0337,0.6000000000000001,0.5330353695278148,10.0,711.2964332103729,82.67409021621668,ESA_WorldCover_Cropland,0.2510055899620056,6.402550251908797,Krishnarajpet,22.48683727987455,Laxmipura,"{""type"":""Polygon"",""coordinates"":[[[76.41327313296146,12.631231978786785],[76.41299961277682,12.63114421718351],[76.41283274576031,12.630915243805573],[76.41283760168179,12.63063431821026],[76.41301241473492,12.630410975844251],[76.4132888484357,12.63033239077087],[76.41355918961327,12.630429150947606],[76.41371793312793,12.630663528165687],[76.41370327717189,12.630944120609847],[76.41352087218438,12.631161591848322],[76.41327313296146,12.631231978786785]]]}"
00000000000000000024,Mandya,0.7355073748675346,MM-MD-0348,0.6000000000000001,0.5505675416257028,10.0,711.2964332103729,82.67409021621668,ESA_WorldCover_Cropland,0.2510055899620056,6.3783173201765715,Krishnarajpet,22.48683727987455,Laxmipura,"{""type"":""Polygon"",""coordinates"":[[[76.41120706143512,12.631052366773057],[76.41093344865044,12.630964598981944],[76.41076657900494,12.630735626104093],[76.41077152329379,12.630454621856767],[76.41094625081024,12.63023127836568],[76.41122268886639,12.630152696370892],[76.41149303430346,12.630249458076854],[76.41165186860965,12.630483839231255],[76.41163712413241,12.630764510245658],[76.41145471627084,12.630981892393745],[76.41120706143512,12.631052366773057]]]}"
00000000000000000025,Mandya,0.7355073748668864,MM-MD-0350,0.6000000000000001,0.6701650508909174,10.0,711.2964332103729,82.67409021621668,ESA_WorldCover_Cropland,0.2510055899620056,6.7,Krishnarajpet,22.48683727987455,Laxmipura,"{""type"":""Polygon"",""coordinates"":[[[76.40698493808017,12.632040445294946],[76.40671140478356,12.63195276206133],[76.40654452976806,12.631723786685477],[76.40654938592229,12.631442779504646],[76.40672420735535,12.63121944567614],[76.40700065430778,12.631140870282689],[76.40727100844536,12.631237637510642],[76.40742975957033,12.631472016399092],[76.40741510291167,12.631752690129746],[76.40723260088629,12.631970062475753],[76.40698493808017,12.632040445294946]]]}"
00000000000000000027,Mandya,0.7355073748674745,MM-MD-0360,0.6000000000000001,0.6967753169359505,10.0,711.2964332103729,82.67409021621668,ESA_WorldCover_Cropland,0.2510055899620056,6.4,Krishnarajpet,22.48683727987455,Laxmipura,"{""type"":""Polygon"",""coordinates"":[[[76.41183586541979,12.631860839566125],[76.41156225394694,12.631773070991569],[76.41139538510146,12.631544096003411],[76.4114003293666,12.63126317478675],[76.41157505604535,12.631039829196103],[76.41185149277614,12.630961160790687],[76.41212183691701,12.631057923364265],[76.41228067046163,12.631292392326625],[76.41226601434495,12.631572984861727],[76.4120835190681,12.631790364501011],[76.41183586541979,12.631860839566125]]]}"
00000000000000000029,Mandya,0.7355073748668632,MM-MD-0367,0.6000000000000001,0.4965882604725942,10.0,711.2964332103729,82.67409021621668,ESA_WorldCover_Cropland,0.2510055899620056,6.433866528174504,Krishnarajpet,22.48683727987455,Laxmipura,"{""type"":""Polygon"",""coordinates"":[[[76.41021890957087,12.630333708003262],[76.4099452947249,12.630245940505732],[76.40977842382233,12.630016969510967],[76.40978336814841,12.629735968003036],[76.40995809698116,12.629512627038064],[76.41023453711986,12.629434046371074],[76.41050488459369,12.629530807689317],[76.41066372009654,12.629765186891657],[76.41064897550821,12.630045855149971],[76.41046656627238,12.630263234814239],[76.41021890957087,12.630333708003262]]]}"
0000000000000000002c,Mandya,0.7355073748660392,MM-MD-0414,0.6000000000000001,0.5826507939336284,10.0,711.2964332103729,82.67409021621668,ESA_WorldCover_Cropland,0.2510055899620056,6.705857914416288,Krishnarajpet,22.48683727987455,Laxmipura,"{""type"":""Polygon"",""coordinates"":[[[76.40491885581702,12.630872698607794],[76.40464522991957,12.630784925218217],[76.40447835227714,12.630555952910397],[76.40448329680292,12.630274955181854],[76.40465803269288,12.630051621610605],[76.40493448399722,12.629973049069921],[76.40520484239094,12.630069816079022],[76.40536359601518,12.630304191761924],[76.40534893912577,12.630584860549527],[76.40516652252185,12.630802232700239],[76.40491885581702,12.630872698607794]]]}"
0000000000000000002e,Mandya,0.735507374866541,MM-MD-0424,0.6000000000000001,0.707431683156764,10.0,711.2964332103729,82.67409021621668,ESA_WorldCover_Cropland,0.2510055899620056,6.5400135022850066,Krishnarajpet,22.48683727987455,Laxmipura,"{""type"":""Polygon"",""coordinates"":[[[76.40545780622308,12.628716692921278],[76.40518426974373,12.62862901390046],[76.40501739278656,12.628399961543506],[76.40502224899731,12.628119049737487],[76.40519707246447,12.627895722913383],[76.40547352263357,12.627817063423555],[76.40574379162277,12.627913821581698],[76.40590263288928,12.628148281852901],[76.40588797606007,12.6284288602621],[76.40570547191103,12.62864631148607],[76.40545780622308,12.628716692921278]]]}"
00000000000000000031,Mandya,0.7355073748662385,MM-MD-0482,0.6000000000000001,0.424817711976364,10.0,711.2964332103729,82.67409021621668,ESA_WorldCover_Cropland,0.2510055899620056,6.350812860333459,Krishnarajpet,22.48683727987455,Laxmipura,"{""type"":""Polygon"",""coordinates"":[[[76.41057816614475,12.630603178252347],[76.41030464033936,12.630515415188137],[76.4101377698939,12.630286443487426],[76.41014271420643,12.630005526607782],[76.41031744256053,12.62978218471265],[76.41059388194194,12.629703517920088],[76.41086422867511,12.629800279393727],[76.41102306374282,12.630034744972246],[76.41100831919488,12.63031532860778],[76.41082591045877,12.630532709186058],[76.41057816614475,12.630603178252347]]]}"
00000000000000000032,Mandya,0.7355073748657823,MM-MD-0496,0.6000000000000001,0.451360523368449,10.0,711.2964332103729,82.67409021621668,ESA_WorldCover_Cropland,0.2510055899620056,6.315657457415875,Krishnarajpet,22.48683727987455,Laxmipura,"{""type"":""Polygon"",""coordinates"":[[[76.4110273899871,12.630603138311525],[76.41075377682762,12.630515456760406],[76.41058690695353,12.63028639940722],[76.41059185124915,12.63000548209417],[76.41076657900494,12.629782139508647],[76.41104301743978,12.629703557682532],[76.4113133632472,12.629800318754773],[76.41147219777099,12.630034698720161],[76.41145754156395,12.630315373007216],[76.41127504516209,12.630532749729063],[76.4110273899871,12.630603138311525]]]}"
00000000000000000036,Mandya,0.7355073748669896,MM-MD-0521,0.6000000000000001,0.4330383722387714,10.0,711.2964332103729,82.67409021621668,ESA_WorldCover_Cropland,0.2510055899620056,6.42168380596239,Krishnarajpet,22.48683727987455,Laxmipura,"{""type"":""Polygon"",""coordinates"":[[[76.41291379548056,12.631052346573036],[76.41264027454636,12.630964584937677],[76.41247340707258,12.630735612032165],[76.41247826300736,12.630454687229651],[76.41265307653954,12.630231345667802],[76.41292951099787,12.630152675450336],[76.4131998529163,12.630249435630498],[76.41335868515516,12.630483902551319],[76.41334394086982,12.630764489640852],[76.41316153538241,12.630981874437628],[76.41291379548056,12.631052346573036]]]}"
0000000000000000003c,Mandya,0.7355073748672963,MM-MD-0589,0.6000000000000001,0.6807248074733907,10.0,711.2964332103729,82.67409021621668,ESA_WorldCover_Cropland,0.2510055899620056,6.4,Krishnarajpet,22.48683727987455,Laxmipura,"{""type"":""Polygon"",""coordinates"":[[[76.4116561948332,12.631770979005994],[76.4113825829855,12.631683210415428],[76.41121571391142,12.631454235663593],[76.41122065818332,12.631173314843483],[76.41139538510146,12.63094996965495],[76.41167182221093,12.630871387146211],[76.41194216672221,12.630968149721657],[76.41210100048443,12.63120253278994],[76.41208634434766,12.631483124924033],[76.41190384882081,12.631700589812139],[76.4116561948332,12.631770979005994]]]}"
0000000000000000003f,Mandya,0.7355073748660541,MM-MD-0629,0.6000000000000001,0.7156298676003896,10.619547154133775,711.2964332103729,82.67409021621668,ESA_WorldCover_Cropland,0.2510055899620056,6.687609056917316,Krishnarajpet,22.48683727987455,Laxmipura,"{""type"":""Polygon"",""coordinates"":[[[76.40779343842576,12.632579506432545],[76.40751990681441,12.632491737396592],[76.407353032827,12.632262760607425],[76.40735788895134,12.631981751307219],[76.40753262101428,12.631758410924986],[76.40780906626367,12.631679834434086],[76.4080794187357,12.631776601892613],[76.40823825717519,12.632010986805176],[76.40822360060683,12.632291662670626],[76.40804109970593,12.63250903698414],[76.40779343842576,12.632579506432545]]]}"
00000000000000000046,Mandya,0.7355073748663209,MM-MD-0719,0.6000000000000001,0.7242389806080979,10.0,711.2964332103729,82.67409021621668,ESA_WorldCover_Cropland,0.2510055899620056,6.552919177228347,Krishnarajpet,22.48683727987455,Laxmipura,"{""type"":""Polygon"",""coordinates"":[[[76.40563748529813,12.628806552347237],[76.40536394919322,12.628718787700043],[76.40519707246447,12.628489820748817],[76.40520192866859,12.62820882290422],[76.40537666360196,12.62798549112297],[76.40565311339279,12.627906917024204],[76.40592347030632,12.628003679735697],[76.40608231135539,12.628238054613014],[76.40606756625219,12.62851871451061],[76.40588515064702,12.628736085044899],[76.40563748529813,12.628806552347237]]]}"
0000000000000000004c,Mandya,0.7355073748653429,MM-MD-0791,0.6000000000000001,0.6984414805152235,10.0,711.2964332103729,82.67409021621668,ESA_WorldCover_Cropland,0.2510055899620056,6.578317320176582,Krishnarajpet,22.48683727987455,Laxmipura,"{""type"":""Polygon"",""coordinates"":[[[76.40554760164416,12.628986217851834],[76.40527406535193,12.628898452814921],[76.40510718850892,12.62866948539832],[76.40511213301103,12.628388491749293],[76.40528686806394,12.628165159854323],[76.40556331804389,12.62808658593225],[76.40583367514239,12.628183349041867],[76.40599242800604,12.628417719828555],[76.40597777118685,12.628698384630498],[76.40579535545687,12.628915755263018],[76.40554760164416,12.628986217851834]]]}"
0000000000000000004d,Mandya,0.7355073748655343,MM-MD-0794,0.6000000000000001,0.7002028333057215,10.0,711.2964332103729,82.67409021621668,ESA_WorldCover_Cropland,0.2510055899620056,6.7,Krishnarajpet,22.48683727987455,Laxmipura,"{""type"":""Polygon"",""coordinates"":[[[76.40734429180279,12.631411680554193],[76.40707067096184,12.631323908525625],[76.40690379640318,12.631094934777513],[76.4069087408376,12.630813933367534],[76.40708347349859,12.630590680956054],[76.40735991969419,12.630512019231878],[76.40763027309161,12.630608785026348],[76.40778911207481,12.630843166848667],[76.4077743671634,12.631123834846806],[76.40759195393068,12.631341211474842],[76.40734429180279,12.631411680554193]]]}"
0000000000000000004e,Mandya,0.7355073748672752,MM-MD-0798,0.6000000000000001,0.6476575686903832,10.0,711.2964332103729,82.67409021621668,ESA_WorldCover_Cropland,0.2510055899620056,6.468762982966347,Krishnarajpet,22.48683727987455,Laxmipura,"{""type"":""Polygon"",""coordinates"":[[[76.41489013943836,12.630603210480174],[76.41461653433883,12.630515446910303],[76.4144496693802,12.63028647513956],[76.41445461353018,12.630005468452573],[76.41462933613906,12.629782119929377],[76.41490576643066,12.62970353227128],[76.41517610427408,12.629800289890605],[76.41533493411869,12.630034755774751],[76.41532027834342,12.63031534830902],[76.41513778731778,12.630532731026374],[76.41489013943836,12.630603210480174]]]}"
0000000000000000004f,Mandya,0.7355073748667577,MM-MD-0800,0.6000000000000001,0.5739298950078086,10.0,711.2964332103729,82.67409021621668,ESA_WorldCover_Cropland,0.2510055899620056,6.5,Krishnarajpet,22.48683727987455,Laxmipura,"{""type"":""Polygon"",""coordinates"":[[[76.40815278993425,12.630064150631243],[76.40787917077921,12.629976467296187],[76.4077122972487,12.629747411391625],[76.40771724165263,12.629466498192043],[76.40789197323707,12.629243160781108],[76.40816841772937,12.629164583172138],[76.40843876946097,12.6292613458605],[76.40859760746544,12.629495724210807],[76.40858286264488,12.629776389725441],[76.40840045053616,12.629993765826809],[76.40815278993425,12.630064150631243]]]}"
00000000000000000050,Mandya,0.7355073748654637,MM-MD-0807,0.6000000000000001,0.5997999907823287,10.0,711.2964332103729,82.67409021621668,ESA_WorldCover_Cropland,0.2510055899620056,6.366140341764924,Krishnarajpet,22.48683727987455,Laxmipura,"{""type"":""Polygon"",""coordinates"":[[[76.41237487570264,12.63006420750392],[76.41210126535435,12.629976442488474],[76.41193439719471,12.629747472158671],[76.41193934143953,12.629466469238764],[76.41211406740017,12.629243210981894],[76.41239050299475,12.629164541353534],[76.41266084602444,12.62926130026804],[76.4128196789162,12.62949576456195],[76.41280493457026,12.62977634868949],[76.41262252833305,12.629993731343065],[76.41237487570264,12.63006420750392]]]}"
00000000000000000054,Mandya,0.7355073748666144,MM-MD-0858,0.6000000000000001,0.5570825261006938,10.0,711.2964332103729,82.67409021621668,ESA_WorldCover_Cropland,0.2510055899620056,6.729032928222703,Krishnarajpet,22.48683727987455,Laxmipura,"{""type"":""Polygon"",""coordinates"":[[[76.4063561108447,12.631591335334937],[76.40608257623747,12.631503566629142],[76.4059157004224,12.63127459243055],[76.4059205565999,12.630993672616956],[76.4060953788706,12.630770340384554],[76.40637182714762,12.630691680193754],[76.40664218258067,12.630788447189298],[76.40680093446633,12.631022824856677],[76.40678627773742,12.631303496853416],[76.40660386313121,12.631520872185243],[76.4063561108447,12.631591335334937]]]}"
00000000000000000058,Mandya,0.73550737486699,MM-MD-0882,0.6000000000000001,0.6242466571190727,10.0,711.2964332103729,82.67409021621668,ESA_WorldCover_Cropland,0.2510055899620056,6.695414178135545,Krishnarajpet,22.48683727987455,Laxmipura,"{""type"":""Polygon"",""coordinates"":[[[76.40644599394497,12.631142142058884],[76.4061723712311,12.631054455289418],[76.4060054955302,12.630825396611971],[76.40601043999845,12.630544482383018],[76.40618517385548,12.630321146085972],[76.40646162194335,12.630242571300885],[76.40673197719143,12.630339337421722],[76.40689081726194,12.630573718474682],[76.40687607224959,12.630854299262571],[76.40669365776819,12.631071759784486],[76.40644599394497,12.631142142058884]]]}"
0000000000000000005e,Mandya,0.7355073748669453,MM-MD-0942,0.6000000000000001,0.40561571956450027,10.0,711.2964332103729,82.67409021621668,ESA_WorldCover_Cropland,0.2510055899620056,6.965164104694641,Krishnarajpet,22.48683727987455,Laxmipura,"{""type"":""Polygon"",""coordinates"":[[[76.40420013410639,12.631681172878599],[76.40392659500634,12.631593401996664],[76.40375971645041,12.63136442760028],[76.40376466100327,12.631083428557554],[76.40393939784975,12.630860180602431],[76.40421585066744,12.63078152368862],[76.40448621054124,12.630878292770358],[76.40464496503459,12.631112670519364],[76.40463030806494,12.631393340561797],[76.40444789046236,12.631610712665655],[76.40420013410639,12.631681172878599]]]}"
0000000000000000005f,Mandya,0.7355073748662098,MM-MD-0961,0.6000000000000001,0.5502715989518643,10.0,711.2964332103729,82.67409021621668,ESA_WorldCover_Cropland,0.2510055899620056,6.315650322044468,Krishnarajpet,22.48683727987455,Laxmipura,"{""type"":""Polygon"",""coordinates"":[[[76.41147652400046,12.630603178552818],[76.4112030000685,12.630515416331702],[76.41103613076594,12.630286444616344],[76.41104098675393,12.63000552231605],[76.41121571391143,12.629782179040024],[76.41149223969,12.62970351544421],[76.41176258457145,12.629800276114828],[76.41192133026108,12.630034737203855],[76.41190667410423,12.630315326298325],[76.41172417832735,12.630532703717279],[76.41147652400046,12.630603178552818]]]}"
00000000000000000060,Mandya,0.7355073748661902,MM-MD-0964,0.6000000000000001,0.4195064278436927,10.0,711.2964332103729,82.67409021621668,ESA_WorldCover_Cropland,0.2510055899620056,6.330784812756458,Krishnarajpet,22.48683727987455,Laxmipura,"{""type"":""Polygon"",""coordinates"":[[[76.41066804635268,12.63060318928759],[76.41039452073471,12.630515426307715],[76.41022765040358,12.630286454605507],[76.41023250642151,12.630005533085217],[76.41040723465599,12.629782191052042],[76.4106837621391,12.629703528677458],[76.41095402039628,12.629800285517268],[76.41111285535523,12.630034751102173],[76.41109819910804,12.630315339381886],[76.41091570220617,12.630532715545888],[76.41066804635268,12.63060318928759]]]}"
00000000000000000061,Mandya,0.7355073748661357,MM-MD-0966,0.6000000000000001,0.5751769904321755,10.0,711.2964332103729,82.67409021621668,ESA_WorldCover_Cropland,0.2510055899620056,6.578724288385629,Krishnarajpet,22.48683727987455,Laxmipura,"{""type"":""Polygon"",""coordinates"":[[[76.4059968427103,12.630154016014112],[76.40572321906004,12.630066244858279],[76.40555634278806,12.629837274399861],[76.40556128727324,12.6295563630586],[76.40573602172822,12.629333028836552],[76.40601247076215,12.629254368860595],[76.40628282693547,12.629351133634769],[76.40644157925583,12.629585593155584],[76.4064269224868,12.629866175627107],[76.40624450738109,12.630083548500947],[76.4059968427103,12.630154016014112]]]}"
00000000000000000004,Mandya,0.7355073748669613,MM-MD-0056,0.65,0.44321214556031774,10.0,711.2964332103729,82.67409021621668,ESA_WorldCover_Cropland,0.2510055899620056,6.427195761699477,Krishnarajpet,22.48683727987455,Laxmipura,"{""type"":""Polygon"",""coordinates"":[[[76.41327313296146,12.628626898331362],[76.41299961277682,12.628539141154025],[76.41283274576031,12.62831017454374],[76.41283760168179,12.62802916977556],[76.41301241473492,12.627805831059952],[76.4132888484357,12.627727245392048],[76.41355918961327,12.627824000961699],[76.41371793312793,12.628058457001659],[76.41370327717189,12.628339043068136],[76.41352087218438,12.628556425214493],[76.41327313296146,12.628626898331362]]]}"
00000000000000000009,Mandya,0.7355073748676808,MM-MD-0067,0.65,0.6261166508023889,10.0,711.2964332103729,82.67409021621668,ESA_WorldCover_Cropland,0.2510055899620056,6.5184169523216005,Krishnarajpet,22.48683727987455,Laxmipura,"{""type"":""Polygon"",""coordinates"":[[[76.41147652400046,12.628626925113366],[76.4112030000685,12.628539166250196],[76.41103613076594,12.62831011402556],[76.41104098675393,12.628029196634735],[76.41121571391142,12.627805856128601],[76.41149223969,12.627727277725691],[76.41176258457145,12.62782403490105],[76.41192133026108,12.628058405169128],[76.41190667410423,12.62833907506895],[76.41172417832735,12.628556449874775],[76.41147652400046,12.628626925113366]]]}"
00000000000000000041,Mandya,0.7355073748659146,MM-MD-0642,0.65,0.5728032072611912,10.0,711.2964332103729,82.67409021621668,ESA_WorldCover_Cropland,0.2510055899620056,6.4156582705790655,Krishnarajpet,22.48683727987455,Laxmipura,"{""type"":""Polygon"",""coordinates"":[[[76.41390201532779,12.62853702241045],[76.4136284081661,12.628449347068388],[76.41346154194981,12.628220295036861],[76.41346648613705,12.627939380081312],[76.4136412100628,12.627716035972918],[76.4139176424379,12.627637449335305],[76.41418798231894,12.62773420418418],[76.41434681336074,12.627968578940978],[76.41433206918653,12.628249246513933],[76.41414966507382,12.628466629517133],[76.41390201532779,12.62853702241045]]]}"
00000000000000000047,Mandya,0.7355073748667645,MM-MD-0728,0.65,0.5981990835872845,10.0,711.2964332103729,82.67409021621668,ESA_WorldCover_Cropland,0.2510055899620056,6.4,Krishnarajpet,22.48683727987455,Laxmipura,"{""type"":""Polygon"",""coordinates"":[[[76.41327313296146,12.627908257217213],[76.41299961277682,12.627820501260924],[76.41283274576031,12.627591536517848],[76.41283760168179,12.627310533535674],[76.41301241473492,12.627087195827297],[76.4132888484357,12.627008609995482],[76.41355918961327,12.627105364294138],[76.41371793312793,12.627339732807611],[76.41370327717189,12.627620402758097],[76.41352087218438,12.627837783953701],[76.41327313296146,12.627908257217213]]]}"
00000000000000000049,Mandya,0.7355073748664732,MM-MD-0750,0.65,0.4882026227223735,10.0,711.2964332103729,82.67409021621668,ESA_WorldCover_Cropland,0.2510055899620056,6.415653077122827,Krishnarajpet,22.48683727987455,Laxmipura,"{""type"":""Polygon"",""coordinates"":[[[76.41318334282819,12.628537052430904],[76.4129097341668,12.628449290769662],[76.41274286703593,12.628220324394292],[76.41274781125027,12.627939324488333],[76.41292253613368,12.627716067128384],[76.41319897002394,12.627637395931917],[76.41346931138682,12.627734151422985],[76.41362814329925,12.62796861177301],[76.41361348733318,12.628249197529021],[76.41343099393167,12.628466660509552],[76.41318334282819,12.628537052430904]]]}"
00000000000000000062,Mandya,0.7355073748660182,MM-MD-0990,0.65,0.4303356524327905,10.0,711.2964332103729,82.67409021621668,ESA_WorldCover_Cropland,0.2510055899620056,6.46588076443706,Krishnarajpet,22.48683727987455,Laxmipura,"{""type"":""Polygon"",""coordinates"":[[[76.4130036740878,12.62889640265216],[76.41273006505152,12.628808640211568],[76.412563197692,12.628579672905486],[76.41256814191311,12.628298672280058],[76.41274286703593,12.628075329048778],[76.41301930130497,12.627996743849272],[76.41328964303828,12.628093500136451],[76.41344847516835,12.628327961415298],[76.4134338191822,12.628608547870135],[76.41325132553062,12.6288259254026],[76.4130036740878,12.62889640265216]]]}"
00000000000000000013,Mandya,0.7355073748656898,MM-MD-0219,0.6907141002337062,0.37452402896923903,10.0,711.2964332103729,82.67409021621668,ESA_WorldCover_Cropland,0.25631850957870483,6.3,Krishnarajpet,22.48683727987455,Laxmipura,"{""type"":""Polygon"",""coordinates"":[[[76.40878160855983,12.625123414876299],[76.40850799071612,12.625035740526783],[76.40834111798534,12.624806697454721],[76.40834606236561,12.624525795922613],[76.40852079311264,12.624302464470961],[76.40879723628005,12.624223799144021],[76.40906758671592,12.624320552529701],[76.4092264239591,12.624555003620321],[76.4092116792092,12.624835657668177],[76.40902926797477,12.625053028209468],[76.40878160855983,12.625123414876299]]]}"
00000000000000000014,Mandya,0.7355073748663657,MM-MD-0221,0.5670769710190087,0.5745272241636903,10.0,711.2964332103729,82.67409021621668,ESA_WorldCover_Cropland,0.25631850957870483,6.3,Krishnarajpet,22.48683727987455,Laxmipura,"{""type"":""Polygon"",""coordinates"":[[[76.40959009783444,12.625752258440523],[76.40931648167691,12.625664498140178],[76.40914960997446,12.625435539060627],[76.40915455432425,12.625154549544694],[76.40932928399452,12.624931301609166],[76.40960572545835,12.624852635204642],[76.40987607422811,12.624949388980585],[76.41003491049239,12.62518384177715],[76.41002016583337,12.6254644125398],[76.40983775572312,12.625681870809021],[76.40959009783444,12.625752258440523]]]}"
0000000000000000001a,Mandya,0.735507374866364,MM-MD-0271,0.5783150677816452,0.5225040953185998,10.0,711.2964332103729,82.67409021621668,ESA_WorldCover_Cropland,0.25631850957870483,6.3,Krishnarajpet,22.48683727987455,Laxmipura,"{""type"":""Polygon"",""coordinates"":[[[76.40339169992235,12.625662428361364],[76.40311815913795,12.625574666952264],[76.40295127955446,12.625345708210256],[76.40295613584163,12.625064720348997],[76.40313087376417,12.624841396427742],[76.40340732828437,12.624762825000365],[76.40367768982321,12.624859584155077],[76.4038365335898,12.625093950634303],[76.40382178823435,12.625374600565099],[76.40363936950833,12.625592049094376],[76.40339169992235,12.625662428361364]]]}"
0000000000000000001b,Mandya,0.7355073748664643,MM-MD-0277,0.6074555936428799,0.6124474788585798,10.0,711.2964332103729,82.67409021621668,ESA_WorldCover_Cropland,0.25631850957870483,6.2212838890620095,Krishnarajpet,22.48683727987455,Laxmipura,"{""type"":""Polygon"",""coordinates"":[[[76.40186452626426,12.625931934176014],[76.40159098229846,12.625844170876181],[76.40142410077416,12.625615211459525],[76.40142904541496,12.62533422895871],[76.4016037853696,12.625110907007642],[76.4018802431049,12.625032337947435],[76.40215060778807,12.625129098943399],[76.40230936510554,12.62536346146468],[76.40229470787514,12.62564411507014],[76.40211219873082,12.625861471390673],[76.40186452626426,12.625931934176014]]]}"
0000000000000000001d,Mandya,0.7355073748660493,MM-MD-0285,0.552921319137887,0.5213968926812537,10.0,711.2964332103729,82.67409021621668,ESA_WorldCover_Cropland,0.25631850957870483,6.3,Krishnarajpet,22.48683727987455,Laxmipura,"{""type"":""Polygon"",""coordinates"":[[[76.40321201777344,12.625482822227506],[76.4029384766147,12.625395060955235],[76.40277159680284,12.62516601704425],[76.40277645309665,12.624885115441893],[76.40295127955446,12.62466179660356],[76.4032277344528,12.62458313976765],[76.4034980080657,12.624679894210164],[76.40365685204968,12.62491434584462],[76.40364210667404,12.625194909514953],[76.40345968769836,12.625412357527429],[76.40321201777344,12.625482822227506]]]}"
00000000000000000023,Mandya,0.7355073748662289,MM-MD-0341,0.6011737211113991,0.656926599150908,10.0,711.2964332103729,82.67409021621668,ESA_WorldCover_Cropland,0.25631850957870483,6.317579849389774,Krishnarajpet,22.48683727987455,Laxmipura,"{""type"":""Polygon"",""coordinates"":[[[76.40644599394497,12.62557264674094],[76.4061723712311,12.625484883795515],[76.4060054955302,12.62525583959548],[76.40601043999845,12.624974939202163],[76.40618517385548,12.624751610711067],[76.40646162194335,12.624672949012702],[76.40673197719143,12.624769790919432],[76.40689072896846,12.62500415282745],[76.4068760722496,12.62528481017318],[76.40669365776819,12.62550217768442],[76.40644599394497,12.62557264674094]]]}"
0000000000000000002f,Mandya,0.7355073748663258,MM-MD-0437,0.6850966033032101,0.4243070704773755,10.0,711.2964332103729,82.67409021621668,ESA_WorldCover_Cropland,0.25631850957870483,6.3221668224784535,Krishnarajpet,22.48683727987455,Laxmipura,"{""type"":""Polygon"",""coordinates"":[[[76.4096798904278,12.624943812666027],[76.40940636274934,12.624856058376762],[76.4092394911612,12.624627015756605],[76.4092443472157,12.624346109251471],[76.40941907676638,12.624122776671054],[76.40969560633259,12.624044200139169],[76.40996586662571,12.624140947852519],[76.41012470278126,12.624375312896033],[76.41011004642367,12.624655971961761],[76.40992754814694,12.624873339106987],[76.4096798904278,12.624943812666027]]]}"
00000000000000000034,Mandya,0.7355073748665881,MM-MD-0510,0.5658754479821333,0.5771326446086487,10.0,711.2964332103729,82.67409021621668,ESA_WorldCover_Cropland,0.25631850957870483,6.2457019685243855,Krishnarajpet,22.48683727987455,Laxmipura,"{""type"":""Polygon"",""coordinates"":[[[76.4020442102571,12.625572614109567],[76.40177066666558,12.625484851589242],[76.4016037853696,12.625255893103569],[76.40160873000364,12.624974911322296],[76.4017834697192,12.624751589598663],[76.40205992707624,12.62467302018493],[76.4023302030929,12.624769775829309],[76.40248904848968,12.625004141977051],[76.4024743029829,12.625284790328159],[76.40229188238476,12.625502151007673],[76.4020442102571,12.625572614109567]]]}"
00000000000000000037,Mandya,0.7355073748657196,MM-MD-0549,0.6798150841471018,0.36746240684896875,10.0,711.2964332103729,82.67409021621668,ESA_WorldCover_Cropland,0.25631850957870483,6.394161645543324,Krishnarajpet,22.48683727987455,Laxmipura,"{""type"":""Polygon"",""coordinates"":[[[76.4096798904278,12.624674301681491],[76.40940636274934,12.62458654785033],[76.4092394911612,12.624357591571039],[76.4092443472157,12.624076600095623],[76.40941907676638,12.623853267893193],[76.40969560633259,12.62377469129973],[76.40996586662571,12.623871438536336],[76.41012470278126,12.624105802873588],[76.41011004642367,12.624386461278922],[76.40992754814694,12.62460382806754],[76.4096798904278,12.624674301681491]]]}"
00000000000000000039,Mandya,0.7355073748660101,MM-MD-0570,0.5567444034695889,0.5614031651343949,10.0,711.2964332103729,82.67409021621668,ESA_WorldCover_Cropland,0.25631850957870483,6.3,Krishnarajpet,22.48683727987455,Laxmipura,"{""type"":""Polygon"",""coordinates"":[[[76.4096798904278,12.625842101644727],[76.40940636274934,12.62575434582865],[76.4092394911612,12.62552538651409],[76.4092443472157,12.62524439213541],[76.40941907676638,12.625021058295278],[76.40969560633259,12.624942481968672],[76.40996586662571,12.625039231270978],[76.41012470278126,12.625273684309429],[76.41011004642367,12.625554259935045],[76.40992754814694,12.625771713910172],[76.4096798904278,12.625842101644727]]]}"
0000000000000000003e,Mandya,0.7355073748666919,MM-MD-0613,0.5271981303557521,0.5163229733443727,10.0,711.2964332103729,82.67409021621668,ESA_WorldCover_Cropland,0.25631850957870483,6.3,Krishnarajpet,22.48683727987455,Laxmipura,"{""type"":""Polygon"",""coordinates"":[[[76.40258317246403,12.625303081473097],[76.40230962999523,12.6252154055554],[76.40214274938417,12.624986362122417],[76.40214769399792,12.6247054661288],[76.40232243299631,12.624482143954227],[76.40259888921865,12.624403488026896],[76.40286925242216,12.624500247267877],[76.40302800887076,12.624734693831511],[76.40301335172059,12.62501526098246],[76.40283093187134,12.625232707781036],[76.40258317246403,12.625303081473097]]]}"
00000000000000000042,Mandya,0.7355073748663519,MM-MD-0657,0.5974500129836415,0.5659400397250117,10.0,711.2964332103729,82.67409021621668,ESA_WorldCover_Cropland,0.25631850957870483,6.382420150610226,Krishnarajpet,22.48683727987455,Laxmipura,"{""type"":""Polygon"",""coordinates"":[[[76.40437981490295,12.625842118142042],[76.40410627617729,12.625754357354294],[76.40393939784975,12.6255253981285],[76.40394434239585,12.625244413421068],[76.40411907900318,12.625021087728538],[76.4043955314425,12.62494251485038],[76.40466589094625,12.625039273440239],[76.40482464522228,12.625273635906463],[76.4048099882727,12.625554291828847],[76.4046274826248,12.625771651935564],[76.40437981490295,12.625842118142042]]]}"
00000000000000000043,Mandya,0.7355073748652873,MM-MD-0674,0.5974497480912074,0.5766747878460928,10.0,711.2964332103729,82.67409021621668,ESA_WorldCover_Cropland,0.25631850957870483,6.270965563808242,Krishnarajpet,22.48683727987455,Laxmipura,"{""type"":""Polygon"",""coordinates"":[[[76.40222389400408,12.625842141857786],[76.40195035078685,12.625754379047715],[76.4017834697192,12.625525334219484],[76.40178832604958,12.625244432678064],[76.40196306552616,12.625021110300441],[76.40223952250508,12.624942455038683],[76.40250988644854,12.625039215554594],[76.40266864333164,12.625273663505068],[76.40265398614135,12.625554231613773],[76.40247156579284,12.625771678567903],[76.40222389400408,12.625842141857786]]]}"
00000000000000000048,Mandya,0.7355073748663468,MM-MD-0734,0.5783161940376034,0.5343225942645111,10.0,711.2964332103729,82.67409021621668,ESA_WorldCover_Cropland,0.25631850957870483,6.358709878466809,Krishnarajpet,22.48683727987455,Laxmipura,"{""type"":""Polygon"",""coordinates"":[[[76.40420013410639,12.625662426176778],[76.40392659500634,12.62557466552599],[76.40375971645041,12.62534570677031],[76.40376466100327,12.62506472268309],[76.40393939784975,12.62484139751874],[76.40421585066744,12.624762824870748],[76.40448621054124,12.624859583303142],[76.40464496503459,12.625093945285657],[76.40463030806494,12.62537460058657],[76.40444789046236,12.625592050370951],[76.40420013410639,12.625662426176778]]]}"
0000000000000000004a,Mandya,0.7355073748672538,MM-MD-0755,0.5658824140438359,0.5064755255455039,10.0,711.2964332103729,82.67409021621668,ESA_WorldCover_Cropland,0.25631850957870483,6.3,Krishnarajpet,22.48683727987455,Laxmipura,"{""type"":""Polygon"",""coordinates"":[[[76.4031222207548,12.625572649864415],[76.40284867940895,12.625484888355187],[76.40268179948298,12.625255844212184],[76.4026866557801,12.624974942473264],[76.40286139406128,12.624751619092212],[76.40313784914888,12.624672962412506],[76.40340821124263,12.624769721648926],[76.40356696703954,12.62500416895771],[76.40355230994953,12.625284737312185],[76.40336989084909,12.625502185304166],[76.4031222207548,12.625572649864415]]]}"
00000000000000000056,Mandya,0.7355073748659678,MM-MD-0878,0.5559078633011321,0.5988300505745202,10.0,711.2964332103729,82.67409021621668,ESA_WorldCover_Cropland,0.25631850957870483,6.341290121533188,Krishnarajpet,22.48683727987455,Laxmipura,"{""type"":""Polygon"",""coordinates"":[[[76.40626631597677,12.62629123807218],[76.40599278118238,12.626203563931151],[76.40582590525315,12.62597451786566],[76.40583076143398,12.625693611305861],[76.4060054955302,12.625470282083363],[76.40628194399655,12.625391620819974],[76.40655229961475,12.625488378519167],[76.40671113990275,12.625722832491324],[76.40669639487021,12.62600340122222],[76.40651398013907,12.626220855046158],[76.40626631597677,12.62629123807218]]]}"
00000000000000000057,Mandya,0.7355073748666808,MM-MD-0879,0.5784935348185082,0.691428346143959,10.0,711.2964332103729,82.67409021621668,ESA_WorldCover_Cropland,0.25631850957870483,6.389666095445806,Krishnarajpet,22.48683727987455,Laxmipura,"{""type"":""Polygon"",""coordinates"":[[[76.40590695930241,12.626291286535713],[76.4056334237591,12.62620352641689],[76.40546654737297,12.625974565997913],[76.40547140356709,12.625693574144755],[76.40564622643605,12.625470250028867],[76.40592267565913,12.625391674947913],[76.40619294372344,12.625488428414311],[76.40635178444637,12.625722796720586],[76.40633712766733,12.626003455283533],[76.40615462414283,12.626220818355051],[76.40590695930241,12.626291286535713]]]}"
0000000000000000005a,Mandya,0.7355073748663885,MM-MD-0917,0.6501324468913929,0.5408468250694206,10.0,711.2964332103729,82.67409021621668,ESA_WorldCover_Cropland,0.25631850957870483,6.417415467719319,Krishnarajpet,22.48683727987455,Laxmipura,"{""type"":""Polygon"",""coordinates"":[[[76.41039858212636,12.625213297608134],[76.41012496765518,12.625125538982696],[76.40995809698116,12.624896581290487],[76.40996304130047,12.624615592333601],[76.4101377698939,12.624392258270582],[76.41041420965396,12.624313676163313],[76.41068455675746,12.624410428263424],[76.41084339204274,12.624644794064128],[76.41082864747462,12.624925449962795],[76.41064623848862,12.625142823131933],[76.41039858212636,12.625213297608134]]]}"
0000000000000000005c,Mandya,0.7355073748668733,MM-MD-0923,0.5658736754622903,0.6638244727960176,10.0,711.2964332103729,82.67409021621668,ESA_WorldCover_Cropland,0.25631850957870483,6.4,Krishnarajpet,22.48683727987455,Laxmipura,"{""type"":""Polygon"",""coordinates"":[[[76.40518833129666,12.625572608323534],[76.40491479425575,12.625484848752372],[76.404747916956,12.625255890213475],[76.40475277317671,12.624974900840732],[76.40492750870797,12.624751574283163],[76.40520395944479,12.624673000122936],[76.40547431728348,12.624769757513613],[76.40563315887611,12.62500412388547],[76.40561841372246,12.625284775408891],[76.40543599749306,12.625502140968281],[76.40518833129666,12.625572608323534]]]}"
00000000000000000012,Mandya,0.7355073748669947,MM-MD-0197,0.5,0.5925323036875146,10.0,711.2964332103729,82.67409021621668,ESA_WorldCover_Cropland,0.25631850957870483,6.336865066999072,Krishnarajpet,22.48683727987455,Laxmipura,"{""type"":""Polygon"",""coordinates"":[[[76.40375097518687,12.62476410899974],[76.40347743515099,12.624676349454985],[76.40331055602412,12.624447393042058],[76.4033155005939,12.624166411621738],[76.4034902380382,12.62394308840747],[76.4037666918017,12.62386451623213],[76.4040370526005,12.623961273476],[76.40419580763701,12.624195633072393],[76.4041811506172,12.624476285719219],[76.40399873239052,12.6246937336171],[76.40375097518687,12.62476410899974]]]}"
00000000000000000016,Mandya,0.7355073748671165,MM-MD-0228,0.5,0.6294158178623787,10.0,711.2964332103729,82.67409021621668,ESA_WorldCover_Cropland,0.25631850957870483,6.418690278354796,Krishnarajpet,22.48683727987455,Laxmipura,"{""type"":""Polygon"",""coordinates"":[[[76.40420013410639,12.624584484694639],[76.40392659500634,12.624496725876561],[76.40375971645041,12.62426768428447],[76.40376466100327,12.6239867885153],[76.40393939784975,12.623763464862355],[76.40421585066744,12.62368480632972],[76.40448621054124,12.623781562854317],[76.40464496503459,12.624016007650532],[76.40463030806494,12.624296660310213],[76.40444789046236,12.624514023028617],[76.40420013410639,12.624584484694639]]]}"
00000000000000000052,Mandya,0.7355073748657516,MM-MD-0819,0.5,0.5339763157216246,10.0,711.2964332103729,82.67409021621668,ESA_WorldCover_Cropland,0.25631850957870483,6.3110834112392284,Krishnarajpet,22.48683727987455,Laxmipura,"{""type"":""Polygon"",""coordinates"":[[[76.40303233537864,12.624943789848642],[76.40275879384554,12.624856029324347],[76.40259191380531,12.62462707245653],[76.40259685840215,12.624346091283764],[76.40277159680284,12.624122768922449],[76.4030480520795,12.62404419787308],[76.40331841435815,12.624140956076923],[76.40347717026364,12.62437531609263],[76.40346251316362,12.624655968454906],[76.4032800939384,12.624873329836296],[76.40303233537864,12.624943789848642]]]}"
0000000000000000001c,Mandya,0.7355073748660709,MM-MD-0280,0.6000000000000001,0.5064309857760103,10.0,711.2964332103729,82.67409021621668,ESA_WorldCover_Cropland,0.25631850957870483,6.3,Krishnarajpet,22.48683727987455,Laxmipura,"{""type"":""Polygon"",""coordinates"":[[[76.4027628554735,12.62611162287159],[76.40248931337901,12.626023860108887],[76.40232243299631,12.625794900209915],[76.40232737760329,12.6255139163946],[76.40250211636258,12.625290592810366],[76.40277857220661,12.62521193679609],[76.4030488467441,12.625308778391396],[76.4032076912715,12.625543146002954],[76.40319303414138,12.625823800954775],[76.40301052624567,12.626041158907652],[76.4027628554735,12.62611162287159]]]}"
0000000000000000005d,Mandya,0.73550737486681,MM-MD-0936,0.6000000000000001,0.5415849164659404,10.0,711.2964332103729,82.67409021621668,ESA_WorldCover_Cropland,0.25631850957870483,6.302742002492738,Krishnarajpet,22.48683727987455,Laxmipura,"{""type"":""Polygon"",""coordinates"":[[[76.40375097518687,12.625931972288654],[76.40347743515099,12.625844210758281],[76.40331055602412,12.62561516567016],[76.4033155005939,12.625334266986217],[76.4034902380382,12.62511094213455],[76.4037666918017,12.625032284587224],[76.4040370526005,12.625129043897752],[76.40419580763701,12.625363492193596],[76.4041811506172,12.625644062062245],[76.40399873239052,12.62586151150608],[76.40375097518687,12.625931972288654]]]}"
0000000000000000002b,Mandya,0.7355073748665696,MM-MD-0403,0.65,0.6309764874204674,10.0,711.2964332103729,82.67409021621668,ESA_WorldCover_Cropland,0.25631850957870483,6.5,Krishnarajpet,22.48683727987455,Laxmipura,"{""type"":""Polygon"",""coordinates"":[[[76.41111718159657,12.62593196835238],[76.4108436569152,12.625844213731833],[76.41067678715547,12.625615168518348],[76.41068164315676,12.625334258170563],[76.41085645908376,12.62511092654715],[76.41113289732915,12.625032343518999],[76.41140324295132,12.625129096248415],[76.4115619890759,12.62536345943145],[76.41154733287891,12.625644122367289],[76.41136492489245,12.62586149760266],[76.41111718159657,12.62593196835238]]]}"
0000000000000000002d,Mandya,0.7355073748672445,MM-MD-0420,0.7000000000000001,0.510389619265708,10.0,711.2964332103729,82.67409021621668,ESA_WorldCover_Cropland,0.25631850957870483,6.3433676119248,Krishnarajpet,22.48683727987455,Laxmipura,"{""type"":""Polygon"",""coordinates"":[[[76.40725440931777,12.624853940491542],[76.40698087658284,12.62476618408005],[76.40681400190999,12.62453722737445],[76.40681894634778,12.624256242346931],[76.40699367912835,12.624032913620743],[76.40727012551311,12.623954336177311],[76.40754047909553,12.624051090450452],[76.40769922989448,12.624285536172783],[76.40768457326593,12.62456610693316],[76.40750215990838,12.624783560387979],[76.40725440931777,12.624853940491542]]]}"
